url,label,url_length,hostname_length,path_length,query_length,digit_count,digit_ratio,special_char_count,hyphen_count,dot_count,slash_count,entropy,has_ip_address,subdomain_count,hostname_hyphen_count,hostname_digit_count,is_known_shortener,has_punycode,homoglyph_char_ratio,percent_encoded_count,brand_token_in_subdomain_or_path,tld_length,is_suspicious_tld,uses_https,has_at_symbol,has_port,has_double_slash_redirect
http://10.0.137.190/apple/billing.php,1,37,12,18,0,9,0.24324324324324326,0,0,4,4,3.9156,1,0,0,9,0,0,0.6666666666666666,0,1,3,0,0,0,0,0
http://microsoft-secure-login.click/login,1,41,28,6,0,0,0.0,0,2,1,3,4.1316,0,0,2,0,0,0,0.18518518518518517,0,0,5,1,0,0,0,0
https://www.amazon.com/docs/api?ref=97542,0,41,14,9,9,5,0.12195121951219512,2,0,2,4,4.5218,0,1,0,0,0,0,0.16666666666666666,0,0,3,0,1,0,0,0
http://amazon.id.amazon.session.tk/login.php?id=5889,1,52,27,10,7,4,0.07692307692307693,2,0,5,3,4.3037,0,3,0,0,0,0,0.13043478260869565,0,1,2,1,0,0,0,0
http://45.33.251.21/amazon/verify.php,1,37,12,18,0,9,0.24324324324324326,0,0,4,4,4.2701,1,0,0,9,0,0,0.2222222222222222,0,1,2,0,0,0,0,0
https://www.linkedin.com/docs/api,0,33,16,9,0,0,0.0,0,0,2,4,4.0289,0,1,0,0,0,0,0.14285714285714285,0,0,3,0,1,0,0,0
http://bit.ly/002g3yu,1,21,6,8,0,4,0.19047619047619047,0,0,1,3,3.749,0,0,0,0,1,0,0.2,0,0,2,0,0,0,0,0
https://www.google.com/about?ref=51723,0,38,14,6,9,5,0.13157894736842105,2,0,2,3,4.5041,0,1,0,0,0,0,0.3333333333333333,0,0,3,0,1,0,0,0
http://verify.id.irs.session.top/verify.php?id=5190,1,51,25,11,7,4,0.0784313725490196,2,0,5,3,4.2187,0,3,0,0,0,0,0.09523809523809523,0,1,3,1,0,0,0,0
https://www.gov.uk,0,18,10,0,0,0,0.0,0,0,2,2,3.5724,0,1,0,0,0,0,0.125,0,0,2,0,1,0,0,0
https://xn--ama-16d.com/confirm,1,31,15,8,0,2,0.06451612903225806,0,3,1,3,4.1715,0,0,3,2,0,1,0.14285714285714285,0,0,3,0,1,0,0,0
http://verify.session.id.id.buzz/verify.php?id=2705,1,51,25,11,7,4,0.0784313725490196,2,0,5,3,4.4,0,3,0,0,0,0,0.047619047619047616,0,0,4,1,0,0,0,0
http://webscr.secure.dhl.secure.tk/webscr.php?id=3979,1,53,27,11,7,4,0.07547169811320754,2,0,5,3,4.2159,0,3,0,0,0,0,0.043478260869565216,0,1,2,1,0,0,0,0
http://10.0.143.111/instagram/update.php,1,40,12,21,0,9,0.225,0,0,4,4,4.0128,1,0,0,9,0,0,0.7777777777777778,0,1,3,0,0,0,0,0
https://xn--coi-34d.com/update,1,30,15,7,0,2,0.06666666666666667,0,3,1,3,4.1647,0,0,3,2,0,1,0.14285714285714285,0,0,3,0,1,0,0,0
http://amazon-account-billing.gq/billing,1,40,25,8,0,0,0.0,0,2,1,3,4.0464,0,0,2,0,0,0,0.16666666666666666,0,0,2,1,0,0,0,0
https://www.netflix.com/,0,24,15,1,0,0,0.0,0,0,2,3,3.9073,0,1,0,0,0,0,0.15384615384615385,0,0,3,0,1,0,0,0
https://www.spotify.com/en/help?ref=1336,0,40,15,8,8,4,0.1,2,0,2,4,4.3464,0,1,0,0,0,0,0.15384615384615385,0,0,3,0,1,0,0,0
https://xn--irs-87d.com/billing,1,31,15,8,0,2,0.06451612903225806,0,3,1,3,4.236,0,0,3,2,0,1,0.07142857142857142,0,0,3,0,1,0,0,0
https://www.apple.com/?ref=73910,0,32,13,1,9,5,0.15625,2,0,2,3,4.3667,0,1,0,0,0,0,0.18181818181818182,0,0,3,0,1,0,0,0
https://www.abc.net.au/en/help?ref=32685,0,40,14,8,9,5,0.125,2,0,3,4,4.3653,0,2,0,0,0,0,0.0,0,0,2,0,1,0,0,0
http://104.21.6.85/netflix/webscr.php,1,37,11,19,0,8,0.21621621621621623,0,0,4,4,4.3578,1,0,0,8,0,0,0.375,0,1,2,0,0,0,0,0
http://chase-id-confirm.win/confirm,1,35,20,8,0,0,0.0,0,2,1,3,4.0931,0,0,2,0,0,0,0.05263157894736842,0,0,3,1,0,0,0,0
http://instagram-account-secure.win/secure,1,42,28,7,0,0,0.0,0,2,1,3,4.0464,0,0,2,0,0,0,0.037037037037037035,0,0,3,1,0,0,0,0
https://www.stackoverflow.com/products/laptop?ref=8456,0,54,21,16,8,4,0.07407407407407407,2,0,2,4,4.4311,0,1,0,0,0,0,0.21052631578947367,0,0,3,0,1,0,0,0
http://bit.ly/snglh62,1,21,6,8,0,2,0.09523809523809523,0,0,1,3,3.749,0,0,0,0,1,0,0.2,0,0,2,0,0,0,0,0
https://xn--out-35d.com/webscr,1,30,15,7,0,2,0.06666666666666667,0,3,1,3,4.2314,0,0,3,2,0,1,0.14285714285714285,0,0,3,0,1,0,0,0
https://www.dropbox.com/user/profile,0,36,15,13,0,0,0.0,0,0,2,4,4.107,0,1,0,0,0,0,0.23076923076923078,0,0,3,0,1,0,0,0
http://irs-login-update.click/update,1,36,22,7,0,0,0.0,0,2,1,3,4.1626,0,0,2,0,0,0,0.14285714285714285,0,0,5,1,0,0,0,0
http://secure.secure.id.irs.xyz/signin.php?id=5770,1,50,24,11,7,4,0.08,2,0,5,3,4.2942,0,3,0,0,0,0,0.0,0,0,3,1,0,0,0,0
http://irs-id-secure.loan/secure,1,32,18,7,0,0,0.0,0,2,1,3,3.9917,0,0,2,0,0,0,0.11764705882352941,0,0,4,1,0,0,0,0
https://xn--cha-44d.com/webscr,1,30,15,7,0,2,0.06666666666666667,0,3,1,3,4.1647,0,0,3,2,0,1,0.07142857142857142,0,0,3,0,1,0,0,0
http://bit.ly/05qpahk,1,21,6,8,0,2,0.09523809523809523,0,0,1,3,3.749,0,0,0,0,1,0,0.2,0,0,2,0,0,0,0,0
http://irs-secure-secure.loan/secure,1,36,22,7,0,0,0.0,0,2,1,3,3.7873,0,0,2,0,0,0,0.09523809523809523,0,0,4,1,0,0,0,0
https://www.nytimes.com/products/laptop?ref=28801,0,49,15,16,9,5,0.10204081632653061,2,0,2,4,4.5152,0,1,0,0,0,0,0.07692307692307693,0,0,3,0,1,0,0,0
https://www.spotify.com/en/help,0,31,15,8,0,0,0.0,0,0,2,4,3.9134,0,1,0,0,0,0,0.15384615384615385,0,0,3,0,1,0,0,0
http://secure.session.microsoft.confirm.top/confirm.php?id=3384,1,63,36,12,7,4,0.06349206349206349,2,0,5,3,4.2295,0,3,0,0,0,0,0.15625,0,1,3,1,0,0,0,0
http://bit.ly/jjfgjk2,1,21,6,8,0,1,0.047619047619047616,0,0,1,3,3.713,0,0,0,0,1,0,0.2,0,0,2,0,0,0,0,0
https://xn--dhl-44d.com/confirm,1,31,15,8,0,2,0.06451612903225806,0,3,1,3,4.1313,0,0,3,2,0,1,0.14285714285714285,0,0,3,0,1,0,0,0
http://session.update.secure.amazon.info/update.php?id=9980,1,59,33,11,7,4,0.06779661016949153,2,0,5,3,4.3342,0,3,0,0,0,0,0.10344827586206896,0,0,4,1,0,0,0,0
https://www.wikipedia.org/?ref=96448,0,36,17,1,9,5,0.1388888888888889,2,0,2,3,4.3502,0,1,0,0,0,0,0.06666666666666667,0,0,3,0,1,0,0,0
http://bit.ly/4x0qzfh,1,21,6,8,0,2,0.09523809523809523,0,0,1,3,3.8442,0,0,0,0,1,0,0.2,0,0,2,0,0,0,0,0
https://www.github.com/search?q=news,0,36,14,7,6,0,0.0,2,0,2,3,4.2527,0,1,0,0,0,0,0.08333333333333333,0,0,3,0,1,0,0,0
https://www.bbc.co.uk/en/help?ref=23871,0,39,13,8,9,5,0.1282051282051282,2,0,3,4,4.4581,0,2,0,0,0,0,0.1,0,0,2,0,1,0,0,0
https://www.amazon.com?ref=91357,0,32,14,0,9,5,0.15625,2,0,2,2,4.4764,0,1,0,0,0,0,0.16666666666666666,0,0,3,0,1,0,0,0
https://www.commbank.com.au/en/help?ref=43176,0,45,19,8,9,5,0.1111111111111111,2,0,3,4,4.5803,0,2,0,0,0,0,0.125,0,0,2,0,1,0,0,0
http://session.reset-password.id.session.info/reset-password.php?id=6633,1,72,38,19,7,4,0.05555555555555555,2,2,5,3,4.08,0,3,1,0,0,0,0.11764705882352941,0,0,4,1,0,0,0,0
https://www.unimelb.edu.au/en/help,0,34,18,8,0,0,0.0,0,0,3,4,3.9032,0,2,0,0,0,0,0.06666666666666667,0,0,2,0,1,0,0,0
https://www.amazon.com/blog/2026/update,0,39,14,17,0,4,0.10256410256410256,0,0,2,5,4.2949,0,1,0,0,0,0,0.16666666666666666,0,0,3,0,1,0,0,0
http://session.id.id.outlook.buzz/login.php?id=2897,1,51,26,10,7,4,0.0784313725490196,2,0,5,3,4.3273,0,3,0,0,0,0,0.22727272727272727,0,0,4,1,0,0,0,0
http://10.0.62.50/apple/reset-password.php,1,42,10,25,0,7,0.16666666666666666,0,1,4,4,4.0464,1,0,0,7,0,0,0.5714285714285714,0,1,2,0,0,0,0,0
https://xn--mic-88d.com/confirm,1,31,15,8,0,2,0.06451612903225806,0,3,1,3,4.0181,0,0,3,2,0,1,0.07142857142857142,0,0,3,0,1,0,0,0
https://xn--dhl-13d.com/webscr,1,30,15,7,0,2,0.06666666666666667,0,3,1,3,4.2566,0,0,3,2,0,1,0.21428571428571427,0,0,3,0,1,0,0,0
https://www.dropbox.com/search?q=news,0,37,15,7,6,0,0.0,2,0,2,3,4.2293,0,1,0,0,0,0,0.23076923076923078,0,0,3,0,1,0,0,0
https://www.apple.com/en/help?ref=88562,0,39,13,8,9,5,0.1282051282051282,2,0,2,4,4.2917,0,1,0,0,0,0,0.18181818181818182,0,0,3,0,1,0,0,0
http://instagram-secure-verify.click/verify,1,43,29,7,0,0,0.0,0,2,1,3,4.2573,0,0,2,0,0,0,0.03571428571428571,0,0,5,1,0,0,0,0
https://www.netflix.com/user/profile,0,36,15,13,0,0,0.0,0,0,2,4,4.107,0,1,0,0,0,0,0.15384615384615385,0,0,3,0,1,0,0,0
http://session.instagram.id.session.icu/update.php?id=3913,1,58,32,11,7,4,0.06896551724137931,2,0,5,3,4.2279,0,3,0,0,0,0,0.07142857142857142,0,1,3,1,0,0,0,0
https://www.spotify.com/user/profile,0,36,15,13,0,0,0.0,0,0,2,4,4.0095,0,1,0,0,0,0,0.15384615384615385,0,0,3,0,1,0,0,0
https://www.linkedin.com/user/profile?ref=10099,0,47,16,13,9,5,0.10638297872340426,2,0,2,4,4.4851,0,1,0,0,0,0,0.14285714285714285,0,0,3,0,1,0,0,0
http://45.33.153.5/instagram/login.php,1,38,11,20,0,8,0.21052631578947367,0,0,4,4,4.0632,1,0,0,8,0,0,0.125,0,1,1,0,0,0,0,0
https://www.commbank.com.au/blog/2026/update?ref=40691,0,54,19,17,9,9,0.16666666666666666,2,0,3,5,4.7153,0,2,0,0,0,0,0.125,0,0,2,0,1,0,0,0
http://45.33.100.121/coinbase/account.php,1,41,13,21,0,10,0.24390243902439024,0,0,4,4,4.2107,1,0,0,10,0,0,0.5,0,1,3,0,0,0,0,0
https://www.linkedin.com/en/help?ref=6100,0,41,16,8,8,4,0.0975609756097561,2,0,2,4,4.3939,0,1,0,0,0,0,0.14285714285714285,0,0,3,0,1,0,0,0
http://45.33.43.17/bankofamerica/reset-password.php,1,51,11,33,0,8,0.1568627450980392,0,1,4,4,4.4612,1,0,0,8,0,0,0.125,0,1,2,0,0,0,0,0
http://webscr.amazon.webscr.secure.icu/webscr.php?id=8751,1,57,31,11,7,4,0.07017543859649122,2,0,5,3,4.432,0,3,0,0,0,0,0.037037037037037035,0,1,3,1,0,0,0,0
http://dhl-login-reset-password.icu/reset-password,1,50,28,15,0,0,0.0,0,4,1,3,4.1133,0,0,3,0,0,0,0.14814814814814814,0,0,3,1,0,0,0,0
https://www.adobe.com/,0,22,13,1,0,0,0.0,0,0,2,3,3.7544,0,1,0,0,0,0,0.18181818181818182,0,0,3,0,1,0,0,0
http://microsoft-id-reset-password.top/reset-password,1,53,31,15,0,0,0.0,0,4,1,3,3.8809,0,0,3,0,0,0,0.13333333333333333,0,0,3,1,0,0,0,0
https://xn--dhl-43d.com/login,1,29,15,6,0,2,0.06896551724137931,0,3,1,3,4.1163,0,0,3,2,0,1,0.14285714285714285,0,0,3,0,1,0,0,0
https://www.unimelb.edu.au/products/laptop?ref=3260,0,51,18,16,8,4,0.0784313725490196,2,0,3,4,4.53,0,2,0,0,0,0,0.06666666666666667,0,0,2,0,1,0,0,0
https://www.commbank.com.au/about?ref=49629,0,43,19,6,9,5,0.11627906976744186,2,0,3,3,4.4662,0,2,0,0,0,0,0.125,0,0,2,0,1,0,0,0
http://amazon-id-billing.icu/billing,1,36,21,8,0,0,0.0,0,2,1,3,3.9749,0,0,2,0,0,0,0.15,0,0,3,1,0,0,0,0
https://www.microsoft.com/blog/2026/update?ref=58154,0,52,17,17,9,9,0.17307692307692307,2,0,2,5,4.6934,0,1,0,0,0,0,0.2,0,0,3,0,1,0,0,0
https://www.nytimes.com/products/laptop,0,39,15,16,0,0,0.0,0,0,2,4,4.0579,0,1,0,0,0,0,0.07692307692307693,0,0,3,0,1,0,0,0
http://session.id.session.id.gq/signin.php?id=9535,1,50,24,11,7,4,0.08,2,0,5,3,3.9403,0,3,0,0,0,0,0.1,0,0,2,1,0,0,0,0
https://xn--app-94d.com/confirm,1,31,15,8,0,2,0.06451612903225806,0,3,1,3,4.1715,0,0,3,2,0,1,0.07142857142857142,0,0,3,0,1,0,0,0
http://bit.ly/l3zyt91,1,21,6,8,0,3,0.14285714285714285,0,0,1,3,3.5945,0,0,0,0,1,0,0.2,0,0,2,0,0,0,0,0
http://bit.ly/5k55dmc,1,21,6,8,0,3,0.14285714285714285,0,0,1,3,3.713,0,0,0,0,1,0,0.2,0,0,2,0,0,0,0,0
http://reset-password.reset-password.reset-password.outlook.top/reset-password.php?id=2352,1,90,56,19,7,4,0.044444444444444446,2,4,5,3,4.0586,0,3,3,0,0,0,0.15384615384615385,0,0,3,1,0,0,0,0
http://bit.ly/ll1d9s9,1,21,6,8,0,3,0.14285714285714285,0,0,1,3,3.6178,0,0,0,0,1,0,0.2,0,0,2,0,0,0,0,0
http://bit.ly/djnv07o,1,21,6,8,0,2,0.09523809523809523,0,0,1,3,3.9395,0,0,0,0,1,0,0.2,0,0,2,0,0,0,0,0
http://login.session.session.login.gq/login.php?id=5693,1,55,30,10,7,4,0.07272727272727272,2,0,5,3,4.0702,0,3,0,0,0,0,0.23076923076923078,0,0,2,1,0,0,0,0
https://www.spotify.com?ref=31161,0,33,15,0,9,5,0.15151515151515152,2,0,2,2,4.2485,0,1,0,0,0,0,0.15384615384615385,0,0,3,0,1,0,0,0
http://confirm.secure.id.confirm.top/confirm.php?id=1983,1,56,29,12,7,4,0.07142857142857142,2,0,5,3,4.2896,0,3,0,0,0,0,0.12,0,0,3,1,0,0,0,0
http://bit.ly/s0cdk36,1,21,6,8,0,3,0.14285714285714285,0,0,1,3,3.9395,0,0,0,0,1,0,0.2,0,0,2,0,0,0,0,0
http://bit.ly/kz4z7wh,1,21,6,8,0,2,0.09523809523809523,0,0,1,3,3.749,0,0,0,0,1,0,0.2,0,0,2,0,0,0,0,0
http://bit.ly/ao1cjfx,1,21,6,8,0,1,0.047619047619047616,0,0,1,3,3.9395,0,0,0,0,1,0,0.2,0,0,2,0,0,0,0,0
http://secure.id.session.secure.buzz/billing.php?id=9745,1,56,29,12,7,4,0.07142857142857142,2,0,5,3,4.4019,0,3,0,0,0,0,0.04,0,0,4,1,0,0,0,0
https://www.microsoft.com/blog/2026/update?ref=24519,0,52,17,17,9,9,0.17307692307692307,2,0,2,5,4.6789,0,1,0,0,0,0,0.2,0,0,3,0,1,0,0,0
https://www.reddit.com/,0,23,14,1,0,0,0.0,0,0,2,3,3.7294,0,1,0,0,0,0,0.08333333333333333,0,0,3,0,1,0,0,0
https://xn--net-83d.com/webscr,1,30,15,7,0,2,0.06666666666666667,0,3,1,3,4.1647,0,0,3,2,0,1,0.07142857142857142,0,0,3,0,1,0,0,0
https://www.who.int/about?ref=77380,0,35,11,6,9,5,0.14285714285714285,2,0,2,3,4.3077,0,1,0,0,0,0,0.1111111111111111,0,0,3,0,1,0,0,0
http://reset-password.reset-password.secure.id.click/reset-password.php?id=2467,1,79,45,19,7,4,0.05063291139240506,2,3,5,3,4.2469,0,3,2,0,0,0,0.07317073170731707,0,0,5,1,0,0,0,0
https://www.reddit.com/en/help,0,30,14,8,0,0,0.0,0,0,2,4,3.8981,0,1,0,0,0,0,0.08333333333333333,0,0,3,0,1,0,0,0
https://www.gov.uk/blog/2026/update,0,35,10,17,0,4,0.11428571428571428,0,0,2,5,4.183,0,1,0,0,0,0,0.125,0,0,2,0,1,0,0,0
https://www.amazon.com/search?q=news&ref=10838,0,46,14,7,16,5,0.10869565217391304,4,0,2,3,4.5014,0,1,0,0,0,0,0.16666666666666666,0,0,3,0,1,0,0,0
http://session.netflix.id.session.xyz/secure.php?id=2506,1,56,30,11,7,4,0.07142857142857142,2,0,5,3,4.352,0,3,0,0,0,0,0.11538461538461539,0,1,3,1,0,0,0,0
https://www.linkedin.com/blog/2026/update?ref=90889,0,51,16,17,9,9,0.17647058823529413,2,0,2,5,4.7337,0,1,0,0,0,0,0.14285714285714285,0,0,3,0,1,0,0,0
https://www.netflix.com/en/help,0,31,15,8,0,0,0.0,0,0,2,4,3.9134,0,1,0,0,0,0,0.15384615384615385,0,0,3,0,1,0,0,0
https://xn--ins-24d.com/webscr,1,30,15,7,0,2,0.06666666666666667,0,3,1,3,4.2314,0,0,3,2,0,1,0.07142857142857142,0,0,3,0,1,0,0,0
https://xn--ama-63d.com/update,1,30,15,7,0,2,0.06666666666666667,0,3,1,3,4.0729,0,0,3,2,0,1,0.07142857142857142,0,0,3,0,1,0,0,0
https://xn--app-69d.com/login,1,29,15,6,0,2,0.06896551724137931,0,3,1,3,4.1592,0,0,3,2,0,1,0.07142857142857142,0,0,3,0,1,0,0,0
https://www.microsoft.com/en/help?ref=97463,0,43,17,8,9,5,0.11627906976744186,2,0,2,4,4.4258,0,1,0,0,0,0,0.2,0,0,3,0,1,0,0,0
https://www.apple.com/user/profile?ref=35782,0,44,13,13,9,5,0.11363636363636363,2,0,2,4,4.4251,0,1,0,0,0,0,0.18181818181818182,0,0,3,0,1,0,0,0
http://microsoft-account-signin.xyz/signin,1,42,28,7,0,0,0.0,0,2,1,3,4.1009,0,0,2,0,0,0,0.1111111111111111,0,0,3,1,0,0,0,0
http://id.id.session.id.info/confirm.php?id=1273,1,48,21,12,7,4,0.08333333333333333,2,0,5,3,4.1467,0,3,0,0,0,0,0.11764705882352941,0,0,4,1,0,0,0,0
https://www.gov.uk?ref=57179,0,28,10,0,9,5,0.17857142857142858,2,0,2,2,4.3518,0,1,0,0,0,0,0.125,0,0,2,0,1,0,0,0
https://xn--ama-33d.com/verify,1,30,15,7,0,2,0.06666666666666667,0,3,1,3,4.3232,0,0,3,2,0,1,0.07142857142857142,0,0,3,0,1,0,0,0
http://bankofamerica.secure.session.id.tk/confirm.php?id=1462,1,61,34,12,7,4,0.06557377049180328,2,0,5,3,4.5003,0,3,0,0,0,0,0.06666666666666667,0,1,2,1,0,0,0,0
http://45.33.244.106/bankofamerica/login.php,1,44,13,24,0,10,0.22727272727272727,0,0,4,4,4.4989,1,0,0,10,0,0,0.2,0,1,3,0,0,0,0,0
https://www.bbc.co.uk/blog/2026/update?ref=99548,0,48,13,17,9,9,0.1875,2,0,3,5,4.6552,0,2,0,0,0,0,0.1,0,0,2,0,1,0,0,0
https://www.github.com/blog/2026/update?ref=94969,0,49,14,17,9,9,0.1836734693877551,2,0,2,5,4.6123,0,1,0,0,0,0,0.08333333333333333,0,0,3,0,1,0,0,0
https://www.spotify.com/blog/2026/update?ref=49237,0,50,15,17,9,9,0.18,2,0,2,5,4.7113,0,1,0,0,0,0,0.15384615384615385,0,0,3,0,1,0,0,0
http://bit.ly/o4rcb1k,1,21,6,8,0,2,0.09523809523809523,0,0,1,3,3.8442,0,0,0,0,1,0,0.2,0,0,2,0,0,0,0,0
https://www.nytimes.com/user/profile,0,36,15,13,0,0,0.0,0,0,2,4,4.086,0,1,0,0,0,0,0.07692307692307693,0,0,3,0,1,0,0,0
https://xn--app-35d.com/billing,1,31,15,8,0,2,0.06451612903225806,0,3,1,3,4.236,0,0,3,2,0,1,0.07142857142857142,0,0,3,0,1,0,0,0
https://xn--irs-57d.com/confirm,1,31,15,8,0,2,0.06451612903225806,0,3,1,3,4.1313,0,0,3,2,0,1,0.07142857142857142,0,0,3,0,1,0,0,0
https://www.commbank.com.au/search?q=news&ref=10171,0,51,19,7,16,5,0.09803921568627451,4,0,3,3,4.5344,0,2,0,0,0,0,0.125,0,0,2,0,1,0,0,0
https://www.unimelb.edu.au/products/laptop,0,42,18,16,0,0,0.0,0,0,3,4,4.1183,0,2,0,0,0,0,0.06666666666666667,0,0,2,0,1,0,0,0
https://www.who.int,0,19,11,0,0,0,0.0,0,0,2,2,3.2608,0,1,0,0,0,0,0.1111111111111111,0,0,3,0,1,0,0,0
http://signin.secure.id.chase.gq/signin.php?id=5512,1,51,25,11,7,4,0.0784313725490196,2,0,5,3,4.2039,0,3,0,0,0,0,0.0,0,0,2,1,0,0,0,0
https://www.who.int?ref=44713,0,29,11,0,9,5,0.1724137931034483,2,0,2,2,4.1423,0,1,0,0,0,0,0.1111111111111111,0,0,3,0,1,0,0,0
https://www.bbc.co.uk?ref=63277,0,31,13,0,9,5,0.16129032258064516,2,0,3,2,4.3248,0,2,0,0,0,0,0.1,0,0,2,0,1,0,0,0
https://xn--app-23d.com/login,1,29,15,6,0,2,0.06896551724137931,0,3,1,3,4.1592,0,0,3,2,0,1,0.07142857142857142,0,0,3,0,1,0,0,0
https://www.commbank.com.au/en/help?ref=40315,0,45,19,8,9,5,0.1111111111111111,2,0,3,4,4.5803,0,2,0,0,0,0,0.125,0,0,2,0,1,0,0,0
http://session.id.secure.apple.gq/login.php?id=8649,1,51,26,10,7,4,0.0784313725490196,2,0,5,3,4.3788,0,3,0,0,0,0,0.09090909090909091,0,0,2,1,0,0,0,0
https://www.who.int/user/profile?ref=93349,0,42,11,13,9,5,0.11904761904761904,2,0,2,4,4.2432,0,1,0,0,0,0,0.1111111111111111,0,0,3,0,1,0,0,0
https://xn--net-56d.com/update,1,30,15,7,0,2,0.06666666666666667,0,3,1,3,4.0566,0,0,3,2,0,1,0.07142857142857142,0,0,3,0,1,0,0,0
http://secure.id.irs.id.info/update.php?id=1301,1,47,21,11,7,4,0.0851063829787234,2,0,5,3,4.2039,0,3,0,0,0,0,0.058823529411764705,0,1,4,1,0,0,0,0
https://www.who.int/about?ref=21218,0,35,11,6,9,5,0.14285714285714285,2,0,2,3,4.2506,0,1,0,0,0,0,0.1111111111111111,0,0,3,0,1,0,0,0
http://104.21.23.220/dhl/webscr.php,1,35,13,15,0,10,0.2857142857142857,0,0,4,4,4.0004,1,0,0,10,0,0,0.4,0,1,3,0,0,0,0,0
https://www.who.int/en/help?ref=85015,0,37,11,8,9,5,0.13513513513513514,2,0,2,4,4.1753,0,1,0,0,0,0,0.1111111111111111,0,0,3,0,1,0,0,0
http://outlook-secure-signin.loan/signin,1,40,26,7,0,0,0.0,0,2,1,3,4.0251,0,0,2,0,0,0,0.24,0,0,4,1,0,0,0,0
https://www.abc.net.au/search?q=news&ref=87799,0,46,14,7,16,5,0.10869565217391304,4,0,3,3,4.3546,0,2,0,0,0,0,0.0,0,0,2,0,1,0,0,0
https://www.spotify.com/about,0,29,15,6,0,0,0.0,0,0,2,3,3.8833,0,1,0,0,0,0,0.15384615384615385,0,0,3,0,1,0,0,0
https://www.reddit.com,0,22,14,0,0,0,0.0,0,0,2,2,3.7544,0,1,0,0,0,0,0.08333333333333333,0,0,3,0,1,0,0,0
https://xn--app-34d.com/reset-password,1,38,15,15,0,2,0.05263157894736842,0,4,1,3,4.1029,0,0,3,2,0,1,0.07142857142857142,0,0,3,0,1,0,0,0
http://bankofamerica-account-account.gq/account,1,47,32,8,0,0,0.0,0,2,1,3,3.9741,0,0,2,0,0,0,0.0967741935483871,0,0,2,1,0,0,0,0
http://id.secure.secure.session.top/confirm.php?id=7839,1,55,28,12,7,4,0.07272727272727272,2,0,5,3,4.2795,0,3,0,0,0,0,0.08333333333333333,0,0,3,1,0,0,0,0
http://bit.ly/hdk8lw2,1,21,6,8,0,2,0.09523809523809523,0,0,1,3,3.749,0,0,0,0,1,0,0.2,0,0,2,0,0,0,0,0
https://www.github.com/blog/2026/update?ref=91673,0,49,14,17,9,9,0.1836734693877551,2,0,2,5,4.7093,0,1,0,0,0,0,0.08333333333333333,0,0,3,0,1,0,0,0
https://www.apple.com/about?ref=64092,0,37,13,6,9,5,0.13513513513513514,2,0,2,3,4.4792,0,1,0,0,0,0,0.18181818181818182,0,0,3,0,1,0,0,0
https://xn--coi-38d.com/secure,1,30,15,7,0,2,0.06666666666666667,0,3,1,3,4.1647,0,0,3,2,0,1,0.14285714285714285,0,0,3,0,1,0,0,0
http://10.0.163.78/bankofamerica/webscr.php,1,43,11,25,0,8,0.18604651162790697,0,0,4,4,4.4609,1,0,0,8,0,0,0.5,0,1,2,0,0,0,0,0
https://www.wikipedia.org/about,0,31,17,6,0,0,0.0,0,0,2,3,3.9779,0,1,0,0,0,0,0.06666666666666667,0,0,3,0,1,0,0,0
https://www.microsoft.com,0,25,17,0,0,0,0.0,0,0,2,2,3.6733,0,1,0,0,0,0,0.2,0,0,3,0,1,0,0,0
http://104.21.188.48/coinbase/reset-password.php,1,48,13,28,0,10,0.20833333333333334,0,1,4,4,4.3137,1,0,0,10,0,0,0.4,0,1,2,0,0,0,0,0
https://www.nytimes.com/about,0,29,15,6,0,0,0.0,0,0,2,3,3.9783,0,1,0,0,0,0,0.07692307692307693,0,0,3,0,1,0,0,0
http://outlook-verify-update.loan/update,1,40,26,7,0,0,0.0,0,2,1,3,4.0873,0,0,2,0,0,0,0.24,0,0,4,1,0,0,0,0
https://www.dropbox.com/blog/2026/update?ref=40599,0,50,15,17,9,9,0.18,2,0,2,5,4.6464,0,1,0,0,0,0,0.23076923076923078,0,0,3,0,1,0,0,0
https://www.commbank.com.au/products/laptop?ref=25586,0,53,19,16,9,5,0.09433962264150944,2,0,3,4,4.5246,0,2,0,0,0,0,0.125,0,0,2,0,1,0,0,0
https://www.gov.uk/products/laptop,0,34,10,16,0,0,0.0,0,0,2,4,3.9254,0,1,0,0,0,0,0.125,0,0,2,0,1,0,0,0
https://www.bbc.co.uk/products/laptop?ref=2607,0,46,13,16,8,4,0.08695652173913043,2,0,3,4,4.4144,0,2,0,0,0,0,0.1,0,0,2,0,1,0,0,0
https://www.dropbox.com/?ref=79104,0,34,15,1,9,5,0.14705882352941177,2,0,2,3,4.4326,0,1,0,0,0,0,0.23076923076923078,0,0,3,0,1,0,0,0
http://bit.ly/89ltajw,1,21,6,8,0,2,0.09523809523809523,0,0,1,3,3.6897,0,0,0,0,1,0,0.2,0,0,2,0,0,0,0,0
https://www.apple.com/docs/api?ref=75668,0,40,13,9,9,5,0.125,2,0,2,4,4.4031,0,1,0,0,0,0,0.18181818181818182,0,0,3,0,1,0,0,0
https://www.bbc.co.uk/user/profile?ref=86990,0,44,13,13,9,5,0.11363636363636363,2,0,3,4,4.4363,0,2,0,0,0,0,0.1,0,0,2,0,1,0,0,0
http://id.id.secure.microsoft.icu/update.php?id=7524,1,52,26,11,7,4,0.07692307692307693,2,0,5,3,4.2728,0,3,0,0,0,0,0.09090909090909091,0,0,3,1,0,0,0,0
http://bit.ly/jlzy1uu,1,21,6,8,0,1,0.047619047619047616,0,0,1,3,3.6538,0,0,0,0,1,0,0.2,0,0,2,0,0,0,0,0
http://outlook-verify-account.buzz/account,1,42,27,8,0,0,0.0,0,2,1,3,4.1548,0,0,2,0,0,0,0.19230769230769232,0,0,4,1,0,0,0,0
https://www.google.com/about?ref=86823,0,38,14,6,9,5,0.13157894736842105,2,0,2,3,4.4515,0,1,0,0,0,0,0.3333333333333333,0,0,3,0,1,0,0,0
https://www.nytimes.com/docs/api,0,32,15,9,0,0,0.0,0,0,2,4,3.9292,0,1,0,0,0,0,0.07692307692307693,0,0,3,0,1,0,0,0
https://www.netflix.com/about?ref=77869,0,39,15,6,9,5,0.1282051282051282,2,0,2,3,4.58,0,1,0,0,0,0,0.15384615384615385,0,0,3,0,1,0,0,0
https://www.stackoverflow.com/blog/2026/update?ref=77019,0,56,21,17,9,9,0.16071428571428573,2,0,2,5,4.6937,0,1,0,0,0,0,0.21052631578947367,0,0,3,0,1,0,0,0
http://192.168.82.139/netflix/reset-password.php,1,48,14,27,0,11,0.22916666666666666,0,1,4,4,4.4128,1,0,0,11,0,0,0.2727272727272727,0,1,3,0,0,0,0,0
https://www.netflix.com/?ref=98260,0,34,15,1,9,5,0.14705882352941177,2,0,2,3,4.4914,0,1,0,0,0,0,0.15384615384615385,0,0,3,0,1,0,0,0
http://bit.ly/rim1y65,1,21,6,8,0,3,0.14285714285714285,0,0,1,3,3.749,0,0,0,0,1,0,0.2,0,0,2,0,0,0,0,0
http://microsoft-secure-verify.tk/verify,1,40,26,7,0,0,0.0,0,2,1,3,4.0653,0,0,2,0,0,0,0.08,0,0,2,1,0,0,0,0
https://www.microsoft.com/about,0,31,17,6,0,0,0.0,0,0,2,3,3.8732,0,1,0,0,0,0,0.2,0,0,3,0,1,0,0,0
https://www.bbc.co.uk/about,0,27,13,6,0,0,0.0,0,0,3,3,3.6521,0,2,0,0,0,0,0.1,0,0,2,0,1,0,0,0
http://45.33.22.135/apple/webscr.php,1,36,12,17,0,9,0.25,0,0,4,4,3.9931,1,0,0,9,0,0,0.1111111111111111,0,1,3,0,0,0,0,0
http://coinbase-verify-signin.info/signin,1,41,27,7,0,0,0.0,0,2,1,3,3.9753,0,0,2,0,0,0,0.07692307692307693,0,0,4,1,0,0,0,0
https://xn--mic-23d.com/account,1,31,15,8,0,2,0.06451612903225806,0,3,1,3,4.0424,0,0,3,2,0,1,0.07142857142857142,0,0,3,0,1,0,0,0
http://secure.login.session.id.click/login.php?id=2084,1,54,29,10,7,4,0.07407407407407407,2,0,5,3,4.34,0,3,0,0,0,0,0.16,0,0,5,1,0,0,0,0
https://www.google.com/,0,23,14,1,0,0,0.0,0,0,2,3,3.6425,0,1,0,0,0,0,0.3333333333333333,0,0,3,0,1,0,0,0
https://www.commbank.com.au/products/laptop,0,43,19,16,0,0,0.0,0,0,3,4,4.0362,0,2,0,0,0,0,0.125,0,0,2,0,1,0,0,0
https://www.netflix.com/docs/api?ref=49567,0,42,15,9,9,5,0.11904761904761904,2,0,2,4,4.5945,0,1,0,0,0,0,0.15384615384615385,0,0,3,0,1,0,0,0
https://www.adobe.com/about,0,27,13,6,0,0,0.0,0,0,2,3,3.8282,0,1,0,0,0,0,0.18181818181818182,0,0,3,0,1,0,0,0
https://www.bbc.co.uk/blog/2026/update?ref=16726,0,48,13,17,9,9,0.1875,2,0,3,5,4.5404,0,2,0,0,0,0,0.1,0,0,2,0,1,0,0,0
https://www.abc.net.au/blog/2026/update,0,39,14,17,0,4,0.10256410256410256,0,0,3,5,4.1604,0,2,0,0,0,0,0.0,0,0,2,0,1,0,0,0
http://coinbase-secure-account.loan/account,1,43,28,8,0,0,0.0,0,2,1,3,3.8966,0,0,2,0,0,0,0.14814814814814814,0,0,4,1,0,0,0,0
https://www.linkedin.com/search?q=news&ref=77435,0,48,16,7,16,5,0.10416666666666667,4,0,2,3,4.6211,0,1,0,0,0,0,0.14285714285714285,0,0,3,0,1,0,0,0
https://www.stackoverflow.com/user/profile?ref=24777,0,52,21,13,9,5,0.09615384615384616,2,0,2,4,4.4116,0,1,0,0,0,0,0.21052631578947367,0,0,3,0,1,0,0,0
https://xn--cha-91d.com/reset-password,1,38,15,15,0,2,0.05263157894736842,0,4,1,3,4.1556,0,0,3,2,0,1,0.14285714285714285,0,0,3,0,1,0,0,0
https://www.github.com/products/laptop?ref=27422,0,48,14,16,9,5,0.10416666666666667,2,0,2,4,4.4626,0,1,0,0,0,0,0.08333333333333333,0,0,3,0,1,0,0,0
http://10.0.183.190/chase/account.php,1,37,12,18,0,9,0.24324324324324326,0,0,4,4,3.9519,1,0,0,9,0,0,0.6666666666666666,0,1,3,0,0,0,0,0
https://www.gov.uk/about?ref=53171,0,34,10,6,9,5,0.14705882352941177,2,0,2,3,4.4326,0,1,0,0,0,0,0.125,0,0,2,0,1,0,0,0
https://www.commbank.com.au/blog/2026/update,0,44,19,17,0,4,0.09090909090909091,0,0,3,5,4.3199,0,2,0,0,0,0,0.125,0,0,2,0,1,0,0,0
https://www.commbank.com.au/docs/api?ref=96236,0,46,19,9,9,5,0.10869565217391304,2,0,3,4,4.5555,0,2,0,0,0,0,0.125,0,0,2,0,1,0,0,0
https://www.gov.uk/search?q=news,0,32,10,7,6,0,0.0,2,0,2,3,4.2028,0,1,0,0,0,0,0.125,0,0,2,0,1,0,0,0
http://104.21.41.14/bankofamerica/verify.php,1,44,12,25,0,9,0.20454545454545456,0,0,4,4,4.3171,1,0,0,9,0,0,0.5555555555555556,0,1,2,0,0,0,0,0
https://xn--pay-85d.com/reset-password,1,38,15,15,0,2,0.05263157894736842,0,4,1,3,4.1883,0,0,3,2,0,1,0.07142857142857142,0,0,3,0,1,0,0,0
http://45.33.159.161/amazon/reset-password.php,1,46,13,26,0,10,0.21739130434782608,0,1,4,4,4.3275,1,0,0,10,0,0,0.3,0,1,3,0,0,0,0,0
http://bankofamerica-login-verify.loan/verify,1,45,31,7,0,0,0.0,0,2,1,3,4.2801,0,0,2,0,0,0,0.16666666666666666,0,0,4,1,0,0,0,0
http://id.paypal.paypal.update.icu/update.php?id=7642,1,53,27,11,7,4,0.07547169811320754,2,0,5,3,3.956,0,3,0,0,0,0,0.08695652173913043,0,1,3,1,0,0,0,0
https://www.dropbox.com/en/help,0,31,15,8,0,0,0.0,0,0,2,4,3.9779,0,1,0,0,0,0,0.23076923076923078,0,0,3,0,1,0,0,0
http://10.0.154.206/dhl/verify.php,1,34,12,15,0,9,0.2647058823529412,0,0,4,4,4.0797,1,0,0,9,0,0,0.5555555555555556,0,1,3,0,0,0,0,0
https://www.reddit.com/products/laptop?ref=9564,0,47,14,16,8,4,0.0851063829787234,2,0,2,4,4.3923,0,1,0,0,0,0,0.08333333333333333,0,0,3,0,1,0,0,0
https://www.reddit.com/en/help?ref=40008,0,40,14,8,9,5,0.125,2,0,2,4,4.3153,0,1,0,0,0,0,0.08333333333333333,0,0,3,0,1,0,0,0
http://bankofamerica-verify-reset-password.info/reset-password,1,62,40,15,0,0,0.0,0,4,1,3,4.2258,0,0,3,0,0,0,0.07692307692307693,0,0,4,1,0,0,0,0
https://www.stackoverflow.com/,0,30,21,1,0,0,0.0,0,0,2,3,3.9647,0,1,0,0,0,0,0.21052631578947367,0,0,3,0,1,0,0,0
http://id.update.secure.session.loan/update.php?id=6797,1,55,29,11,7,4,0.07272727272727272,2,0,5,3,4.2205,0,3,0,0,0,0,0.12,0,0,4,1,0,0,0,0
http://192.168.81.95/instagram/secure.php,1,41,13,21,0,10,0.24390243902439024,0,0,4,4,4.2779,1,0,0,10,0,0,0.3,0,1,2,0,0,0,0,0
http://session.instagram.session.id.info/update.php?id=3937,1,59,33,11,7,4,0.06779661016949153,2,0,5,3,4.2124,0,3,0,0,0,0,0.10344827586206896,0,1,4,1,0,0,0,0
https://www.unimelb.edu.au/about,0,32,18,6,0,0,0.0,0,0,3,3,3.9681,0,2,0,0,0,0,0.06666666666666667,0,0,2,0,1,0,0,0
https://xn--out-62d.com/reset-password,1,38,15,15,0,2,0.05263157894736842,0,4,1,3,4.1556,0,0,3,2,0,1,0.14285714285714285,0,0,3,0,1,0,0,0
http://bankofamerica.secure.id.signin.loan/signin.php?id=6077,1,61,35,11,7,4,0.06557377049180328,2,0,5,3,4.4588,0,3,0,0,0,0,0.0967741935483871,0,1,4,1,0,0,0,0
http://10.0.164.210/outlook/secure.php,1,38,12,19,0,9,0.23684210526315788,0,0,4,4,4.0433,1,0,0,9,0,0,0.6666666666666666,0,1,3,0,0,0,0,0
https://www.stackoverflow.com/search?q=news,0,43,21,7,6,0,0.0,2,0,2,3,4.2313,0,1,0,0,0,0,0.21052631578947367,0,0,3,0,1,0,0,0
http://instagram-secure-account.click/account,1,45,30,8,0,0,0.0,0,2,1,3,4.0357,0,0,2,0,0,0,0.06896551724137931,0,0,5,1,0,0,0,0
http://10.0.108.126/amazon/reset-password.php,1,45,12,26,0,9,0.2,0,1,4,4,4.2524,1,0,0,9,0,0,0.6666666666666666,0,1,3,0,0,0,0,0
http://apple-verify-account.icu/account,1,39,24,8,0,0,0.0,0,2,1,3,4.0385,0,0,2,0,0,0,0.08695652173913043,0,0,3,1,0,0,0,0
https://www.unimelb.edu.au,0,26,18,0,0,0,0.0,0,0,3,2,3.921,0,2,0,0,0,0,0.06666666666666667,0,0,2,0,1,0,0,0
https://www.bbc.co.uk/docs/api?ref=8263,0,39,13,9,8,4,0.10256410256410256,2,0,3,4,4.4581,0,2,0,0,0,0,0.1,0,0,2,0,1,0,0,0
http://session.reset-password.reset-password.secure.tk/reset-password.php?id=8322,1,81,47,19,7,4,0.04938271604938271,2,3,5,3,4.1184,0,3,2,0,0,0,0.06976744186046512,0,0,2,1,0,0,0,0
http://192.168.102.203/microsoft/update.php,1,43,15,21,0,12,0.27906976744186046,0,0,4,4,4.3214,1,0,0,12,0,0,0.4166666666666667,0,1,3,0,0,0,0,0
https://xn--pay-43d.com/confirm,1,31,15,8,0,2,0.06451612903225806,0,3,1,3,4.2603,0,0,3,2,0,1,0.07142857142857142,0,0,3,0,1,0,0,0
https://www.commbank.com.au/docs/api?ref=15663,0,46,19,9,9,5,0.10869565217391304,2,0,3,4,4.5555,0,2,0,0,0,0,0.125,0,0,2,0,1,0,0,0
https://www.wikipedia.org/blog/2026/update?ref=6229,0,51,17,17,8,8,0.1568627450980392,2,0,2,5,4.4836,0,1,0,0,0,0,0.06666666666666667,0,0,3,0,1,0,0,0
https://xn--irs-98d.com/reset-password,1,38,15,15,0,2,0.05263157894736842,0,4,1,3,4.146,0,0,3,2,0,1,0.07142857142857142,0,0,3,0,1,0,0,0
http://bit.ly/d3kzvh4,1,21,6,8,0,2,0.09523809523809523,0,0,1,3,3.8442,0,0,0,0,1,0,0.2,0,0,2,0,0,0,0,0
http://bit.ly/9d31k9q,1,21,6,8,0,4,0.19047619047619047,0,0,1,3,3.8442,0,0,0,0,1,0,0.2,0,0,2,0,0,0,0,0
https://www.google.com/user/profile?ref=49353,0,45,14,13,9,5,0.1111111111111111,2,0,2,4,4.3916,0,1,0,0,0,0,0.3333333333333333,0,0,3,0,1,0,0,0
http://dhl-verify-secure.click/secure,1,37,23,7,0,0,0.0,0,2,1,3,4.0441,0,0,2,0,0,0,0.09090909090909091,0,0,5,1,0,0,0,0
https://www.dropbox.com/about,0,29,15,6,0,0,0.0,0,0,2,3,3.8833,0,1,0,0,0,0,0.23076923076923078,0,0,3,0,1,0,0,0
http://10.0.105.179/chase/account.php,1,37,12,18,0,9,0.24324324324324326,0,0,4,4,3.9519,1,0,0,9,0,0,0.6666666666666666,0,1,3,0,0,0,0,0
https://www.commbank.com.au/user/profile,0,40,19,13,0,0,0.0,0,0,3,4,4.2464,0,2,0,0,0,0,0.125,0,0,2,0,1,0,0,0
http://amazon-login-secure.icu/secure,1,37,23,7,0,0,0.0,0,2,1,3,4.1753,0,0,2,0,0,0,0.13636363636363635,0,0,3,1,0,0,0,0
http://104.21.235.204/coinbase/confirm.php,1,42,14,21,0,11,0.2619047619047619,0,0,4,4,4.3564,1,0,0,11,0,0,0.36363636363636365,0,1,3,0,0,0,0,0
https://www.abc.net.au/products/laptop?ref=68568,0,48,14,16,9,5,0.10416666666666667,2,0,3,4,4.3792,0,2,0,0,0,0,0.0,0,0,2,0,1,0,0,0
https://www.dropbox.com/products/laptop,0,39,15,16,0,0,0.0,0,0,2,4,3.9014,0,1,0,0,0,0,0.23076923076923078,0,0,3,0,1,0,0,0
https://www.microsoft.com/docs/api,0,34,17,9,0,0,0.0,0,0,2,4,3.8222,0,1,0,0,0,0,0.2,0,0,3,0,1,0,0,0
https://www.github.com?ref=74792,0,32,14,0,9,5,0.15625,2,0,2,2,4.4528,0,1,0,0,0,0,0.08333333333333333,0,0,3,0,1,0,0,0
http://update.update.session.microsoft.xyz/update.php?id=5521,1,61,35,11,7,4,0.06557377049180328,2,0,5,3,4.3831,0,3,0,0,0,0,0.0967741935483871,0,0,3,1,0,0,0,0
https://www.microsoft.com/blog/2026/update?ref=89039,0,52,17,17,9,9,0.17307692307692307,2,0,2,5,4.655,0,1,0,0,0,0,0.2,0,0,3,0,1,0,0,0
http://secure.login.session.id.tk/login.php?id=6224,1,51,26,10,7,4,0.0784313725490196,2,0,5,3,4.3048,0,3,0,0,0,0,0.13636363636363635,0,0,2,1,0,0,0,0
https://www.apple.com/blog/2026/update?ref=27100,0,48,13,17,9,9,0.1875,2,0,2,5,4.5145,0,1,0,0,0,0,0.18181818181818182,0,0,3,0,1,0,0,0
http://104.21.49.50/apple/account.php,1,37,12,18,0,9,0.24324324324324326,0,0,4,4,4.0104,1,0,0,9,0,0,0.4444444444444444,0,1,2,0,0,0,0,0
https://www.apple.com/docs/api?ref=69676,0,40,13,9,9,5,0.125,2,0,2,4,4.3342,0,1,0,0,0,0,0.18181818181818182,0,0,3,0,1,0,0,0
https://www.abc.net.au/,0,23,14,1,0,0,0.0,0,0,3,3,3.6097,0,2,0,0,0,0,0.0,0,0,2,0,1,0,0,0
https://www.wikipedia.org/?ref=46309,0,36,17,1,9,5,0.1388888888888889,2,0,2,3,4.4058,0,1,0,0,0,0,0.06666666666666667,0,0,3,0,1,0,0,0
https://www.wikipedia.org/,0,26,17,1,0,0,0.0,0,0,2,3,3.7962,0,1,0,0,0,0,0.06666666666666667,0,0,3,0,1,0,0,0
https://www.apple.com/about,0,27,13,6,0,0,0.0,0,0,2,3,3.8282,0,1,0,0,0,0,0.18181818181818182,0,0,3,0,1,0,0,0
http://chase-account-update.xyz/update,1,38,24,7,0,0,0.0,0,2,1,3,3.9483,0,0,2,0,0,0,0.043478260869565216,0,0,3,1,0,0,0,0
https://www.google.com/?ref=85076,0,33,14,1,9,5,0.15151515151515152,2,0,2,3,4.3697,0,1,0,0,0,0,0.3333333333333333,0,0,3,0,1,0,0,0
https://www.netflix.com/products/laptop,0,39,15,16,0,0,0.0,0,0,2,4,4.1285,0,1,0,0,0,0,0.15384615384615385,0,0,3,0,1,0,0,0
https://www.bbc.co.uk/en/help,0,29,13,8,0,0,0.0,0,0,3,4,3.8404,0,2,0,0,0,0,0.1,0,0,2,0,1,0,0,0
https://xn--cha-84d.com/update,1,30,15,7,0,2,0.06666666666666667,0,3,1,3,4.0981,0,0,3,2,0,1,0.07142857142857142,0,0,3,0,1,0,0,0
https://xn--cha-38d.com/update,1,30,15,7,0,2,0.06666666666666667,0,3,1,3,4.0981,0,0,3,2,0,1,0.07142857142857142,0,0,3,0,1,0,0,0
https://www.unimelb.edu.au/en/help?ref=54665,0,44,18,8,9,5,0.11363636363636363,2,0,3,4,4.3714,0,2,0,0,0,0,0.06666666666666667,0,0,2,0,1,0,0,0
https://www.linkedin.com/user/profile,0,37,16,13,0,0,0.0,0,0,2,4,4.1753,0,1,0,0,0,0,0.14285714285714285,0,0,3,0,1,0,0,0
https://xn--net-68d.com/reset-password,1,38,15,15,0,2,0.05263157894736842,0,4,1,3,4.1029,0,0,3,2,0,1,0.07142857142857142,0,0,3,0,1,0,0,0
http://bit.ly/1g1r1dw,1,21,6,8,0,3,0.14285714285714285,0,0,1,3,3.713,0,0,0,0,1,0,0.2,0,0,2,0,0,0,0,0
http://session.account.id.account.buzz/account.php?id=3911,1,58,31,12,7,4,0.06896551724137931,2,0,5,3,4.2286,0,3,0,0,0,0,0.1111111111111111,0,0,4,1,0,0,0,0
https://www.amazon.com/blog/2026/update?ref=80507,0,49,14,17,9,9,0.1836734693877551,2,0,2,5,4.6885,0,1,0,0,0,0,0.16666666666666666,0,0,3,0,1,0,0,0
https://xn--coi-67d.com/secure,1,30,15,7,0,2,0.06666666666666667,0,3,1,3,4.1647,0,0,3,2,0,1,0.14285714285714285,0,0,3,0,1,0,0,0
http://bit.ly/apkiano,1,21,6,8,0,0,0.0,0,0,1,3,3.6538,0,0,0,0,1,0,0.2,0,0,2,0,0,0,0,0
http://coinbase.id.coinbase.session.tk/billing.php?id=4471,1,58,31,12,7,4,0.06896551724137931,2,0,5,3,4.2821,0,3,0,0,0,0,0.1111111111111111,0,1,2,1,0,0,0,0
http://45.33.197.2/netflix/update.php,1,37,11,19,0,8,0.21621621621621623,0,0,4,4,4.1824,1,0,0,8,0,0,0.125,0,1,1,0,0,0,0,0
https://www.wikipedia.org/blog/2026/update,0,42,17,17,0,4,0.09523809523809523,0,0,2,5,4.2525,0,1,0,0,0,0,0.06666666666666667,0,0,3,0,1,0,0,0
http://bit.ly/9q2l48c,1,21,6,8,0,4,0.19047619047619047,0,0,1,3,3.8442,0,0,0,0,1,0,0.2,0,0,2,0,0,0,0,0
http://apple-login-webscr.gq/webscr,1,35,21,7,0,0,0.0,0,2,1,3,4.2074,0,0,2,0,0,0,0.15,0,0,2,1,0,0,0,0
https://xn--out-71d.com/billing,1,31,15,8,0,2,0.06451612903225806,0,3,1,3,4.236,0,0,3,2,0,1,0.21428571428571427,0,0,3,0,1,0,0,0
http://bit.ly/yzx9jpn,1,21,6,8,0,1,0.047619047619047616,0,0,1,3,3.749,0,0,0,0,1,0,0.2,0,0,2,0,0,0,0,0
http://192.168.99.113/instagram/login.php,1,41,14,20,0,11,0.2682926829268293,0,0,4,4,4.1804,1,0,0,11,0,0,0.36363636363636365,0,1,3,0,0,0,0,0
http://104.21.78.114/chase/signin.php,1,37,13,17,0,10,0.2702702702702703,0,0,4,4,4.0335,1,0,0,10,0,0,0.5,0,1,3,0,0,0,0,0
https://www.bbc.co.uk/?ref=41319,0,32,13,1,9,5,0.15625,2,0,3,3,4.3042,0,2,0,0,0,0,0.1,0,0,2,0,1,0,0,0
http://45.33.67.219/microsoft/signin.php,1,40,12,21,0,9,0.225,0,0,4,4,4.3153,1,0,0,9,0,0,0.1111111111111111,0,1,3,0,0,0,0,0
https://www.nytimes.com/search?q=news&ref=42116,0,47,15,7,16,5,0.10638297872340426,4,0,2,3,4.5012,0,1,0,0,0,0,0.07692307692307693,0,0,3,0,1,0,0,0
http://bit.ly/wlxdsc4,1,21,6,8,0,1,0.047619047619047616,0,0,1,3,3.8442,0,0,0,0,1,0,0.2,0,0,2,0,0,0,0,0
https://www.netflix.com/about,0,29,15,6,0,0,0.0,0,0,2,3,4.1163,0,1,0,0,0,0,0.15384615384615385,0,0,3,0,1,0,0,0
http://secure.id.id.apple.click/signin.php?id=1894,1,50,24,11,7,4,0.08,2,0,5,3,4.2889,0,3,0,0,0,0,0.1,0,0,5,1,0,0,0,0
http://bit.ly/7f00ter,1,21,6,8,0,3,0.14285714285714285,0,0,1,3,3.6897,0,0,0,0,1,0,0.2,0,0,2,0,0,0,0,0
https://www.commbank.com.au/?ref=5165,0,37,19,1,8,4,0.10810810810810811,2,0,3,3,4.4251,0,2,0,0,0,0,0.125,0,0,2,0,1,0,0,0
https://www.microsoft.com/user/profile?ref=52876,0,48,17,13,9,5,0.10416666666666667,2,0,2,4,4.3813,0,1,0,0,0,0,0.2,0,0,3,0,1,0,0,0
https://xn--irs-24d.com/webscr,1,30,15,7,0,2,0.06666666666666667,0,3,1,3,4.2314,0,0,3,2,0,1,0.07142857142857142,0,0,3,0,1,0,0,0
https://www.bbc.co.uk/user/profile,0,34,13,13,0,0,0.0,0,0,3,4,4.0431,0,2,0,0,0,0,0.1,0,0,2,0,1,0,0,0
http://irs-account-signin.top/signin,1,36,22,7,0,0,0.0,0,2,1,3,3.7608,0,0,2,0,0,0,0.09523809523809523,0,0,3,1,0,0,0,0
https://www.apple.com/products/laptop?ref=51277,0,47,13,16,9,5,0.10638297872340426,2,0,2,4,4.3414,0,1,0,0,0,0,0.18181818181818182,0,0,3,0,1,0,0,0
http://instagram-secure-reset-password.xyz/reset-password,1,57,35,15,0,0,0.0,0,4,1,3,4.1112,0,0,3,0,0,0,0.029411764705882353,0,0,3,1,0,0,0,0
https://www.netflix.com/user/profile?ref=75349,0,46,15,13,9,5,0.10869565217391304,2,0,2,4,4.5014,0,1,0,0,0,0,0.15384615384615385,0,0,3,0,1,0,0,0
http://chase-login-account.loan/account,1,39,24,8,0,0,0.0,0,2,1,3,3.8402,0,0,2,0,0,0,0.21739130434782608,0,0,4,1,0,0,0,0
https://www.commbank.com.au/search?q=news&ref=36774,0,51,19,7,16,5,0.09803921568627451,4,0,3,3,4.5884,0,2,0,0,0,0,0.125,0,0,2,0,1,0,0,0
https://xn--mic-74d.com/webscr,1,30,15,7,0,2,0.06666666666666667,0,3,1,3,4.2314,0,0,3,2,0,1,0.07142857142857142,0,0,3,0,1,0,0,0
https://www.reddit.com/about,0,28,14,6,0,0,0.0,0,0,2,3,3.9677,0,1,0,0,0,0,0.08333333333333333,0,0,3,0,1,0,0,0
http://netflix-secure-secure.xyz/secure,1,39,25,7,0,0,0.0,0,2,1,3,3.9474,0,0,2,0,0,0,0.041666666666666664,0,0,3,1,0,0,0,0
https://www.abc.net.au/en/help?ref=11543,0,40,14,8,9,5,0.125,2,0,3,4,4.3153,0,2,0,0,0,0,0.0,0,0,2,0,1,0,0,0
https://www.netflix.com?ref=25878,0,33,15,0,9,5,0.15151515151515152,2,0,2,2,4.4532,0,1,0,0,0,0,0.15384615384615385,0,0,3,0,1,0,0,0
https://xn--out-88d.com/billing,1,31,15,8,0,2,0.06451612903225806,0,3,1,3,4.1715,0,0,3,2,0,1,0.14285714285714285,0,0,3,0,1,0,0,0
https://www.apple.com/blog/2026/update?ref=32252,0,48,13,17,9,9,0.1875,2,0,2,5,4.4707,0,1,0,0,0,0,0.18181818181818182,0,0,3,0,1,0,0,0
https://www.bbc.co.uk/search?q=news,0,35,13,7,6,0,0.0,2,0,3,3,4.1287,0,2,0,0,0,0,0.1,0,0,2,0,1,0,0,0
https://www.netflix.com/about?ref=28460,0,39,15,6,9,5,0.1282051282051282,2,0,2,3,4.6313,0,1,0,0,0,0,0.15384615384615385,0,0,3,0,1,0,0,0
https://www.abc.net.au,0,22,14,0,0,0,0.0,0,0,3,2,3.6292,0,2,0,0,0,0,0.0,0,0,2,0,1,0,0,0
http://45.33.183.248/amazon/update.php,1,38,13,18,0,10,0.2631578947368421,0,0,4,4,4.0831,1,0,0,10,0,0,0.1,0,1,3,0,0,0,0,0
https://www.github.com/user/profile,0,35,14,13,0,0,0.0,0,0,2,4,4.1147,0,1,0,0,0,0,0.08333333333333333,0,0,3,0,1,0,0,0
http://netflix-verify-login.icu/login,1,37,24,6,0,0,0.0,0,2,1,3,4.1114,0,0,2,0,0,0,0.13043478260869565,0,0,3,1,0,0,0,0
https://xn--coi-48d.com/verify,1,30,15,7,0,2,0.06666666666666667,0,3,1,3,4.3232,0,0,3,2,0,1,0.14285714285714285,0,0,3,0,1,0,0,0
https://xn--pay-48d.com/login,1,29,15,6,0,2,0.06896551724137931,0,3,1,3,4.2542,0,0,3,2,0,1,0.07142857142857142,0,0,3,0,1,0,0,0
http://netflix-verify-verify.loan/verify,1,40,26,7,0,0,0.0,0,2,1,3,3.9776,0,0,2,0,0,0,0.12,0,0,4,1,0,0,0,0
http://bit.ly/rrhf4ab,1,21,6,8,0,1,0.047619047619047616,0,0,1,3,3.6538,0,0,0,0,1,0,0.2,0,0,2,0,0,0,0,0
https://www.reddit.com/?ref=99176,0,33,14,1,9,5,0.15151515151515152,2,0,2,3,4.3091,0,1,0,0,0,0,0.08333333333333333,0,0,3,0,1,0,0,0
https://www.commbank.com.au/search?q=news,0,41,19,7,6,0,0.0,2,0,3,3,4.2227,0,2,0,0,0,0,0.125,0,0,2,0,1,0,0,0
https://www.dropbox.com/user/profile?ref=62213,0,46,15,13,9,5,0.10869565217391304,2,0,2,4,4.4743,0,1,0,0,0,0,0.23076923076923078,0,0,3,0,1,0,0,0
http://chase-id-signin.click/signin,1,35,21,7,0,0,0.0,0,2,1,3,3.8214,0,0,2,0,0,0,0.05,0,0,5,1,0,0,0,0
https://www.dropbox.com/blog/2026/update?ref=3733,0,49,15,17,8,8,0.16326530612244897,2,0,2,5,4.5815,0,1,0,0,0,0,0.23076923076923078,0,0,3,0,1,0,0,0
https://www.dropbox.com/en/help?ref=35179,0,41,15,8,9,5,0.12195121951219512,2,0,2,4,4.5034,0,1,0,0,0,0,0.23076923076923078,0,0,3,0,1,0,0,0
https://www.wikipedia.org/about?ref=64471,0,41,17,6,9,5,0.12195121951219512,2,0,2,3,4.473,0,1,0,0,0,0,0.06666666666666667,0,0,3,0,1,0,0,0
https://www.wikipedia.org?ref=18146,0,35,17,0,9,5,0.14285714285714285,2,0,2,2,4.3649,0,1,0,0,0,0,0.06666666666666667,0,0,3,0,1,0,0,0
https://xn--net-72d.com/update,1,30,15,7,0,2,0.06666666666666667,0,3,1,3,4.0566,0,0,3,2,0,1,0.07142857142857142,0,0,3,0,1,0,0,0
https://www.unimelb.edu.au/en/help?ref=9968,0,43,18,8,8,4,0.09302325581395349,2,0,3,4,4.3594,0,2,0,0,0,0,0.06666666666666667,0,0,2,0,1,0,0,0
https://www.adobe.com/search?q=news,0,35,13,7,6,0,0.0,2,0,2,3,4.1503,0,1,0,0,0,0,0.18181818181818182,0,0,3,0,1,0,0,0
https://xn--ban-76d.com/account,1,31,15,8,0,2,0.06451612903225806,0,3,1,3,4.0582,0,0,3,2,0,1,0.07142857142857142,0,0,3,0,1,0,0,0
https://www.github.com/products/laptop?ref=68811,0,48,14,16,9,5,0.10416666666666667,2,0,2,4,4.4783,0,1,0,0,0,0,0.08333333333333333,0,0,3,0,1,0,0,0
https://www.commbank.com.au/docs/api,0,36,19,9,0,0,0.0,0,0,3,4,3.9886,0,2,0,0,0,0,0.125,0,0,2,0,1,0,0,0
https://www.reddit.com/products/laptop?ref=38450,0,48,14,16,9,5,0.10416666666666667,2,0,2,4,4.4469,0,1,0,0,0,0,0.08333333333333333,0,0,3,0,1,0,0,0
https://www.microsoft.com/user/profile,0,38,17,13,0,0,0.0,0,0,2,4,3.9579,0,1,0,0,0,0,0.2,0,0,3,0,1,0,0,0
http://bit.ly/0votqtx,1,21,6,8,0,1,0.047619047619047616,0,0,1,3,3.6131,0,0,0,0,1,0,0.2,0,0,2,0,0,0,0,0
http://bit.ly/1tv18kg,1,21,6,8,0,3,0.14285714285714285,0,0,1,3,3.6897,0,0,0,0,1,0,0.2,0,0,2,0,0,0,0,0
https://www.nytimes.com/user/profile?ref=38125,0,46,15,13,9,5,0.10869565217391304,2,0,2,4,4.5014,0,1,0,0,0,0,0.07692307692307693,0,0,3,0,1,0,0,0
http://192.168.191.56/bankofamerica/update.php,1,46,14,25,0,11,0.2391304347826087,0,0,4,4,4.3767,1,0,0,11,0,0,0.36363636363636365,0,1,2,0,0,0,0,0
https://xn--cha-95d.com/verify,1,30,15,7,0,2,0.06666666666666667,0,3,1,3,4.3899,0,0,3,2,0,1,0.07142857142857142,0,0,3,0,1,0,0,0
https://xn--pay-27d.com/webscr,1,30,15,7,0,2,0.06666666666666667,0,3,1,3,4.3232,0,0,3,2,0,1,0.07142857142857142,0,0,3,0,1,0,0,0
https://xn--ama-30d.com/login,1,29,15,6,0,2,0.06896551724137931,0,3,1,3,4.1852,0,0,3,2,0,1,0.14285714285714285,0,0,3,0,1,0,0,0
http://bit.ly/2q6jxnn,1,21,6,8,0,2,0.09523809523809523,0,0,1,3,3.8442,0,0,0,0,1,0,0.2,0,0,2,0,0,0,0,0
https://www.dropbox.com,0,23,15,0,0,0,0.0,0,0,2,2,3.7623,0,1,0,0,0,0,0.23076923076923078,0,0,3,0,1,0,0,0
http://104.21.29.107/instagram/billing.php,1,42,13,22,0,10,0.23809523809523808,0,0,4,4,4.2252,1,0,0,10,0,0,0.5,0,1,3,0,0,0,0,0
https://www.reddit.com/products/laptop?ref=33311,0,48,14,16,9,5,0.10416666666666667,2,0,2,4,4.3061,0,1,0,0,0,0,0.08333333333333333,0,0,3,0,1,0,0,0
https://xn--ama-14d.com/reset-password,1,38,15,15,0,2,0.05263157894736842,0,4,1,3,4.1357,0,0,3,2,0,1,0.14285714285714285,0,0,3,0,1,0,0,0
http://irs.id.session.verify.info/verify.php?id=5773,1,52,26,11,7,4,0.07692307692307693,2,0,5,3,4.1805,0,3,0,0,0,0,0.09090909090909091,0,1,4,1,0,0,0,0
http://45.33.197.150/dhl/reset-password.php,1,43,13,23,0,10,0.23255813953488372,0,1,4,4,4.2573,1,0,0,10,0,0,0.3,0,1,3,0,0,0,0,0
https://www.netflix.com/en/help?ref=36720,0,41,15,8,9,5,0.12195121951219512,2,0,2,4,4.4427,0,1,0,0,0,0,0.15384615384615385,0,0,3,0,1,0,0,0
https://www.github.com/about,0,28,14,6,0,0,0.0,0,0,2,3,3.8249,0,1,0,0,0,0,0.08333333333333333,0,0,3,0,1,0,0,0
https://www.apple.com/about?ref=15993,0,37,13,6,9,5,0.13513513513513514,2,0,2,3,4.4251,0,1,0,0,0,0,0.18181818181818182,0,0,3,0,1,0,0,0
https://www.netflix.com/blog/2026/update?ref=12835,0,50,15,17,9,9,0.18,2,0,2,5,4.7664,0,1,0,0,0,0,0.15384615384615385,0,0,3,0,1,0,0,0
http://paypal-account-signin.icu/signin,1,39,25,7,0,0,0.0,0,2,1,3,3.8753,0,0,2,0,0,0,0.08333333333333333,0,0,3,1,0,0,0,0
http://bit.ly/3bfh024,1,21,6,8,0,4,0.19047619047619047,0,0,1,3,3.749,0,0,0,0,1,0,0.2,0,0,2,0,0,0,0,0
http://bit.ly/3litnt0,1,21,6,8,0,2,0.09523809523809523,0,0,1,3,3.4226,0,0,0,0,1,0,0.2,0,0,2,0,0,0,0,0
https://www.linkedin.com/products/laptop?ref=83502,0,50,16,16,9,5,0.1,2,0,2,4,4.6137,0,1,0,0,0,0,0.14285714285714285,0,0,3,0,1,0,0,0
http://104.21.94.99/amazon/login.php,1,36,12,17,0,9,0.25,0,0,4,4,4.0724,1,0,0,9,0,0,0.3333333333333333,0,1,2,0,0,0,0,0
https://www.amazon.com/user/profile?ref=43517,0,45,14,13,9,5,0.1111111111111111,2,0,2,4,4.5803,0,1,0,0,0,0,0.16666666666666666,0,0,3,0,1,0,0,0
http://microsoft-account-confirm.loan/confirm,1,45,30,8,0,0,0.0,0,2,1,3,3.9164,0,0,2,0,0,0,0.20689655172413793,0,0,4,1,0,0,0,0
http://coinbase-login-billing.top/billing,1,41,26,8,0,0,0.0,0,2,1,3,3.8236,0,0,2,0,0,0,0.24,0,0,3,1,0,0,0,0
https://www.spotify.com/about?ref=62462,0,39,15,6,9,5,0.1282051282051282,2,0,2,3,4.4068,0,1,0,0,0,0,0.15384615384615385,0,0,3,0,1,0,0,0
https://www.adobe.com/en/help?ref=21807,0,39,13,8,9,5,0.1282051282051282,2,0,2,4,4.4968,0,1,0,0,0,0,0.18181818181818182,0,0,3,0,1,0,0,0
https://www.who.int/products/laptop,0,35,11,16,0,0,0.0,0,0,2,4,3.8046,0,1,0,0,0,0,0.1111111111111111,0,0,3,0,1,0,0,0
http://netflix-verify-signin.loan/signin,1,40,26,7,0,0,0.0,0,2,1,3,4.0087,0,0,2,0,0,0,0.12,0,0,4,1,0,0,0,0
https://www.microsoft.com/,0,26,17,1,0,0,0.0,0,0,2,3,3.6612,0,1,0,0,0,0,0.2,0,0,3,0,1,0,0,0
https://www.gov.uk/docs/api,0,27,10,9,0,0,0.0,0,0,2,4,3.9121,0,1,0,0,0,0,0.125,0,0,2,0,1,0,0,0
https://www.linkedin.com/products/laptop,0,40,16,16,0,0,0.0,0,0,2,4,4.1342,0,1,0,0,0,0,0.14285714285714285,0,0,3,0,1,0,0,0
http://irs.session.id.session.info/signin.php?id=2392,1,53,27,11,7,4,0.07547169811320754,2,0,5,3,3.9263,0,3,0,0,0,0,0.13043478260869565,0,1,4,1,0,0,0,0
https://www.unimelb.edu.au/user/profile?ref=74464,0,49,18,13,9,5,0.10204081632653061,2,0,3,4,4.4182,0,2,0,0,0,0,0.06666666666666667,0,0,2,0,1,0,0,0
http://bit.ly/ga0x7zc,1,21,6,8,0,2,0.09523809523809523,0,0,1,3,3.9395,0,0,0,0,1,0,0.2,0,0,2,0,0,0,0,0
https://xn--pay-73d.com/webscr,1,30,15,7,0,2,0.06666666666666667,0,3,1,3,4.3232,0,0,3,2,0,1,0.07142857142857142,0,0,3,0,1,0,0,0
https://www.who.int/docs/api?ref=92983,0,38,11,9,9,5,0.13157894736842105,2,0,2,4,4.3333,0,1,0,0,0,0,0.1111111111111111,0,0,3,0,1,0,0,0
http://session.secure.id.account.loan/account.php?id=9743,1,57,30,12,7,4,0.07017543859649122,2,0,5,3,4.2934,0,3,0,0,0,0,0.15384615384615385,0,0,4,1,0,0,0,0
https://www.microsoft.com/docs/api?ref=77556,0,44,17,9,9,5,0.11363636363636363,2,0,2,4,4.2999,0,1,0,0,0,0,0.2,0,0,3,0,1,0,0,0
https://www.adobe.com/en/help?ref=50615,0,39,13,8,9,5,0.1282051282051282,2,0,2,4,4.4455,0,1,0,0,0,0,0.18181818181818182,0,0,3,0,1,0,0,0
https://www.who.int/?ref=13672,0,30,11,1,9,5,0.16666666666666666,2,0,2,3,4.1899,0,1,0,0,0,0,0.1111111111111111,0,0,3,0,1,0,0,0
https://www.bbc.co.uk/products/laptop,0,37,13,16,0,0,0.0,0,0,3,4,3.8846,0,2,0,0,0,0,0.1,0,0,2,0,1,0,0,0
https://www.spotify.com/products/laptop?ref=19030,0,49,15,16,9,5,0.10204081632653061,2,0,2,4,4.4162,0,1,0,0,0,0,0.15384615384615385,0,0,3,0,1,0,0,0
http://bit.ly/gnmby49,1,21,6,8,0,2,0.09523809523809523,0,0,1,3,3.749,0,0,0,0,1,0,0.2,0,0,2,0,0,0,0,0
http://bit.ly/erxdoua,1,21,6,8,0,0,0.0,0,0,1,3,3.9395,0,0,0,0,1,0,0.2,0,0,2,0,0,0,0,0
http://outlook-verify-reset-password.click/reset-password,1,57,35,15,0,0,0.0,0,4,1,3,4.1933,0,0,3,0,0,0,0.17647058823529413,0,0,5,1,0,0,0,0
http://bit.ly/lp8ii7e,1,21,6,8,0,2,0.09523809523809523,0,0,1,3,3.5226,0,0,0,0,1,0,0.2,0,0,2,0,0,0,0,0
https://www.gov.uk?ref=10724,0,28,10,0,9,5,0.17857142857142858,2,0,2,2,4.4233,0,1,0,0,0,0,0.125,0,0,2,0,1,0,0,0
https://www.github.com/search?q=news&ref=21676,0,46,14,7,16,5,0.10869565217391304,4,0,2,3,4.6154,0,1,0,0,0,0,0.08333333333333333,0,0,3,0,1,0,0,0
https://www.stackoverflow.com/en/help,0,37,21,8,0,0,0.0,0,0,2,4,4.0672,0,1,0,0,0,0,0.21052631578947367,0,0,3,0,1,0,0,0
http://session.secure.session.secure.win/verify.php?id=2925,1,59,33,11,7,4,0.06779661016949153,2,0,5,3,4.2235,0,3,0,0,0,0,0.06896551724137931,0,0,3,1,0,0,0,0
http://192.168.85.235/irs/webscr.php,1,36,14,15,0,11,0.3055555555555556,0,0,4,4,4.149,1,0,0,11,0,0,0.18181818181818182,0,1,3,0,0,0,0,0
https://www.unimelb.edu.au/blog/2026/update,0,43,18,17,0,4,0.09302325581395349,0,0,3,5,4.2488,0,2,0,0,0,0,0.06666666666666667,0,0,2,0,1,0,0,0
http://irs.irs.session.session.icu/update.php?id=4259,1,53,27,11,7,4,0.07547169811320754,2,0,5,3,4.1169,0,3,0,0,0,0,0.08695652173913043,0,1,3,1,0,0,0,0
http://reset-password.session.id.secure.xyz/reset-password.php?id=5441,1,70,36,19,7,4,0.05714285714285714,2,2,5,3,4.3012,0,3,1,0,0,0,0.0625,0,0,3,1,0,0,0,0
https://www.amazon.com/products/laptop?ref=58963,0,48,14,16,9,5,0.10416666666666667,2,0,2,4,4.5118,0,1,0,0,0,0,0.16666666666666666,0,0,3,0,1,0,0,0
https://www.github.com/about?ref=49393,0,38,14,6,9,5,0.13157894736842105,2,0,2,3,4.4187,0,1,0,0,0,0,0.08333333333333333,0,0,3,0,1,0,0,0
https://www.spotify.com/docs/api?ref=34408,0,42,15,9,9,5,0.11904761904761904,2,0,2,4,4.3977,0,1,0,0,0,0,0.15384615384615385,0,0,3,0,1,0,0,0
https://www.dropbox.com/?ref=59138,0,34,15,1,9,5,0.14705882352941177,2,0,2,3,4.4326,0,1,0,0,0,0,0.23076923076923078,0,0,3,0,1,0,0,0
http://104.21.219.127/coinbase/verify.php,1,41,14,20,0,11,0.2682926829268293,0,0,4,4,4.3451,1,0,0,11,0,0,0.45454545454545453,0,1,3,0,0,0,0,0
http://104.21.140.201/bankofamerica/confirm.php,1,47,14,26,0,11,0.23404255319148937,0,0,4,4,4.2724,1,0,0,11,0,0,0.6363636363636364,0,1,3,0,0,0,0,0
http://instagram-account-reset-password.click/reset-password,1,60,38,15,0,0,0.0,0,4,1,3,4.1628,0,0,3,0,0,0,0.08108108108108109,0,0,5,1,0,0,0,0
https://www.spotify.com/en/help?ref=9161,0,40,15,8,8,4,0.1,2,0,2,4,4.3464,0,1,0,0,0,0,0.15384615384615385,0,0,3,0,1,0,0,0
https://www.github.com/docs/api?ref=99290,0,41,14,9,9,5,0.12195121951219512,2,0,2,4,4.473,0,1,0,0,0,0,0.08333333333333333,0,0,3,0,1,0,0,0
http://reset-password.dhl.dhl.id.top/reset-password.php?id=8982,1,63,29,19,7,4,0.06349206349206349,2,2,5,3,4.1478,0,3,1,0,0,0,0.16,0,1,3,1,0,0,0,0
http://microsoft-id-billing.buzz/billing,1,40,25,8,0,0,0.0,0,2,1,3,4.1276,0,0,2,0,0,0,0.16666666666666666,0,0,4,1,0,0,0,0
http://bit.ly/08kg68a,1,21,6,8,0,4,0.19047619047619047,0,0,1,3,3.8442,0,0,0,0,1,0,0.2,0,0,2,0,0,0,0,0
http://reset-password.reset-password.reset-password.irs.top/reset-password.php?id=5641,1,86,52,19,7,4,0.046511627906976744,2,4,5,3,3.9627,0,3,3,0,0,0,0.08333333333333333,0,0,3,1,0,0,0,0
https://www.commbank.com.au/products/laptop?ref=25050,0,53,19,16,9,5,0.09433962264150944,2,0,3,4,4.4869,0,2,0,0,0,0,0.125,0,0,2,0,1,0,0,0
https://www.adobe.com/?ref=60890,0,32,13,1,9,5,0.15625,2,0,2,3,4.3903,0,1,0,0,0,0,0.18181818181818182,0,0,3,0,1,0,0,0
http://10.0.96.126/coinbase/login.php,1,37,11,19,0,8,0.21621621621621623,0,0,4,4,4.2161,1,0,0,8,0,0,0.5,0,1,3,0,0,0,0,0
http://bit.ly/yg3dxvl,1,21,6,8,0,1,0.047619047619047616,0,0,1,3,3.749,0,0,0,0,1,0,0.2,0,0,2,0,0,0,0,0
https://xn--ama-10d.com/login,1,29,15,6,0,2,0.06896551724137931,0,3,1,3,4.1852,0,0,3,2,0,1,0.21428571428571427,0,0,3,0,1,0,0,0
http://netflix.id.secure.netflix.top/reset-password.php?id=5543,1,63,29,19,7,4,0.06349206349206349,2,1,5,3,4.4137,0,3,0,0,0,0,0.12,0,0,3,1,0,0,0,0
http://netflix-id-update.top/update,1,35,21,7,0,0,0.0,0,2,1,3,3.8214,0,0,2,0,0,0,0.1,0,0,3,1,0,0,0,0
https://www.adobe.com/en/help?ref=72810,0,39,13,8,9,5,0.1282051282051282,2,0,2,4,4.4968,0,1,0,0,0,0,0.18181818181818182,0,0,3,0,1,0,0,0
http://192.168.136.228/amazon/webscr.php,1,40,15,18,0,12,0.3,0,0,4,4,4.3153,1,0,0,12,0,0,0.25,0,1,3,0,0,0,0,0
https://xn--irs-38d.com/login,1,29,15,6,0,2,0.06896551724137931,0,3,1,3,4.1852,0,0,3,2,0,1,0.07142857142857142,0,0,3,0,1,0,0,0
https://xn--cha-15d.com/signin,1,30,15,7,0,2,0.06666666666666667,0,3,1,3,4.0981,0,0,3,2,0,1,0.14285714285714285,0,0,3,0,1,0,0,0
http://10.0.111.115/microsoft/secure.php,1,40,12,21,0,9,0.225,0,0,4,4,3.9464,1,0,0,9,0,0,0.8888888888888888,0,1,3,0,0,0,0,0
http://10.0.83.185/outlook/confirm.php,1,38,11,20,0,8,0.21052631578947367,0,0,4,4,4.1556,1,0,0,8,0,0,0.5,0,1,3,0,0,0,0,0
https://www.netflix.com/search?q=news,0,37,15,7,6,0,0.0,2,0,2,3,4.263,0,1,0,0,0,0,0.15384615384615385,0,0,3,0,1,0,0,0
https://xn--pay-66d.com/webscr,1,30,15,7,0,2,0.06666666666666667,0,3,1,3,4.2566,0,0,3,2,0,1,0.07142857142857142,0,0,3,0,1,0,0,0
https://www.spotify.com/docs/api?ref=93995,0,42,15,9,9,5,0.11904761904761904,2,0,2,4,4.3321,0,1,0,0,0,0,0.15384615384615385,0,0,3,0,1,0,0,0
https://www.wikipedia.org/search?q=news&ref=79554,0,49,17,7,16,5,0.10204081632653061,4,0,2,3,4.5406,0,1,0,0,0,0,0.06666666666666667,0,0,3,0,1,0,0,0
http://id.outlook.secure.outlook.tk/verify.php?id=5231,1,54,28,11,7,4,0.07407407407407407,2,0,5,3,4.3612,0,3,0,0,0,0,0.3333333333333333,0,0,2,1,0,0,0,0
http://104.21.149.26/coinbase/account.php,1,41,13,21,0,10,0.24390243902439024,0,0,4,4,4.2107,1,0,0,10,0,0,0.4,0,1,2,0,0,0,0,0
http://bit.ly/tjopz1r,1,21,6,8,0,1,0.047619047619047616,0,0,1,3,3.6897,0,0,0,0,1,0,0.2,0,0,2,0,0,0,0,0
http://microsoft-id-confirm.loan/confirm,1,40,25,8,0,0,0.0,0,2,1,3,3.9496,0,0,2,0,0,0,0.20833333333333334,0,0,4,1,0,0,0,0
https://www.commbank.com.au?ref=62621,0,37,19,0,9,5,0.13513513513513514,2,0,3,2,4.4455,0,2,0,0,0,0,0.125,0,0,2,0,1,0,0,0
http://bit.ly/q0mftg6,1,21,6,8,0,2,0.09523809523809523,0,0,1,3,3.7849,0,0,0,0,1,0,0.2,0,0,2,0,0,0,0,0
https://xn--mic-98d.com/reset-password,1,38,15,15,0,2,0.05263157894736842,0,4,1,3,4.2082,0,0,3,2,0,1,0.07142857142857142,0,0,3,0,1,0,0,0
http://bit.ly/2cu7onz,1,21,6,8,0,2,0.09523809523809523,0,0,1,3,3.9395,0,0,0,0,1,0,0.2,0,0,2,0,0,0,0,0
https://www.stackoverflow.com/user/profile?ref=67809,0,52,21,13,9,5,0.09615384615384616,2,0,2,4,4.503,0,1,0,0,0,0,0.21052631578947367,0,0,3,0,1,0,0,0
https://www.abc.net.au/search?q=news&ref=27342,0,46,14,7,16,5,0.10869565217391304,4,0,3,3,4.398,0,2,0,0,0,0,0.0,0,0,2,0,1,0,0,0
https://www.spotify.com/about?ref=38601,0,39,15,6,9,5,0.1282051282051282,2,0,2,3,4.5094,0,1,0,0,0,0,0.15384615384615385,0,0,3,0,1,0,0,0
https://www.amazon.com/user/profile,0,35,14,13,0,0,0.0,0,0,2,4,4.1719,0,1,0,0,0,0,0.16666666666666666,0,0,3,0,1,0,0,0
https://www.spotify.com/docs/api,0,32,15,9,0,0,0.0,0,0,2,4,3.8195,0,1,0,0,0,0,0.15384615384615385,0,0,3,0,1,0,0,0
https://www.abc.net.au/search?q=news&ref=64201,0,46,14,7,16,5,0.10869565217391304,4,0,3,3,4.4415,0,2,0,0,0,0,0.0,0,0,2,0,1,0,0,0
http://irs-verify-webscr.icu/webscr,1,35,21,7,0,0,0.0,0,2,1,3,3.9929,0,0,2,0,0,0,0.0,0,0,3,1,0,0,0,0
https://www.reddit.com/search?q=news,0,36,14,7,6,0,0.0,2,0,2,3,4.1416,0,1,0,0,0,0,0.08333333333333333,0,0,3,0,1,0,0,0
https://www.dropbox.com/docs/api,0,32,15,9,0,0,0.0,0,0,2,4,3.8903,0,1,0,0,0,0,0.23076923076923078,0,0,3,0,1,0,0,0
https://www.amazon.com/?ref=46293,0,33,14,1,9,5,0.15151515151515152,2,0,2,3,4.4532,0,1,0,0,0,0,0.16666666666666666,0,0,3,0,1,0,0,0
https://www.commbank.com.au/about,0,33,19,6,0,0,0.0,0,0,3,3,3.854,0,2,0,0,0,0,0.125,0,0,2,0,1,0,0,0
https://www.commbank.com.au/about?ref=80276,0,43,19,6,9,5,0.11627906976744186,2,0,3,3,4.5127,0,2,0,0,0,0,0.125,0,0,2,0,1,0,0,0
https://www.unimelb.edu.au/blog/2026/update?ref=85790,0,53,18,17,9,9,0.16981132075471697,2,0,3,5,4.6737,0,2,0,0,0,0,0.06666666666666667,0,0,2,0,1,0,0,0
http://apple-id-login.xyz/login,1,31,18,6,0,0,0.0,0,2,1,3,4.0181,0,0,2,0,0,0,0.17647058823529413,0,0,3,1,0,0,0,0
https://www.amazon.com/products/laptop?ref=84886,0,48,14,16,9,5,0.10416666666666667,2,0,2,4,4.4128,0,1,0,0,0,0,0.16666666666666666,0,0,3,0,1,0,0,0
https://www.nytimes.com/about?ref=5877,0,38,15,6,8,4,0.10526315789473684,2,0,2,3,4.4714,0,1,0,0,0,0,0.07692307692307693,0,0,3,0,1,0,0,0
http://bit.ly/5ikgeq2,1,21,6,8,0,2,0.09523809523809523,0,0,1,3,3.8442,0,0,0,0,1,0,0.2,0,0,2,0,0,0,0,0
https://www.amazon.com/products/laptop?ref=34862,0,48,14,16,9,5,0.10416666666666667,2,0,2,4,4.5118,0,1,0,0,0,0,0.16666666666666666,0,0,3,0,1,0,0,0
http://104.21.143.136/irs/signin.php,1,36,14,15,0,11,0.3055555555555556,0,0,4,4,3.9058,1,0,0,11,0,0,0.45454545454545453,0,1,3,0,0,0,0,0
http://outlook-id-verify.top/verify,1,35,21,7,0,0,0.0,0,2,1,3,4.0004,0,0,2,0,0,0,0.25,0,0,3,1,0,0,0,0
https://www.apple.com/en/help?ref=98912,0,39,13,8,9,5,0.1282051282051282,2,0,2,4,4.2917,0,1,0,0,0,0,0.18181818181818182,0,0,3,0,1,0,0,0
https://www.linkedin.com/user/profile?ref=43600,0,47,16,13,9,5,0.10638297872340426,2,0,2,4,4.5277,0,1,0,0,0,0,0.14285714285714285,0,0,3,0,1,0,0,0
http://session.session.irs.id.info/webscr.php?id=8301,1,53,27,11,7,4,0.07547169811320754,2,0,5,3,4.1639,0,3,0,0,0,0,0.13043478260869565,0,1,4,1,0,0,0,0
http://bit.ly/lay64yf,1,21,6,8,0,2,0.09523809523809523,0,0,1,3,3.6178,0,0,0,0,1,0,0.2,0,0,2,0,0,0,0,0
https://www.linkedin.com/user/profile?ref=19131,0,47,16,13,9,5,0.10638297872340426,2,0,2,4,4.4691,0,1,0,0,0,0,0.14285714285714285,0,0,3,0,1,0,0,0
https://www.wikipedia.org/?ref=87761,0,36,17,1,9,5,0.1388888888888889,2,0,2,3,4.3502,0,1,0,0,0,0,0.06666666666666667,0,0,3,0,1,0,0,0
https://www.nytimes.com,0,23,15,0,0,0,0.0,0,0,2,2,3.7623,0,1,0,0,0,0,0.07692307692307693,0,0,3,0,1,0,0,0
https://www.dropbox.com?ref=50015,0,33,15,0,9,5,0.15151515151515152,2,0,2,2,4.332,0,1,0,0,0,0,0.23076923076923078,0,0,3,0,1,0,0,0
https://www.stackoverflow.com/products/laptop?ref=31775,0,55,21,16,9,5,0.09090909090909091,2,0,2,4,4.4453,0,1,0,0,0,0,0.21052631578947367,0,0,3,0,1,0,0,0
http://45.33.73.167/bankofamerica/account.php,1,45,12,26,0,9,0.2,0,0,4,4,4.3581,1,0,0,9,0,0,0.1111111111111111,0,1,3,0,0,0,0,0
https://www.nytimes.com/en/help,0,31,15,8,0,0,0.0,0,0,2,4,3.8489,0,1,0,0,0,0,0.07692307692307693,0,0,3,0,1,0,0,0
https://www.apple.com/user/profile,0,34,13,13,0,0,0.0,0,0,2,4,3.9842,0,1,0,0,0,0,0.18181818181818182,0,0,3,0,1,0,0,0
http://session.update.id.id.click/update.php?id=4050,1,52,26,11,7,4,0.07692307692307693,2,0,5,3,4.1869,0,3,0,0,0,0,0.09090909090909091,0,0,5,1,0,0,0,0
https://www.adobe.com/blog/2026/update,0,38,13,17,0,4,0.10526315789473684,0,0,2,5,4.1986,0,1,0,0,0,0,0.18181818181818182,0,0,3,0,1,0,0,0
http://outlook-secure-account.click/account,1,43,28,8,0,0,0.0,0,2,1,3,3.8536,0,0,2,0,0,0,0.2222222222222222,0,0,5,1,0,0,0,0
http://104.21.234.152/microsoft/secure.php,1,42,14,21,0,11,0.2619047619047619,0,0,4,4,4.2252,1,0,0,11,0,0,0.36363636363636365,0,1,3,0,0,0,0,0
http://bit.ly/ka34mqa,1,21,6,8,0,2,0.09523809523809523,0,0,1,3,3.8442,0,0,0,0,1,0,0.2,0,0,2,0,0,0,0,0
https://www.abc.net.au/products/laptop?ref=33662,0,48,14,16,9,5,0.10416666666666667,2,0,3,4,4.3792,0,2,0,0,0,0,0.0,0,0,2,0,1,0,0,0
http://bit.ly/cw9yil8,1,21,6,8,0,2,0.09523809523809523,0,0,1,3,3.6538,0,0,0,0,1,0,0.2,0,0,2,0,0,0,0,0
http://bit.ly/dh0uyhn,1,21,6,8,0,1,0.047619047619047616,0,0,1,3,3.6178,0,0,0,0,1,0,0.2,0,0,2,0,0,0,0,0
http://104.21.36.211/paypal/verify.php,1,38,13,18,0,10,0.2631578947368421,0,0,4,4,4.0477,1,0,0,10,0,0,0.5,0,1,3,0,0,0,0,0
http://chase-secure-confirm.buzz/confirm,1,40,25,8,0,0,0.0,0,2,1,3,4.2153,0,0,2,0,0,0,0.041666666666666664,0,0,4,1,0,0,0,0
http://bit.ly/vg7oq2z,1,21,6,8,0,2,0.09523809523809523,0,0,1,3,3.9395,0,0,0,0,1,0,0.2,0,0,2,0,0,0,0,0
https://www.commbank.com.au/en/help?ref=38762,0,45,19,8,9,5,0.1111111111111111,2,0,3,4,4.5803,0,2,0,0,0,0,0.125,0,0,2,0,1,0,0,0
http://apple-secure-update.buzz/update,1,38,24,7,0,0,0.0,0,2,1,3,3.8077,0,0,2,0,0,0,0.043478260869565216,0,0,4,1,0,0,0,0
https://xn--pay-49d.com/signin,1,30,15,7,0,2,0.06666666666666667,0,3,1,3,4.1647,0,0,3,2,0,1,0.07142857142857142,0,0,3,0,1,0,0,0
https://www.unimelb.edu.au/docs/api,0,35,18,9,0,0,0.0,0,0,3,4,4.0931,0,2,0,0,0,0,0.06666666666666667,0,0,2,0,1,0,0,0
https://www.unimelb.edu.au/search?q=news&ref=75766,0,50,18,7,16,5,0.1,4,0,3,3,4.5513,0,2,0,0,0,0,0.06666666666666667,0,0,2,0,1,0,0,0
https://xn--cha-53d.com/login,1,29,15,6,0,2,0.06896551724137931,0,3,1,3,4.1852,0,0,3,2,0,1,0.07142857142857142,0,0,3,0,1,0,0,0
https://www.amazon.com?ref=80635,0,32,14,0,9,5,0.15625,2,0,2,2,4.4764,0,1,0,0,0,0,0.16666666666666666,0,0,3,0,1,0,0,0
http://192.168.75.202/chase/reset-password.php,1,46,14,25,0,11,0.2391304347826087,0,1,4,4,4.284,1,0,0,11,0,0,0.2727272727272727,0,1,3,0,0,0,0,0
http://irs-account-signin.loan/signin,1,37,23,7,0,0,0.0,0,2,1,3,3.8207,0,0,2,0,0,0,0.13636363636363635,0,0,4,1,0,0,0,0
https://xn--ins-72d.com/billing,1,31,15,8,0,2,0.06451612903225806,0,3,1,3,4.1471,0,0,3,2,0,1,0.07142857142857142,0,0,3,0,1,0,0,0
https://www.gov.uk/user/profile,0,31,10,13,0,0,0.0,0,0,2,4,4.0266,0,1,0,0,0,0,0.125,0,0,2,0,1,0,0,0
http://session.session.session.netflix.gq/login.php?id=5590,1,59,34,10,7,4,0.06779661016949153,2,0,5,3,4.0941,0,3,0,0,0,0,0.13333333333333333,0,0,2,1,0,0,0,0
http://session.netflix.signin.id.click/signin.php?id=8418,1,57,31,11,7,4,0.07017543859649122,2,0,5,3,4.157,0,3,0,0,0,0,0.1111111111111111,0,1,5,1,0,0,0,0
http://45.33.170.219/apple/signin.php,1,37,13,17,0,10,0.2702702702702703,0,0,4,4,4.1389,1,0,0,10,0,0,0.3,0,1,3,0,0,0,0,0
https://www.reddit.com/products/laptop,0,38,14,16,0,0,0.0,0,0,2,4,3.9354,0,1,0,0,0,0,0.08333333333333333,0,0,3,0,1,0,0,0
https://www.commbank.com.au/products/laptop?ref=39890,0,53,19,16,9,5,0.09433962264150944,2,0,3,4,4.5246,0,2,0,0,0,0,0.125,0,0,2,0,1,0,0,0
https://www.github.com/docs/api,0,31,14,9,0,0,0.0,0,0,2,4,3.9378,0,1,0,0,0,0,0.08333333333333333,0,0,3,0,1,0,0,0
http://bit.ly/p7iyf0d,1,21,6,8,0,2,0.09523809523809523,0,0,1,3,3.6538,0,0,0,0,1,0,0.2,0,0,2,0,0,0,0,0
https://www.gov.uk/?ref=42553,0,29,10,1,9,5,0.1724137931034483,2,0,2,3,4.3232,0,1,0,0,0,0,0.125,0,0,2,0,1,0,0,0
https://www.bbc.co.uk/,0,22,13,1,0,0,0.0,0,0,3,3,3.5383,0,2,0,0,0,0,0.1,0,0,2,0,1,0,0,0
http://paypal-login-webscr.click/webscr,1,39,25,7,0,0,0.0,0,2,1,3,4.253,0,0,2,0,0,0,0.16666666666666666,0,0,5,1,0,0,0,0
https://www.stackoverflow.com,0,29,21,0,0,0,0.0,0,0,2,2,3.9783,0,1,0,0,0,0,0.21052631578947367,0,0,3,0,1,0,0,0
https://www.adobe.com/search?q=news&ref=41562,0,45,13,7,16,5,0.1111111111111111,4,0,2,3,4.5694,0,1,0,0,0,0,0.18181818181818182,0,0,3,0,1,0,0,0
https://xn--ban-77d.com/update,1,30,15,7,0,2,0.06666666666666667,0,3,1,3,4.0981,0,0,3,2,0,1,0.07142857142857142,0,0,3,0,1,0,0,0
http://id.id.chase.id.tk/signin.php?id=6666,1,43,17,11,7,4,0.09302325581395349,2,0,5,3,3.8881,0,3,0,0,0,0,0.0,0,1,2,1,0,0,0,0
https://www.linkedin.com/about,0,30,16,6,0,0,0.0,0,0,2,3,4.1647,0,1,0,0,0,0,0.14285714285714285,0,0,3,0,1,0,0,0
http://dhl-account-update.tk/update,1,35,21,7,0,0,0.0,0,2,1,3,3.7783,0,0,2,0,0,0,0.1,0,0,2,1,0,0,0,0
http://irs.id.id.secure.info/secure.php?id=6935,1,47,21,11,7,4,0.0851063829787234,2,0,5,3,4.2143,0,3,0,0,0,0,0.058823529411764705,0,1,4,1,0,0,0,0
http://chase-login-webscr.win/webscr,1,36,22,7,0,0,0.0,0,2,1,3,4.1206,0,0,2,0,0,0,0.09523809523809523,0,0,3,1,0,0,0,0
http://verify.netflix.verify.netflix.top/verify.php?id=9290,1,59,33,11,7,4,0.06779661016949153,2,0,5,3,4.2052,0,3,0,0,0,0,0.10344827586206896,0,0,3,1,0,0,0,0
http://bit.ly/8ertb74,1,21,6,8,0,3,0.14285714285714285,0,0,1,3,3.6897,0,0,0,0,1,0,0.2,0,0,2,0,0,0,0,0
https://www.google.com/docs/api?ref=47105,0,41,14,9,9,5,0.12195121951219512,2,0,2,4,4.5099,0,1,0,0,0,0,0.3333333333333333,0,0,3,0,1,0,0,0
https://xn--ban-63d.com/verify,1,30,15,7,0,2,0.06666666666666667,0,3,1,3,4.4566,0,0,3,2,0,1,0.07142857142857142,0,0,3,0,1,0,0,0
https://www.linkedin.com/products/laptop?ref=20342,0,50,16,16,9,5,0.1,2,0,2,4,4.5737,0,1,0,0,0,0,0.14285714285714285,0,0,3,0,1,0,0,0
http://irs-id-account.xyz/account,1,33,18,8,0,0,0.0,0,2,1,3,4.0518,0,0,2,0,0,0,0.058823529411764705,0,0,3,1,0,0,0,0
https://www.wikipedia.org/search?q=news,0,39,17,7,6,0,0.0,2,0,2,3,4.1923,0,1,0,0,0,0,0.06666666666666667,0,0,3,0,1,0,0,0
http://192.168.161.17/apple/verify.php,1,38,14,17,0,11,0.2894736842105263,0,0,4,4,4.0053,1,0,0,11,0,0,0.45454545454545453,0,1,2,0,0,0,0,0
https://www.adobe.com/en/help,0,29,13,8,0,0,0.0,0,0,2,4,3.9094,0,1,0,0,0,0,0.18181818181818182,0,0,3,0,1,0,0,0
https://www.microsoft.com/blog/2026/update?ref=38752,0,52,17,17,9,9,0.17307692307692307,2,0,2,5,4.6789,0,1,0,0,0,0,0.2,0,0,3,0,1,0,0,0
https://www.amazon.com/about,0,28,14,6,0,0,0.0,0,0,2,3,3.8154,0,1,0,0,0,0,0.16666666666666666,0,0,3,0,1,0,0,0
https://www.apple.com/docs/api?ref=88584,0,40,13,9,9,5,0.125,2,0,2,4,4.3342,0,1,0,0,0,0,0.18181818181818182,0,0,3,0,1,0,0,0
https://xn--pay-16d.com/signin,1,30,15,7,0,2,0.06666666666666667,0,3,1,3,4.1647,0,0,3,2,0,1,0.14285714285714285,0,0,3,0,1,0,0,0
https://www.who.int/docs/api?ref=8518,0,37,11,9,8,4,0.10810810810810811,2,0,2,4,4.2701,0,1,0,0,0,0,0.1111111111111111,0,0,3,0,1,0,0,0
http://session.signin.secure.signin.gq/signin.php?id=3270,1,57,31,11,7,4,0.07017543859649122,2,0,5,3,4.0579,0,3,0,0,0,0,0.037037037037037035,0,0,2,1,0,0,0,0
https://xn--cha-41d.com/billing,1,31,15,8,0,2,0.06451612903225806,0,3,1,3,4.2603,0,0,3,2,0,1,0.14285714285714285,0,0,3,0,1,0,0,0
http://instagram-secure-account.buzz/account,1,44,29,8,0,0,0.0,0,2,1,3,4.0792,0,0,2,0,0,0,0.03571428571428571,0,0,4,1,0,0,0,0
http://irs.irs.secure.secure.loan/reset-password.php?id=6315,1,60,26,19,7,4,0.06666666666666667,2,1,5,3,4.2978,0,3,0,0,0,0,0.09090909090909091,0,1,4,1,0,0,0,0
https://www.github.com/en/help,0,30,14,8,0,0,0.0,0,0,2,4,3.9647,0,1,0,0,0,0,0.08333333333333333,0,0,3,0,1,0,0,0
https://www.bbc.co.uk/en/help?ref=88878,0,39,13,8,9,5,0.1282051282051282,2,0,3,4,4.253,0,2,0,0,0,0,0.1,0,0,2,0,1,0,0,0
https://www.commbank.com.au/docs/api?ref=78236,0,46,19,9,9,5,0.10869565217391304,2,0,3,4,4.599,0,2,0,0,0,0,0.125,0,0,2,0,1,0,0,0
http://login.apple.session.session.loan/login.php?id=2130,1,57,32,10,7,4,0.07017543859649122,2,0,5,3,4.0949,0,3,0,0,0,0,0.25,0,1,4,1,0,0,0,0
https://www.who.int/blog/2026/update?ref=62433,0,46,11,17,9,9,0.1956521739130435,2,0,2,5,4.5156,0,1,0,0,0,0,0.1111111111111111,0,0,3,0,1,0,0,0
https://www.wikipedia.org/products/laptop,0,41,17,16,0,0,0.0,0,0,2,4,4.0132,0,1,0,0,0,0,0.06666666666666667,0,0,3,0,1,0,0,0
https://www.nytimes.com?ref=47955,0,33,15,0,9,5,0.15151515151515152,2,0,2,2,4.3926,0,1,0,0,0,0,0.07692307692307693,0,0,3,0,1,0,0,0
https://www.apple.com/products/laptop,0,37,13,16,0,0,0.0,0,0,2,4,3.8305,0,1,0,0,0,0,0.18181818181818182,0,0,3,0,1,0,0,0
http://instagram-account-verify.click/verify,1,44,30,7,0,0,0.0,0,2,1,3,4.3171,0,0,2,0,0,0,0.06896551724137931,0,0,5,1,0,0,0,0
http://10.0.223.214/amazon/billing.php,1,38,12,19,0,9,0.23684210526315788,0,0,4,4,4.1556,1,0,0,9,0,0,0.4444444444444444,0,1,3,0,0,0,0,0
https://www.apple.com?ref=92818,0,31,13,0,9,5,0.16129032258064516,2,0,2,2,4.3248,0,1,0,0,0,0,0.18181818181818182,0,0,3,0,1,0,0,0
http://bit.ly/zareiya,1,21,6,8,0,0,0.0,0,0,1,3,3.6538,0,0,0,0,1,0,0.2,0,0,2,0,0,0,0,0
https://www.stackoverflow.com/products/laptop?ref=90783,0,55,21,16,9,5,0.09090909090909091,2,0,2,4,4.4817,0,1,0,0,0,0,0.21052631578947367,0,0,3,0,1,0,0,0
http://bit.ly/yvyv2gq,1,21,6,8,0,1,0.047619047619047616,0,0,1,3,3.6178,0,0,0,0,1,0,0.2,0,0,2,0,0,0,0,0
http://192.168.198.229/bankofamerica/login.php,1,46,15,24,0,12,0.2608695652173913,0,0,4,4,4.398,1,0,0,12,0,0,0.25,0,1,3,0,0,0,0,0
http://45.33.18.77/dhl/webscr.php,1,33,11,15,0,8,0.24242424242424243,0,0,4,4,4.0896,1,0,0,8,0,0,0.125,0,1,2,0,0,0,0,0
http://dhl-id-billing.win/billing,1,33,18,8,0,0,0.0,0,2,1,3,3.5708,0,0,2,0,0,0,0.17647058823529413,0,0,3,1,0,0,0,0
http://session.irs.irs.reset-password.buzz/reset-password.php?id=3267,1,69,35,19,7,4,0.057971014492753624,2,2,5,3,4.2439,0,3,1,0,0,0,0.06451612903225806,0,1,4,1,0,0,0,0
https://www.amazon.com/search?q=news&ref=71701,0,46,14,7,16,5,0.10869565217391304,4,0,2,3,4.4579,0,1,0,0,0,0,0.16666666666666666,0,0,3,0,1,0,0,0
http://bit.ly/0i9g5dz,1,21,6,8,0,3,0.14285714285714285,0,0,1,3,3.8442,0,0,0,0,1,0,0.2,0,0,2,0,0,0,0,0
https://www.microsoft.com/docs/api?ref=30949,0,44,17,9,9,5,0.11363636363636363,2,0,2,4,4.3454,0,1,0,0,0,0,0.2,0,0,3,0,1,0,0,0
http://verify.session.secure.amazon.top/verify.php?id=1475,1,58,32,11,7,4,0.06896551724137931,2,0,5,3,4.509,0,3,0,0,0,0,0.10714285714285714,0,0,3,1,0,0,0,0
http://irs-id-billing.buzz/billing,1,34,19,8,0,0,0.0,0,2,1,3,3.8222,0,0,2,0,0,0,0.1111111111111111,0,0,4,1,0,0,0,0
https://www.spotify.com/blog/2026/update?ref=72176,0,50,15,17,9,9,0.18,2,0,2,5,4.6313,0,1,0,0,0,0,0.15384615384615385,0,0,3,0,1,0,0,0
https://xn--net-74d.com/login,1,29,15,6,0,2,0.06896551724137931,0,3,1,3,4.1332,0,0,3,2,0,1,0.07142857142857142,0,0,3,0,1,0,0,0
https://www.dropbox.com/blog/2026/update,0,40,15,17,0,4,0.1,0,0,2,5,4.2751,0,1,0,0,0,0,0.23076923076923078,0,0,3,0,1,0,0,0
http://session.session.confirm.session.loan/confirm.php?id=6885,1,63,36,12,7,4,0.06349206349206349,2,0,5,3,4.1529,0,3,0,0,0,0,0.1875,0,0,4,1,0,0,0,0
https://xn--app-27d.com/webscr,1,30,15,7,0,2,0.06666666666666667,0,3,1,3,4.2314,0,0,3,2,0,1,0.07142857142857142,0,0,3,0,1,0,0,0
https://www.who.int/user/profile?ref=99453,0,42,11,13,9,5,0.11904761904761904,2,0,2,4,4.2908,0,1,0,0,0,0,0.1111111111111111,0,0,3,0,1,0,0,0
http://bit.ly/khub2rt,1,21,6,8,0,1,0.047619047619047616,0,0,1,3,3.5945,0,0,0,0,1,0,0.2,0,0,2,0,0,0,0,0
http://id.coinbase.id.secure.buzz/account.php?id=2728,1,53,26,12,7,4,0.07547169811320754,2,0,5,3,4.3668,0,3,0,0,0,0,0.045454545454545456,0,1,4,1,0,0,0,0
http://secure.id.session.session.icu/signin.php?id=3717,1,55,29,11,7,4,0.07272727272727272,2,0,5,3,4.0583,0,3,0,0,0,0,0.08,0,0,3,1,0,0,0,0
http://bit.ly/tixc7ur,1,21,6,8,0,1,0.047619047619047616,0,0,1,3,3.6897,0,0,0,0,1,0,0.2,0,0,2,0,0,0,0,0
http://10.0.49.88/dhl/reset-password.php,1,40,10,23,0,7,0.175,0,1,4,4,4.1153,1,0,0,7,0,0,0.42857142857142855,0,1,2,0,0,0,0,0
https://www.reddit.com?ref=9855,0,31,14,0,8,4,0.12903225806451613,2,0,2,2,4.2603,0,1,0,0,0,0,0.08333333333333333,0,0,3,0,1,0,0,0
https://www.nytimes.com/products/laptop?ref=61901,0,49,15,16,9,5,0.10204081632653061,2,0,2,4,4.5152,0,1,0,0,0,0,0.07692307692307693,0,0,3,0,1,0,0,0
https://www.wikipedia.org?ref=28686,0,35,17,0,9,5,0.14285714285714285,2,0,2,2,4.3077,0,1,0,0,0,0,0.06666666666666667,0,0,3,0,1,0,0,0
https://www.spotify.com/search?q=news&ref=23037,0,47,15,7,16,5,0.10638297872340426,4,0,2,3,4.5277,0,1,0,0,0,0,0.15384615384615385,0,0,3,0,1,0,0,0
http://bit.ly/b7kr0ay,1,21,6,8,0,2,0.09523809523809523,0,0,1,3,3.749,0,0,0,0,1,0,0.2,0,0,2,0,0,0,0,0
https://www.github.com/en/help?ref=67535,0,40,14,8,9,5,0.125,2,0,2,4,4.4964,0,1,0,0,0,0,0.08333333333333333,0,0,3,0,1,0,0,0
https://www.who.int/products/laptop?ref=31340,0,45,11,16,9,5,0.1111111111111111,2,0,2,4,4.3726,0,1,0,0,0,0,0.1111111111111111,0,0,3,0,1,0,0,0
http://bit.ly/wybow23,1,21,6,8,0,2,0.09523809523809523,0,0,1,3,3.6538,0,0,0,0,1,0,0.2,0,0,2,0,0,0,0,0
http://104.21.52.25/netflix/billing.php,1,39,12,20,0,9,0.23076923076923078,0,0,4,4,4.0604,1,0,0,9,0,0,0.3333333333333333,0,1,2,0,0,0,0,0
http://amazon-id-billing.top/billing,1,36,21,8,0,0,0.0,0,2,1,3,3.8956,0,0,2,0,0,0,0.2,0,0,3,1,0,0,0,0
https://xn--cha-92d.com/update,1,30,15,7,0,2,0.06666666666666667,0,3,1,3,4.0981,0,0,3,2,0,1,0.07142857142857142,0,0,3,0,1,0,0,0
http://104.21.117.1/apple/verify.php,1,36,12,17,0,9,0.25,0,0,4,4,3.9138,1,0,0,9,0,0,0.6666666666666666,0,1,1,0,0,0,0,0
http://bankofamerica-id-secure.info/secure,1,42,28,7,0,0,0.0,0,2,1,3,4.2165,0,0,2,0,0,0,0.07407407407407407,0,0,4,1,0,0,0,0
https://xn--ban-78d.com/secure,1,30,15,7,0,2,0.06666666666666667,0,3,1,3,4.2566,0,0,3,2,0,1,0.07142857142857142,0,0,3,0,1,0,0,0
http://outlook-account-secure.xyz/secure,1,40,26,7,0,0,0.0,0,2,1,3,4.0531,0,0,2,0,0,0,0.2,0,0,3,1,0,0,0,0
https://www.bbc.co.uk/blog/2026/update?ref=8146,0,47,13,17,8,8,0.1702127659574468,2,0,3,5,4.605,0,2,0,0,0,0,0.1,0,0,2,0,1,0,0,0
https://www.linkedin.com/blog/2026/update?ref=87057,0,51,16,17,9,9,0.17647058823529413,2,0,2,5,4.7729,0,1,0,0,0,0,0.14285714285714285,0,0,3,0,1,0,0,0
http://session.session.session.session.top/confirm.php?id=5098,1,62,35,12,7,4,0.06451612903225806,2,0,5,3,3.9418,0,3,0,0,0,0,0.16129032258064516,0,0,3,1,0,0,0,0
http://bit.ly/ob0nlw0,1,21,6,8,0,2,0.09523809523809523,0,0,1,3,3.6538,0,0,0,0,1,0,0.2,0,0,2,0,0,0,0,0
https://www.linkedin.com/en/help?ref=4617,0,41,16,8,8,4,0.0975609756097561,2,0,2,4,4.4427,0,1,0,0,0,0,0.14285714285714285,0,0,3,0,1,0,0,0
https://www.abc.net.au/search?q=news,0,36,14,7,6,0,0.0,2,0,3,3,3.9886,0,2,0,0,0,0,0.0,0,0,2,0,1,0,0,0
https://www.stackoverflow.com/about,0,35,21,6,0,0,0.0,0,0,2,3,4.0791,0,1,0,0,0,0,0.21052631578947367,0,0,3,0,1,0,0,0
https://www.who.int?ref=19964,0,29,11,0,9,5,0.1724137931034483,2,0,2,2,4.1423,0,1,0,0,0,0,0.1111111111111111,0,0,3,0,1,0,0,0
http://apple-secure-reset-password.buzz/reset-password,1,54,32,15,0,0,0.0,0,4,1,3,3.9395,0,0,3,0,0,0,0.06451612903225806,0,0,4,1,0,0,0,0
https://www.linkedin.com/en/help?ref=12542,0,42,16,8,9,5,0.11904761904761904,2,0,2,4,4.4516,0,1,0,0,0,0,0.14285714285714285,0,0,3,0,1,0,0,0
http://outlook-account-account.click/account,1,44,29,8,0,0,0.0,0,2,1,3,3.5666,0,0,2,0,0,0,0.25,0,0,5,1,0,0,0,0
https://www.google.com/en/help,0,30,14,8,0,0,0.0,0,0,2,4,3.7647,0,1,0,0,0,0,0.3333333333333333,0,0,3,0,1,0,0,0
http://session.session.secure.secure.xyz/reset-password.php?id=8779,1,67,33,19,7,4,0.05970149253731343,2,1,5,3,4.2649,0,3,0,0,0,0,0.06896551724137931,0,0,3,1,0,0,0,0
https://www.netflix.com/user/profile?ref=11077,0,46,15,13,9,5,0.10869565217391304,2,0,2,4,4.4144,0,1,0,0,0,0,0.15384615384615385,0,0,3,0,1,0,0,0
http://bankofamerica.id.signin.signin.click/signin.php?id=5308,1,62,36,11,7,4,0.06451612903225806,2,0,5,3,4.325,0,3,0,0,0,0,0.0625,0,1,5,1,0,0,0,0
http://paypal-account-signin.gq/signin,1,38,24,7,0,0,0.0,0,2,1,3,3.9483,0,0,2,0,0,0,0.08695652173913043,0,0,2,1,0,0,0,0
http://instagram-secure-billing.win/billing,1,43,28,8,0,0,0.0,0,2,1,3,4.0827,0,0,2,0,0,0,0.07407407407407407,0,0,3,1,0,0,0,0
https://www.nytimes.com/docs/api?ref=35664,0,42,15,9,9,5,0.11904761904761904,2,0,2,4,4.4813,0,1,0,0,0,0,0.07692307692307693,0,0,3,0,1,0,0,0
https://www.gov.uk/search?q=news&ref=93778,0,42,10,7,16,5,0.11904761904761904,4,0,2,3,4.5765,0,1,0,0,0,0,0.125,0,0,2,0,1,0,0,0
http://coinbase-account-billing.buzz/billing,1,44,29,8,0,0,0.0,0,2,1,3,4.0532,0,0,2,0,0,0,0.14285714285714285,0,0,4,1,0,0,0,0
http://bit.ly/cuctsuf,1,21,6,8,0,0,0.0,0,0,1,3,3.5945,0,0,0,0,1,0,0.2,0,0,2,0,0,0,0,0
http://bit.ly/4yrp5ge,1,21,6,8,0,2,0.09523809523809523,0,0,1,3,3.749,0,0,0,0,1,0,0.2,0,0,2,0,0,0,0,0
http://bit.ly/20rape6,1,21,6,8,0,3,0.14285714285714285,0,0,1,3,3.8442,0,0,0,0,1,0,0.2,0,0,2,0,0,0,0,0
https://xn--out-90d.com/login,1,29,15,6,0,2,0.06896551724137931,0,3,1,3,4.1332,0,0,3,2,0,1,0.21428571428571427,0,0,3,0,1,0,0,0
http://chase-verify-reset-password.info/reset-password,1,54,32,15,0,0,0.0,0,4,1,3,4.0551,0,0,3,0,0,0,0.06451612903225806,0,0,4,1,0,0,0,0
https://www.who.int/search?q=news,0,33,11,7,6,0,0.0,2,0,2,3,3.9344,0,1,0,0,0,0,0.1111111111111111,0,0,3,0,1,0,0,0
https://www.microsoft.com/docs/api?ref=45681,0,44,17,9,9,5,0.11363636363636363,2,0,2,4,4.3908,0,1,0,0,0,0,0.2,0,0,3,0,1,0,0,0
http://apple-login-account.loan/account,1,39,24,8,0,0,0.0,0,2,1,3,3.7914,0,0,2,0,0,0,0.2608695652173913,0,0,4,1,0,0,0,0
https://www.gov.uk/?ref=64699,0,29,10,1,9,5,0.1724137931034483,2,0,2,3,4.2542,0,1,0,0,0,0,0.125,0,0,2,0,1,0,0,0
http://instagram-verify-billing.xyz/billing,1,43,28,8,0,0,0.0,0,2,1,3,4.2047,0,0,2,0,0,0,0.07407407407407407,0,0,3,1,0,0,0,0
https://xn--net-54d.com/billing,1,31,15,8,0,2,0.06451612903225806,0,3,1,3,4.2116,0,0,3,2,0,1,0.07142857142857142,0,0,3,0,1,0,0,0
http://microsoft-id-login.buzz/login,1,36,23,6,0,0,0.0,0,2,1,3,4.1835,0,0,2,0,0,0,0.18181818181818182,0,0,4,1,0,0,0,0
http://session.session.id.secure.xyz/billing.php?id=4304,1,56,29,12,7,4,0.07142857142857142,2,0,5,3,4.3603,0,3,0,0,0,0,0.08,0,0,3,1,0,0,0,0
http://login.secure.login.id.icu/login.php?id=8600,1,50,25,10,7,4,0.08,2,0,5,3,4.2509,0,3,0,0,0,0,0.19047619047619047,0,0,3,1,0,0,0,0
https://www.nytimes.com/search?q=news&ref=98370,0,47,15,7,16,5,0.10638297872340426,4,0,2,3,4.5437,0,1,0,0,0,0,0.07692307692307693,0,0,3,0,1,0,0,0
https://www.wikipedia.org/search?q=news&ref=5117,0,48,17,7,15,4,0.08333333333333333,4,0,2,3,4.4885,0,1,0,0,0,0,0.06666666666666667,0,0,3,0,1,0,0,0
http://45.33.160.156/coinbase/reset-password.php,1,48,13,28,0,10,0.20833333333333334,0,1,4,4,4.3868,1,0,0,10,0,0,0.3,0,1,3,0,0,0,0,0
https://www.nytimes.com/en/help?ref=22581,0,41,15,8,9,5,0.12195121951219512,2,0,2,4,4.3939,0,1,0,0,0,0,0.07692307692307693,0,0,3,0,1,0,0,0
https://www.wikipedia.org/en/help?ref=73512,0,43,17,8,9,5,0.11627906976744186,2,0,2,4,4.4609,0,1,0,0,0,0,0.06666666666666667,0,0,3,0,1,0,0,0
https://xn--coi-40d.com/update,1,30,15,7,0,2,0.06666666666666667,0,3,1,3,4.1647,0,0,3,2,0,1,0.21428571428571427,0,0,3,0,1,0,0,0
https://www.gov.uk/en/help?ref=17704,0,36,10,8,9,5,0.1388888888888889,2,0,2,4,4.4058,0,1,0,0,0,0,0.125,0,0,2,0,1,0,0,0
http://104.21.212.39/amazon/reset-password.php,1,46,13,26,0,10,0.21739130434782608,0,1,4,4,4.3111,1,0,0,10,0,0,0.4,0,1,2,0,0,0,0,0
https://www.dropbox.com/en/help?ref=93124,0,41,15,8,9,5,0.12195121951219512,2,0,2,4,4.5034,0,1,0,0,0,0,0.23076923076923078,0,0,3,0,1,0,0,0
https://www.spotify.com/blog/2026/update?ref=53976,0,50,15,17,9,9,0.18,2,0,2,5,4.7264,0,1,0,0,0,0,0.15384615384615385,0,0,3,0,1,0,0,0
https://www.gov.uk/products/laptop?ref=83447,0,44,10,16,9,5,0.11363636363636363,2,0,2,4,4.4706,0,1,0,0,0,0,0.125,0,0,2,0,1,0,0,0
https://www.who.int?ref=94850,0,29,11,0,9,5,0.1724137931034483,2,0,2,2,4.2113,0,1,0,0,0,0,0.1111111111111111,0,0,3,0,1,0,0,0
https://www.dropbox.com/en/help?ref=48526,0,41,15,8,9,5,0.12195121951219512,2,0,2,4,4.5034,0,1,0,0,0,0,0.23076923076923078,0,0,3,0,1,0,0,0
https://www.unimelb.edu.au/?ref=12188,0,37,18,1,9,5,0.13513513513513514,2,0,3,3,4.4047,0,2,0,0,0,0,0.06666666666666667,0,0,2,0,1,0,0,0
http://bit.ly/iiji44m,1,21,6,8,0,2,0.09523809523809523,0,0,1,3,3.4633,0,0,0,0,1,0,0.2,0,0,2,0,0,0,0,0
https://www.microsoft.com/user/profile?ref=84130,0,48,17,13,9,5,0.10416666666666667,2,0,2,4,4.3813,0,1,0,0,0,0,0.2,0,0,3,0,1,0,0,0
http://192.168.62.53/paypal/signin.php,1,38,13,18,0,10,0.2631578947368421,0,0,4,4,4.1003,1,0,0,10,0,0,0.2,0,1,2,0,0,0,0,0
http://45.33.102.186/coinbase/confirm.php,1,41,13,21,0,10,0.24390243902439024,0,0,4,4,4.4611,1,0,0,10,0,0,0.3,0,1,3,0,0,0,0,0
https://xn--out-46d.com/secure,1,30,15,7,0,2,0.06666666666666667,0,3,1,3,4.0981,0,0,3,2,0,1,0.14285714285714285,0,0,3,0,1,0,0,0
http://10.0.115.193/netflix/signin.php,1,38,12,19,0,9,0.23684210526315788,0,0,4,4,4.0106,1,0,0,9,0,0,0.6666666666666666,0,1,3,0,0,0,0,0
http://bit.ly/vyb6li0,1,21,6,8,0,2,0.09523809523809523,0,0,1,3,3.5585,0,0,0,0,1,0,0.2,0,0,2,0,0,0,0,0
http://billing.secure.session.secure.top/billing.php?id=1681,1,60,33,12,7,4,0.06666666666666667,2,0,5,3,4.2968,0,3,0,0,0,0,0.13793103448275862,0,0,3,1,0,0,0,0
https://www.google.com/docs/api,0,31,14,9,0,0,0.0,0,0,2,4,3.8976,0,1,0,0,0,0,0.3333333333333333,0,0,3,0,1,0,0,0
http://10.0.58.206/irs/login.php,1,32,11,14,0,8,0.25,0,0,4,4,4.0153,1,0,0,8,0,0,0.5,0,1,3,0,0,0,0,0
http://secure.chase.session.chase.info/reset-password.php?id=9419,1,65,31,19,7,4,0.06153846153846154,2,1,5,3,4.252,0,3,0,0,0,0,0.07407407407407407,0,0,4,1,0,0,0,0
https://xn--ins-94d.com/login,1,29,15,6,0,2,0.06896551724137931,0,3,1,3,4.0902,0,0,3,2,0,1,0.07142857142857142,0,0,3,0,1,0,0,0
https://www.nytimes.com/products/laptop?ref=40251,0,49,15,16,9,5,0.10204081632653061,2,0,2,4,4.5561,0,1,0,0,0,0,0.07692307692307693,0,0,3,0,1,0,0,0
http://outlook.webscr.secure.outlook.icu/webscr.php?id=4707,1,59,33,11,7,4,0.06779661016949153,2,0,5,3,4.321,0,3,0,0,0,0,0.27586206896551724,0,0,3,1,0,0,0,0
https://www.wikipedia.org/about?ref=74772,0,41,17,6,9,5,0.12195121951219512,2,0,2,3,4.4059,0,1,0,0,0,0,0.06666666666666667,0,0,3,0,1,0,0,0
https://www.amazon.com/?ref=88012,0,33,14,1,9,5,0.15151515151515152,2,0,2,3,4.3926,0,1,0,0,0,0,0.16666666666666666,0,0,3,0,1,0,0,0
https://xn--pay-98d.com/confirm,1,31,15,8,0,2,0.06451612903225806,0,3,1,3,4.2603,0,0,3,2,0,1,0.07142857142857142,0,0,3,0,1,0,0,0
https://www.stackoverflow.com/en/help?ref=44054,0,47,21,8,9,5,0.10638297872340426,2,0,2,4,4.4,0,1,0,0,0,0,0.21052631578947367,0,0,3,0,1,0,0,0
http://id.secure.coinbase.id.win/update.php?id=9608,1,51,25,11,7,4,0.0784313725490196,2,0,5,3,4.3248,0,3,0,0,0,0,0.047619047619047616,0,1,3,1,0,0,0,0
http://10.0.166.157/amazon/confirm.php,1,38,12,19,0,9,0.23684210526315788,0,0,4,4,4.1556,1,0,0,9,0,0,0.5555555555555556,0,1,3,0,0,0,0,0
https://www.reddit.com/en/help?ref=7658,0,39,14,8,8,4,0.10256410256410256,2,0,2,4,4.3749,0,1,0,0,0,0,0.08333333333333333,0,0,3,0,1,0,0,0
https://www.gov.uk/blog/2026/update?ref=33177,0,45,10,17,9,9,0.2,2,0,2,5,4.6225,0,1,0,0,0,0,0.125,0,0,2,0,1,0,0,0
https://www.amazon.com/docs/api?ref=21379,0,41,14,9,9,5,0.12195121951219512,2,0,2,4,4.5218,0,1,0,0,0,0,0.16666666666666666,0,0,3,0,1,0,0,0
https://xn--dhl-60d.com/reset-password,1,38,15,15,0,2,0.05263157894736842,0,4,1,3,4.1883,0,0,3,2,0,1,0.21428571428571427,0,0,3,0,1,0,0,0
http://apple-id-account.tk/account,1,34,19,8,0,0,0.0,0,2,1,3,3.8559,0,0,2,0,0,0,0.1111111111111111,0,0,2,1,0,0,0,0
https://xn--mic-26d.com/confirm,1,31,15,8,0,2,0.06451612903225806,0,3,1,3,4.0826,0,0,3,2,0,1,0.07142857142857142,0,0,3,0,1,0,0,0
https://www.spotify.com/docs/api?ref=56255,0,42,15,9,9,5,0.11904761904761904,2,0,2,4,4.3321,0,1,0,0,0,0,0.15384615384615385,0,0,3,0,1,0,0,0
http://bit.ly/5dlxzf0,1,21,6,8,0,2,0.09523809523809523,0,0,1,3,3.8442,0,0,0,0,1,0,0.2,0,0,2,0,0,0,0,0
http://192.168.115.154/apple/billing.php,1,40,15,18,0,12,0.3,0,0,4,4,4.0226,1,0,0,12,0,0,0.4166666666666667,0,1,3,0,0,0,0,0
https://xn--ins-47d.com/update,1,30,15,7,0,2,0.06666666666666667,0,3,1,3,4.1647,0,0,3,2,0,1,0.07142857142857142,0,0,3,0,1,0,0,0
https://www.commbank.com.au/en/help,0,35,19,8,0,0,0.0,0,0,3,4,4.036,0,2,0,0,0,0,0.125,0,0,2,0,1,0,0,0
https://www.wikipedia.org/?ref=95025,0,36,17,1,9,5,0.1388888888888889,2,0,2,3,4.3502,0,1,0,0,0,0,0.06666666666666667,0,0,3,0,1,0,0,0
https://www.stackoverflow.com/en/help?ref=54476,0,47,21,8,9,5,0.10638297872340426,2,0,2,4,4.4586,0,1,0,0,0,0,0.21052631578947367,0,0,3,0,1,0,0,0
https://www.adobe.com/user/profile,0,34,13,13,0,0,0.0,0,0,2,4,4.1385,0,1,0,0,0,0,0.18181818181818182,0,0,3,0,1,0,0,0
http://dhl-account-secure.info/secure,1,37,23,7,0,0,0.0,0,2,1,3,4.0672,0,0,2,0,0,0,0.13636363636363635,0,0,4,1,0,0,0,0
https://www.stackoverflow.com/products/laptop,0,45,21,16,0,0,0.0,0,0,2,4,4.0534,0,1,0,0,0,0,0.21052631578947367,0,0,3,0,1,0,0,0
https://www.dropbox.com/blog/2026/update?ref=68154,0,50,15,17,9,9,0.18,2,0,2,5,4.6864,0,1,0,0,0,0,0.23076923076923078,0,0,3,0,1,0,0,0
http://bankofamerica.secure.secure.secure.top/secure.php?id=5382,1,64,38,11,7,4,0.0625,2,0,5,3,4.3184,0,3,0,0,0,0,0.058823529411764705,0,1,3,1,0,0,0,0
https://www.linkedin.com/about?ref=12104,0,40,16,6,9,5,0.125,2,0,2,3,4.6653,0,1,0,0,0,0,0.14285714285714285,0,0,3,0,1,0,0,0
http://secure.netflix.netflix.id.xyz/signin.php?id=4275,1,55,29,11,7,4,0.07272727272727272,2,0,5,3,4.4107,0,3,0,0,0,0,0.08,0,1,3,1,0,0,0,0
https://www.apple.com/en/help?ref=90364,0,39,13,8,9,5,0.1282051282051282,2,0,2,4,4.343,0,1,0,0,0,0,0.18181818181818182,0,0,3,0,1,0,0,0
http://192.168.218.88/instagram/secure.php,1,42,14,21,0,11,0.2619047619047619,0,0,4,4,4.1955,1,0,0,11,0,0,0.2727272727272727,0,1,2,0,0,0,0,0
http://secure.id.update.update.buzz/update.php?id=2916,1,54,28,11,7,4,0.07407407407407407,2,0,5,3,4.1055,0,3,0,0,0,0,0.0,0,0,4,1,0,0,0,0
http://microsoft.session.id.session.tk/webscr.php?id=8921,1,57,31,11,7,4,0.07017543859649122,2,0,5,3,4.2981,0,3,0,0,0,0,0.14814814814814814,0,1,2,1,0,0,0,0
https://www.netflix.com/?ref=45725,0,34,15,1,9,5,0.14705882352941177,2,0,2,3,4.4326,0,1,0,0,0,0,0.15384615384615385,0,0,3,0,1,0,0,0
http://login.irs.id.session.gq/login.php?id=2245,1,48,23,10,7,4,0.08333333333333333,2,0,5,3,4.1497,0,3,0,0,0,0,0.15789473684210525,0,1,2,1,0,0,0,0
http://session.secure.account.account.loan/account.php?id=9967,1,62,35,12,7,4,0.06451612903225806,2,0,5,3,4.1743,0,3,0,0,0,0,0.16129032258064516,0,0,4,1,0,0,0,0
https://www.microsoft.com/search?q=news&ref=11641,0,49,17,7,16,5,0.10204081632653061,4,0,2,3,4.4048,0,1,0,0,0,0,0.2,0,0,3,0,1,0,0,0
https://www.abc.net.au/en/help?ref=99992,0,40,14,8,9,5,0.125,2,0,3,4,4.1653,0,2,0,0,0,0,0.0,0,0,2,0,1,0,0,0
https://www.commbank.com.au/about?ref=88153,0,43,19,6,9,5,0.11627906976744186,2,0,3,3,4.4662,0,2,0,0,0,0,0.125,0,0,2,0,1,0,0,0
https://www.commbank.com.au?ref=75928,0,37,19,0,9,5,0.13513513513513514,2,0,3,2,4.5537,0,2,0,0,0,0,0.125,0,0,2,0,1,0,0,0
http://session.signin.instagram.signin.icu/signin.php?id=2380,1,61,35,11,7,4,0.06557377049180328,2,0,5,3,4.0497,0,3,0,0,0,0,0.03225806451612903,0,1,3,1,0,0,0,0
http://10.0.138.84/irs/account.php,1,34,11,16,0,8,0.23529411764705882,0,0,4,4,4.0431,1,0,0,8,0,0,0.5,0,1,2,0,0,0,0,0
https://www.who.int/about,0,25,11,6,0,0,0.0,0,0,2,3,3.5737,0,1,0,0,0,0,0.1111111111111111,0,0,3,0,1,0,0,0
http://bit.ly/qjqijc1,1,21,6,8,0,1,0.047619047619047616,0,0,1,3,3.6538,0,0,0,0,1,0,0.2,0,0,2,0,0,0,0,0
http://microsoft-verify-login.info/login,1,40,27,6,0,0,0.0,0,2,1,3,4.066,0,0,2,0,0,0,0.19230769230769232,0,0,4,1,0,0,0,0
http://confirm.outlook.id.confirm.click/confirm.php?id=5923,1,59,32,12,7,4,0.06779661016949153,2,0,5,3,4.2636,0,3,0,0,0,0,0.25,0,1,5,1,0,0,0,0
http://id.chase.chase.secure.loan/secure.php?id=5064,1,52,26,11,7,4,0.07692307692307693,2,0,5,3,4.2507,0,3,0,0,0,0,0.09090909090909091,0,1,4,1,0,0,0,0
http://id.chase.id.secure.info/login.php?id=9589,1,48,23,10,7,4,0.08333333333333333,2,0,5,3,4.3559,0,3,0,0,0,0,0.05263157894736842,0,1,4,1,0,0,0,0
https://www.abc.net.au/?ref=76574,0,33,14,1,9,5,0.15151515151515152,2,0,3,3,4.2862,0,2,0,0,0,0,0.0,0,0,2,0,1,0,0,0
https://xn--net-71d.com/secure,1,30,15,7,0,2,0.06666666666666667,0,3,1,3,4.0729,0,0,3,2,0,1,0.14285714285714285,0,0,3,0,1,0,0,0
https://www.commbank.com.au,0,27,19,0,0,0,0.0,0,0,3,2,3.8562,0,2,0,0,0,0,0.125,0,0,2,0,1,0,0,0
http://secure.session.secure.secure.icu/secure.php?id=3198,1,58,32,11,7,4,0.06896551724137931,2,0,5,3,3.9739,0,3,0,0,0,0,0.03571428571428571,0,0,3,1,0,0,0,0
https://www.apple.com/,0,22,13,1,0,0,0.0,0,0,2,3,3.6292,0,1,0,0,0,0,0.18181818181818182,0,0,3,0,1,0,0,0
http://id.verify.id.session.loan/verify.php?id=9465,1,51,25,11,7,4,0.0784313725490196,2,0,5,3,4.3608,0,3,0,0,0,0,0.14285714285714285,0,0,4,1,0,0,0,0
https://www.wikipedia.org/docs/api,0,34,17,9,0,0,0.0,0,0,2,4,3.8888,0,1,0,0,0,0,0.06666666666666667,0,0,3,0,1,0,0,0
http://192.168.56.115/instagram/update.php,1,42,14,21,0,11,0.2619047619047619,0,0,4,4,4.1839,1,0,0,11,0,0,0.36363636363636365,0,1,3,0,0,0,0,0
https://www.adobe.com/?ref=9392,0,31,13,1,8,4,0.12903225806451613,2,0,2,3,4.3248,0,1,0,0,0,0,0.18181818181818182,0,0,3,0,1,0,0,0
http://bit.ly/up8ijl2,1,21,6,8,0,2,0.09523809523809523,0,0,1,3,3.6538,0,0,0,0,1,0,0.2,0,0,2,0,0,0,0,0
https://www.gov.uk?ref=57148,0,28,10,0,9,5,0.17857142857142858,2,0,2,2,4.4233,0,1,0,0,0,0,0.125,0,0,2,0,1,0,0,0
https://www.github.com,0,22,14,0,0,0,0.0,0,0,2,2,3.7544,0,1,0,0,0,0,0.08333333333333333,0,0,3,0,1,0,0,0
https://xn--mic-97d.com/update,1,30,15,7,0,2,0.06666666666666667,0,3,1,3,4.1647,0,0,3,2,0,1,0.07142857142857142,0,0,3,0,1,0,0,0
http://instagram-login-signin.top/signin,1,40,26,7,0,0,0.0,0,2,1,3,3.7087,0,0,2,0,0,0,0.12,0,0,3,1,0,0,0,0
http://bit.ly/fhhcmkt,1,21,6,8,0,0,0.0,0,0,1,3,3.5585,0,0,0,0,1,0,0.2,0,0,2,0,0,0,0,0
http://45.33.179.107/chase/signin.php,1,37,13,17,0,10,0.2702702702702703,0,0,4,4,4.1416,1,0,0,10,0,0,0.3,0,1,3,0,0,0,0,0
https://www.unimelb.edu.au/products/laptop?ref=69062,0,52,18,16,9,5,0.09615384615384616,2,0,3,4,4.5415,0,2,0,0,0,0,0.06666666666666667,0,0,2,0,1,0,0,0
http://session.verify.paypal.paypal.click/verify.php?id=1828,1,60,34,11,7,4,0.06666666666666667,2,0,5,3,4.3754,0,3,0,0,0,0,0.13333333333333333,0,0,5,1,0,0,0,0
http://id.id.id.signin.gq/signin.php?id=7322,1,44,18,11,7,4,0.09090909090909091,2,0,5,3,3.7805,0,3,0,0,0,0,0.0,0,0,2,1,0,0,0,0
https://xn--app-57d.com/billing,1,31,15,8,0,2,0.06451612903225806,0,3,1,3,4.236,0,0,3,2,0,1,0.07142857142857142,0,0,3,0,1,0,0,0
https://www.reddit.com/en/help?ref=32358,0,40,14,8,9,5,0.125,2,0,2,4,4.3842,0,1,0,0,0,0,0.08333333333333333,0,0,3,0,1,0,0,0
http://irs-verify-signin.icu/signin,1,35,21,7,0,0,0.0,0,2,1,3,3.839,0,0,2,0,0,0,0.0,0,0,3,1,0,0,0,0
https://www.nytimes.com/about?ref=91921,0,39,15,6,9,5,0.1282051282051282,2,0,2,3,4.4775,0,1,0,0,0,0,0.07692307692307693,0,0,3,0,1,0,0,0
https://www.gov.uk/search?q=news&ref=88796,0,42,10,7,16,5,0.11904761904761904,4,0,2,3,4.5765,0,1,0,0,0,0,0.125,0,0,2,0,1,0,0,0
http://bit.ly/0vdp6or,1,21,6,8,0,2,0.09523809523809523,0,0,1,3,3.8442,0,0,0,0,1,0,0.2,0,0,2,0,0,0,0,0
https://www.unimelb.edu.au/products/laptop?ref=2071,0,51,18,16,8,4,0.0784313725490196,2,0,3,4,4.53,0,2,0,0,0,0,0.06666666666666667,0,0,2,0,1,0,0,0
http://bit.ly/nbti22n,1,21,6,8,0,2,0.09523809523809523,0,0,1,3,3.404,0,0,0,0,1,0,0.2,0,0,2,0,0,0,0,0
https://xn--dhl-79d.com/webscr,1,30,15,7,0,2,0.06666666666666667,0,3,1,3,4.2566,0,0,3,2,0,1,0.14285714285714285,0,0,3,0,1,0,0,0
https://xn--coi-64d.com/confirm,1,31,15,8,0,2,0.06451612903225806,0,3,1,3,4.0826,0,0,3,2,0,1,0.14285714285714285,0,0,3,0,1,0,0,0
http://bit.ly/w2qitng,1,21,6,8,0,1,0.047619047619047616,0,0,1,3,3.6897,0,0,0,0,1,0,0.2,0,0,2,0,0,0,0,0
https://www.stackoverflow.com/docs/api?ref=82399,0,48,21,9,9,5,0.10416666666666667,2,0,2,4,4.4961,0,1,0,0,0,0,0.21052631578947367,0,0,3,0,1,0,0,0
https://www.nytimes.com/blog/2026/update?ref=88410,0,50,15,17,9,9,0.18,2,0,2,5,4.7415,0,1,0,0,0,0,0.07692307692307693,0,0,3,0,1,0,0,0
https://www.spotify.com/?ref=23617,0,34,15,1,9,5,0.14705882352941177,2,0,2,3,4.3738,0,1,0,0,0,0,0.15384615384615385,0,0,3,0,1,0,0,0
https://www.netflix.com/blog/2026/update?ref=32571,0,50,15,17,9,9,0.18,2,0,2,5,4.7664,0,1,0,0,0,0,0.15384615384615385,0,0,3,0,1,0,0,0
http://apple-secure-secure.tk/secure,1,36,22,7,0,0,0.0,0,2,1,3,3.6439,0,0,2,0,0,0,0.047619047619047616,0,0,2,1,0,0,0,0
https://xn--pay-81d.com/reset-password,1,38,15,15,0,2,0.05263157894736842,0,4,1,3,4.1883,0,0,3,2,0,1,0.14285714285714285,0,0,3,0,1,0,0,0
https://www.gov.uk/products/laptop?ref=62993,0,44,10,16,9,5,0.11363636363636363,2,0,2,4,4.4706,0,1,0,0,0,0,0.125,0,0,2,0,1,0,0,0
https://www.gov.uk/en/help,0,26,10,8,0,0,0.0,0,0,2,4,3.8253,0,1,0,0,0,0,0.125,0,0,2,0,1,0,0,0
http://billing.secure.session.id.buzz/billing.php?id=6152,1,57,30,12,7,4,0.07017543859649122,2,0,5,3,4.3761,0,3,0,0,0,0,0.11538461538461539,0,0,4,1,0,0,0,0
https://www.who.int/en/help?ref=68551,0,37,11,8,9,5,0.13513513513513514,2,0,2,4,4.1753,0,1,0,0,0,0,0.1111111111111111,0,0,3,0,1,0,0,0
https://www.unimelb.edu.au?ref=52543,0,36,18,0,9,5,0.1388888888888889,2,0,3,2,4.4749,0,2,0,0,0,0,0.06666666666666667,0,0,2,0,1,0,0,0
https://www.adobe.com/en/help?ref=12300,0,39,13,8,9,5,0.1282051282051282,2,0,2,4,4.4455,0,1,0,0,0,0,0.18181818181818182,0,0,3,0,1,0,0,0
http://45.33.119.162/bankofamerica/billing.php,1,46,13,26,0,10,0.21739130434782608,0,0,4,4,4.5014,1,0,0,10,0,0,0.3,0,1,3,0,0,0,0,0
http://45.33.221.71/chase/update.php,1,36,12,17,0,9,0.25,0,0,4,4,3.9613,1,0,0,9,0,0,0.2222222222222222,0,1,2,0,0,0,0,0
http://instagram-secure-secure.info/secure,1,42,28,7,0,0,0.0,0,2,1,3,3.9988,0,0,2,0,0,0,0.037037037037037035,0,0,4,1,0,0,0,0
https://www.adobe.com/en/help?ref=86477,0,39,13,8,9,5,0.1282051282051282,2,0,2,4,4.4455,0,1,0,0,0,0,0.18181818181818182,0,0,3,0,1,0,0,0
https://www.abc.net.au/en/help?ref=46793,0,40,14,8,9,5,0.125,2,0,3,4,4.3653,0,2,0,0,0,0,0.0,0,0,2,0,1,0,0,0
https://www.commbank.com.au/?ref=35116,0,38,19,1,9,5,0.13157894736842105,2,0,3,3,4.4843,0,2,0,0,0,0,0.125,0,0,2,0,1,0,0,0
https://www.abc.net.au/user/profile,0,35,14,13,0,0,0.0,0,0,3,4,4.0716,0,2,0,0,0,0,0.0,0,0,2,0,1,0,0,0
http://45.33.146.173/instagram/confirm.php,1,42,13,22,0,10,0.23809523809523808,0,0,4,4,4.2908,1,0,0,10,0,0,0.2,0,1,3,0,0,0,0,0
http://bit.ly/1kfk7y6,1,21,6,8,0,3,0.14285714285714285,0,0,1,3,3.749,0,0,0,0,1,0,0.2,0,0,2,0,0,0,0,0
https://www.linkedin.com/products/laptop?ref=19301,0,50,16,16,9,5,0.1,2,0,2,4,4.5737,0,1,0,0,0,0,0.14285714285714285,0,0,3,0,1,0,0,0
http://bit.ly/jf4aq7b,1,21,6,8,0,2,0.09523809523809523,0,0,1,3,3.8442,0,0,0,0,1,0,0.2,0,0,2,0,0,0,0,0
https://www.adobe.com,0,21,13,0,0,0,0.0,0,0,2,2,3.7849,0,1,0,0,0,0,0.18181818181818182,0,0,3,0,1,0,0,0
https://www.unimelb.edu.au/products/laptop?ref=33406,0,52,18,16,9,5,0.09615384615384616,2,0,3,4,4.5415,0,2,0,0,0,0,0.06666666666666667,0,0,2,0,1,0,0,0
https://www.apple.com/blog/2026/update,0,38,13,17,0,4,0.10526315789473684,0,0,2,5,4.1658,0,1,0,0,0,0,0.18181818181818182,0,0,3,0,1,0,0,0
http://45.33.134.133/microsoft/webscr.php,1,41,13,21,0,10,0.24390243902439024,0,0,4,4,4.1107,1,0,0,10,0,0,0.2,0,1,3,0,0,0,0,0
https://www.bbc.co.uk/docs/api?ref=30102,0,40,13,9,9,5,0.125,2,0,3,4,4.4653,0,2,0,0,0,0,0.1,0,0,2,0,1,0,0,0
http://id.session.session.verify.icu/verify.php?id=1359,1,55,29,11,7,4,0.07272727272727272,2,0,5,3,4.2853,0,3,0,0,0,0,0.08,0,0,3,1,0,0,0,0
https://www.who.int/en/help?ref=73692,0,37,11,8,9,5,0.13513513513513514,2,0,2,4,4.2293,0,1,0,0,0,0,0.1111111111111111,0,0,3,0,1,0,0,0
https://www.spotify.com/blog/2026/update?ref=15869,0,50,15,17,9,9,0.18,2,0,2,5,4.7264,0,1,0,0,0,0,0.15384615384615385,0,0,3,0,1,0,0,0
http://id.login.session.session.top/login.php?id=8001,1,53,28,10,7,4,0.07547169811320754,2,0,5,3,3.9968,0,3,0,0,0,0,0.20833333333333334,0,0,3,1,0,0,0,0
http://bit.ly/rntdr5x,1,21,6,8,0,1,0.047619047619047616,0,0,1,3,3.6897,0,0,0,0,1,0,0.2,0,0,2,0,0,0,0,0
http://session.id.id.webscr.top/webscr.php?id=4328,1,50,24,11,7,4,0.08,2,0,5,3,4.2391,0,3,0,0,0,0,0.1,0,0,3,1,0,0,0,0
https://www.apple.com/search?q=news&ref=26313,0,45,13,7,16,5,0.1111111111111111,4,0,2,3,4.4637,0,1,0,0,0,0,0.18181818181818182,0,0,3,0,1,0,0,0
http://192.168.202.74/apple/billing.php,1,39,14,18,0,11,0.28205128205128205,0,0,4,4,4.1285,1,0,0,11,0,0,0.2727272727272727,0,1,2,0,0,0,0,0
http://apple-account-webscr.icu/webscr,1,38,24,7,0,0,0.0,0,2,1,3,4.0735,0,0,2,0,0,0,0.08695652173913043,0,0,3,1,0,0,0,0
https://www.spotify.com/?ref=10869,0,34,15,1,9,5,0.14705882352941177,2,0,2,3,4.3738,0,1,0,0,0,0,0.15384615384615385,0,0,3,0,1,0,0,0
https://www.netflix.com/products/laptop?ref=46056,0,49,15,16,9,5,0.10204081632653061,2,0,2,4,4.5306,0,1,0,0,0,0,0.15384615384615385,0,0,3,0,1,0,0,0
http://confirm.secure.secure.confirm.win/confirm.php?id=3676,1,60,33,12,7,4,0.06666666666666667,2,0,5,3,4.3033,0,3,0,0,0,0,0.06896551724137931,0,0,3,1,0,0,0,0
http://microsoft-secure-webscr.top/webscr,1,41,27,7,0,0,0.0,0,2,1,3,3.9549,0,0,2,0,0,0,0.11538461538461539,0,0,3,1,0,0,0,0
https://www.adobe.com/about?ref=97180,0,37,13,6,9,5,0.13513513513513514,2,0,2,3,4.4792,0,1,0,0,0,0,0.18181818181818182,0,0,3,0,1,0,0,0
https://www.gov.uk/blog/2026/update?ref=58733,0,45,10,17,9,9,0.2,2,0,2,5,4.667,0,1,0,0,0,0,0.125,0,0,2,0,1,0,0,0
http://45.33.228.131/outlook/billing.php,1,40,13,20,0,10,0.25,0,0,4,4,4.1276,1,0,0,10,0,0,0.2,0,1,3,0,0,0,0,0
http://bit.ly/qg433e1,1,21,6,8,0,4,0.19047619047619047,0,0,1,3,3.8442,0,0,0,0,1,0,0.2,0,0,2,0,0,0,0,0
https://xn--ama-49d.com/webscr,1,30,15,7,0,2,0.06666666666666667,0,3,1,3,4.2566,0,0,3,2,0,1,0.07142857142857142,0,0,3,0,1,0,0,0
https://www.nytimes.com/user/profile?ref=47176,0,46,15,13,9,5,0.10869565217391304,2,0,2,4,4.4579,0,1,0,0,0,0,0.07692307692307693,0,0,3,0,1,0,0,0
https://www.nytimes.com/?ref=67307,0,34,15,1,9,5,0.14705882352941177,2,0,2,3,4.3738,0,1,0,0,0,0,0.07692307692307693,0,0,3,0,1,0,0,0
https://www.linkedin.com/en/help?ref=67263,0,42,16,8,9,5,0.11904761904761904,2,0,2,4,4.4516,0,1,0,0,0,0,0.14285714285714285,0,0,3,0,1,0,0,0
https://www.abc.net.au/products/laptop,0,38,14,16,0,0,0.0,0,0,3,4,3.9354,0,2,0,0,0,0,0.0,0,0,2,0,1,0,0,0
https://www.gov.uk/,0,19,10,1,0,0,0.0,0,0,2,3,3.5369,0,1,0,0,0,0,0.125,0,0,2,0,1,0,0,0
http://192.168.46.238/apple/update.php,1,38,14,17,0,11,0.2894736842105263,0,0,4,4,3.9252,1,0,0,11,0,0,0.18181818181818182,0,1,3,0,0,0,0,0
http://verify.session.secure.secure.xyz/verify.php?id=3497,1,58,32,11,7,4,0.06896551724137931,2,0,5,3,4.3901,0,3,0,0,0,0,0.03571428571428571,0,0,3,1,0,0,0,0
https://www.unimelb.edu.au/search?q=news&ref=95811,0,50,18,7,16,5,0.1,4,0,3,3,4.5913,0,2,0,0,0,0,0.06666666666666667,0,0,2,0,1,0,0,0
https://www.who.int/en/help?ref=77064,0,37,11,8,9,5,0.13513513513513514,2,0,2,4,4.1753,0,1,0,0,0,0,0.1111111111111111,0,0,3,0,1,0,0,0
https://www.netflix.com/blog/2026/update?ref=84695,0,50,15,17,9,9,0.18,2,0,2,5,4.7815,0,1,0,0,0,0,0.15384615384615385,0,0,3,0,1,0,0,0
http://10.0.133.45/coinbase/verify.php,1,38,11,20,0,8,0.21052631578947367,0,0,4,4,4.3333,1,0,0,8,0,0,0.5,0,1,2,0,0,0,0,0
https://www.commbank.com.au/en/help?ref=87223,0,45,19,8,9,5,0.1111111111111111,2,0,3,4,4.5359,0,2,0,0,0,0,0.125,0,0,2,0,1,0,0,0
https://www.microsoft.com/user/profile?ref=37877,0,48,17,13,9,5,0.10416666666666667,2,0,2,4,4.2823,0,1,0,0,0,0,0.2,0,0,3,0,1,0,0,0
https://www.adobe.com/en/help?ref=47437,0,39,13,8,9,5,0.1282051282051282,2,0,2,4,4.3943,0,1,0,0,0,0,0.18181818181818182,0,0,3,0,1,0,0,0
http://bit.ly/sz6rvdh,1,21,6,8,0,1,0.047619047619047616,0,0,1,3,3.8442,0,0,0,0,1,0,0.2,0,0,2,0,0,0,0,0
https://www.adobe.com?ref=31932,0,31,13,0,9,5,0.16129032258064516,2,0,2,2,4.4137,0,1,0,0,0,0,0.18181818181818182,0,0,3,0,1,0,0,0
http://microsoft-secure-update.top/update,1,41,27,7,0,0,0.0,0,2,1,3,3.9484,0,0,2,0,0,0,0.11538461538461539,0,0,3,1,0,0,0,0
http://chase-account-webscr.gq/webscr,1,37,23,7,0,0,0.0,0,2,1,3,4.0573,0,0,2,0,0,0,0.045454545454545456,0,0,2,1,0,0,0,0
https://www.netflix.com/?ref=14875,0,34,15,1,9,5,0.14705882352941177,2,0,2,3,4.4914,0,1,0,0,0,0,0.15384615384615385,0,0,3,0,1,0,0,0
http://amazon.session.id.secure.gq/webscr.php?id=9467,1,53,27,11,7,4,0.07547169811320754,2,0,5,3,4.5678,0,3,0,0,0,0,0.08695652173913043,0,1,2,1,0,0,0,0
http://id.microsoft.id.session.info/confirm.php?id=8300,1,55,28,12,7,4,0.07272727272727272,2,0,5,3,4.1559,0,3,0,0,0,0,0.16666666666666666,0,1,4,1,0,0,0,0
http://coinbase-login-reset-password.win/reset-password,1,55,33,15,0,0,0.0,0,4,1,3,4.0761,0,0,3,0,0,0,0.125,0,0,3,1,0,0,0,0
http://bit.ly/5gcl9lc,1,21,6,8,0,2,0.09523809523809523,0,0,1,3,3.6178,0,0,0,0,1,0,0.2,0,0,2,0,0,0,0,0
http://bit.ly/ml90pxr,1,21,6,8,0,2,0.09523809523809523,0,0,1,3,3.749,0,0,0,0,1,0,0.2,0,0,2,0,0,0,0,0
http://192.168.128.51/netflix/secure.php,1,40,14,19,0,11,0.275,0,0,4,4,4.2153,1,0,0,11,0,0,0.36363636363636365,0,1,2,0,0,0,0,0
http://secure.verify.dhl.session.win/verify.php?id=2480,1,55,29,11,7,4,0.07272727272727272,2,0,5,3,4.4387,0,3,0,0,0,0,0.08,0,1,3,1,0,0,0,0
https://www.abc.net.au/about,0,28,14,6,0,0,0.0,0,0,3,3,3.6995,0,2,0,0,0,0,0.0,0,0,2,0,1,0,0,0
https://www.abc.net.au/?ref=22012,0,33,14,1,9,5,0.15151515151515152,2,0,3,3,4.2027,0,2,0,0,0,0,0.0,0,0,2,0,1,0,0,0
https://www.netflix.com/products/laptop?ref=47210,0,49,15,16,9,5,0.10204081632653061,2,0,2,4,4.5715,0,1,0,0,0,0,0.15384615384615385,0,0,3,0,1,0,0,0
https://xn--dhl-60d.com/webscr,1,30,15,7,0,2,0.06666666666666667,0,3,1,3,4.2566,0,0,3,2,0,1,0.21428571428571427,0,0,3,0,1,0,0,0
http://id.secure.session.secure.click/billing.php?id=2437,1,57,30,12,7,4,0.07017543859649122,2,0,5,3,4.3486,0,3,0,0,0,0,0.07692307692307693,0,0,5,1,0,0,0,0
http://bit.ly/o0z5qru,1,21,6,8,0,2,0.09523809523809523,0,0,1,3,3.9395,0,0,0,0,1,0,0.2,0,0,2,0,0,0,0,0
https://www.who.int/user/profile,0,32,11,13,0,0,0.0,0,0,2,4,3.8514,0,1,0,0,0,0,0.1111111111111111,0,0,3,0,1,0,0,0
https://www.google.com/?ref=67237,0,33,14,1,9,5,0.15151515151515152,2,0,2,3,4.3091,0,1,0,0,0,0,0.3333333333333333,0,0,3,0,1,0,0,0
https://www.bbc.co.uk/blog/2026/update?ref=94603,0,48,13,17,9,9,0.1875,2,0,3,5,4.6135,0,2,0,0,0,0,0.1,0,0,2,0,1,0,0,0
http://192.168.33.125/chase/verify.php,1,38,14,17,0,11,0.2894736842105263,0,0,4,4,4.241,1,0,0,11,0,0,0.2727272727272727,0,1,3,0,0,0,0,0
https://xn--app-25d.com/webscr,1,30,15,7,0,2,0.06666666666666667,0,3,1,3,4.2314,0,0,3,2,0,1,0.07142857142857142,0,0,3,0,1,0,0,0
https://www.dropbox.com/products/laptop?ref=45057,0,49,15,16,9,5,0.10204081632653061,2,0,2,4,4.4162,0,1,0,0,0,0,0.23076923076923078,0,0,3,0,1,0,0,0
http://id.secure.id.id.xyz/account.php?id=1590,1,46,19,12,7,4,0.08695652173913043,2,0,5,3,4.3794,0,3,0,0,0,0,0.0,0,0,3,1,0,0,0,0
https://xn--dhl-65d.com/confirm,1,31,15,8,0,2,0.06451612903225806,0,3,1,3,4.1958,0,0,3,2,0,1,0.14285714285714285,0,0,3,0,1,0,0,0
http://bit.ly/f6jng7l,1,21,6,8,0,2,0.09523809523809523,0,0,1,3,3.8442,0,0,0,0,1,0,0.2,0,0,2,0,0,0,0,0
http://104.21.4.5/paypal/reset-password.php,1,43,10,26,0,7,0.16279069767441862,0,1,4,4,4.1292,1,0,0,7,0,0,0.42857142857142855,0,1,1,0,0,0,0,0
https://xn--out-86d.com/billing,1,31,15,8,0,2,0.06451612903225806,0,3,1,3,4.236,0,0,3,2,0,1,0.14285714285714285,0,0,3,0,1,0,0,0
https://www.stackoverflow.com/docs/api,0,38,21,9,0,0,0.0,0,0,2,4,4.0831,0,1,0,0,0,0,0.21052631578947367,0,0,3,0,1,0,0,0
https://www.amazon.com/en/help,0,30,14,8,0,0,0.0,0,0,2,4,3.8817,0,1,0,0,0,0,0.16666666666666666,0,0,3,0,1,0,0,0
http://bit.ly/9lzs34j,1,21,6,8,0,3,0.14285714285714285,0,0,1,3,3.8442,0,0,0,0,1,0,0.2,0,0,2,0,0,0,0,0
http://apple.id.update.secure.win/update.php?id=9595,1,52,26,11,7,4,0.07692307692307693,2,0,5,3,4.0872,0,3,0,0,0,0,0.045454545454545456,0,1,3,1,0,0,0,0
https://www.microsoft.com/en/help,0,33,17,8,0,0,0.0,0,0,2,4,3.9455,0,1,0,0,0,0,0.2,0,0,3,0,1,0,0,0
http://10.0.100.221/chase/confirm.php,1,37,12,18,0,9,0.24324324324324326,0,0,4,4,4.0131,1,0,0,9,0,0,0.7777777777777778,0,1,3,0,0,0,0,0
https://www.reddit.com/blog/2026/update?ref=89686,0,49,14,17,9,9,0.1836734693877551,2,0,2,5,4.5815,0,1,0,0,0,0,0.08333333333333333,0,0,3,0,1,0,0,0
http://netflix.netflix.reset-password.id.win/reset-password.php?id=5510,1,71,37,19,7,4,0.056338028169014086,2,2,5,3,4.3522,0,3,1,0,0,0,0.09090909090909091,0,1,3,1,0,0,0,0
https://www.abc.net.au/about?ref=67562,0,38,14,6,9,5,0.13157894736842105,2,0,3,3,4.3264,0,2,0,0,0,0,0.0,0,0,2,0,1,0,0,0
https://www.spotify.com/?ref=21730,0,34,15,1,9,5,0.14705882352941177,2,0,2,3,4.3738,0,1,0,0,0,0,0.15384615384615385,0,0,3,0,1,0,0,0
http://paypal-verify-login.buzz/login,1,37,24,6,0,0,0.0,0,2,1,3,4.263,0,0,2,0,0,0,0.13043478260869565,0,0,4,1,0,0,0,0
https://xn--app-98d.com/signin,1,30,15,7,0,2,0.06666666666666667,0,3,1,3,4.0729,0,0,3,2,0,1,0.07142857142857142,0,0,3,0,1,0,0,0
https://www.netflix.com/search?q=news&ref=13987,0,47,15,7,16,5,0.10638297872340426,4,0,2,3,4.6128,0,1,0,0,0,0,0.15384615384615385,0,0,3,0,1,0,0,0
http://session.chase.chase.secure.loan/webscr.php?id=6529,1,57,31,11,7,4,0.07017543859649122,2,0,5,3,4.306,0,3,0,0,0,0,0.1111111111111111,0,1,4,1,0,0,0,0
http://update.update.update.secure.icu/update.php?id=4984,1,57,31,11,7,4,0.07017543859649122,2,0,5,3,3.9003,0,3,0,0,0,0,0.0,0,0,3,1,0,0,0,0
http://104.21.113.60/amazon/login.php,1,37,13,17,0,10,0.2702702702702703,0,0,4,4,4.108,1,0,0,10,0,0,0.6,0,1,2,0,0,0,0,0
https://www.adobe.com/products/laptop,0,37,13,16,0,0,0.0,0,0,2,4,3.9458,0,1,0,0,0,0,0.18181818181818182,0,0,3,0,1,0,0,0
https://xn--ins-57d.com/secure,1,30,15,7,0,2,0.06666666666666667,0,3,1,3,4.1647,0,0,3,2,0,1,0.07142857142857142,0,0,3,0,1,0,0,0
https://www.stackoverflow.com/?ref=60028,0,40,21,1,9,5,0.125,2,0,2,3,4.4153,0,1,0,0,0,0,0.21052631578947367,0,0,3,0,1,0,0,0
https://www.github.com/about?ref=51205,0,38,14,6,9,5,0.13157894736842105,2,0,2,3,4.4714,0,1,0,0,0,0,0.08333333333333333,0,0,3,0,1,0,0,0
http://bit.ly/nrhzn4k,1,21,6,8,0,1,0.047619047619047616,0,0,1,3,3.749,0,0,0,0,1,0,0.2,0,0,2,0,0,0,0,0
http://amazon-id-confirm.loan/confirm,1,37,22,8,0,0,0.0,0,2,1,3,3.9927,0,0,2,0,0,0,0.19047619047619047,0,0,4,1,0,0,0,0
http://bit.ly/tcagrp2,1,21,6,8,0,1,0.047619047619047616,0,0,1,3,3.6897,0,0,0,0,1,0,0.2,0,0,2,0,0,0,0,0
http://bit.ly/8nbhnal,1,21,6,8,0,1,0.047619047619047616,0,0,1,3,3.5585,0,0,0,0,1,0,0.2,0,0,2,0,0,0,0,0
http://id.reset-password.bankofamerica.bankofamerica.tk/reset-password.php?id=5888,1,82,48,19,7,4,0.04878048780487805,2,2,5,3,4.4109,0,3,1,0,0,0,0.06818181818181818,0,0,2,1,0,0,0,0
https://www.github.com/products/laptop?ref=94502,0,48,14,16,9,5,0.10416666666666667,2,0,2,4,4.5616,0,1,0,0,0,0,0.08333333333333333,0,0,3,0,1,0,0,0
https://www.microsoft.com?ref=72066,0,35,17,0,9,5,0.14285714285714285,2,0,2,2,4.2646,0,1,0,0,0,0,0.2,0,0,3,0,1,0,0,0
https://www.apple.com/docs/api,0,30,13,9,0,0,0.0,0,0,2,4,3.8151,0,1,0,0,0,0,0.18181818181818182,0,0,3,0,1,0,0,0
http://192.168.128.225/netflix/signin.php,1,41,15,19,0,12,0.2926829268292683,0,0,4,4,4.0948,1,0,0,12,0,0,0.25,0,1,3,0,0,0,0,0
http://chase-secure-login.tk/login,1,34,21,6,0,0,0.0,0,2,1,3,4.1385,0,0,2,0,0,0,0.1,0,0,2,1,0,0,0,0
http://bit.ly/4j66cno,1,21,6,8,0,3,0.14285714285714285,0,0,1,3,3.8442,0,0,0,0,1,0,0.2,0,0,2,0,0,0,0,0
https://www.dropbox.com?ref=62993,0,33,15,0,9,5,0.15151515151515152,2,0,2,2,4.3926,0,1,0,0,0,0,0.23076923076923078,0,0,3,0,1,0,0,0
https://www.spotify.com/?ref=25931,0,34,15,1,9,5,0.14705882352941177,2,0,2,3,4.3738,0,1,0,0,0,0,0.15384615384615385,0,0,3,0,1,0,0,0
https://www.abc.net.au/?ref=30038,0,33,14,1,9,5,0.15151515151515152,2,0,3,3,4.2256,0,2,0,0,0,0,0.0,0,0,2,0,1,0,0,0
http://secure.billing.id.session.top/billing.php?id=2373,1,56,29,12,7,4,0.07142857142857142,2,0,5,3,4.2666,0,3,0,0,0,0,0.16,0,0,3,1,0,0,0,0
http://192.168.124.186/outlook/reset-password.php,1,49,15,27,0,12,0.24489795918367346,0,1,4,4,4.2932,1,0,0,12,0,0,0.3333333333333333,0,1,3,0,0,0,0,0
http://microsoft-account-secure.click/secure,1,44,30,7,0,0,0.0,0,2,1,3,4.0179,0,0,2,0,0,0,0.13793103448275862,0,0,5,1,0,0,0,0
https://xn--mic-61d.com/secure,1,30,15,7,0,2,0.06666666666666667,0,3,1,3,4.1647,0,0,3,2,0,1,0.14285714285714285,0,0,3,0,1,0,0,0
https://www.github.com/about?ref=9907,0,37,14,6,8,4,0.10810810810810811,2,0,2,3,4.4119,0,1,0,0,0,0,0.08333333333333333,0,0,3,0,1,0,0,0
http://webscr.secure.amazon.webscr.info/webscr.php?id=4584,1,58,32,11,7,4,0.06896551724137931,2,0,5,3,4.4746,0,3,0,0,0,0,0.07142857142857142,0,1,4,1,0,0,0,0
https://www.wikipedia.org,0,25,17,0,0,0,0.0,0,0,2,2,3.8137,0,1,0,0,0,0,0.06666666666666667,0,0,3,0,1,0,0,0
https://www.microsoft.com/search?q=news&ref=31613,0,49,17,7,16,5,0.10204081632653061,4,0,2,3,4.4202,0,1,0,0,0,0,0.2,0,0,3,0,1,0,0,0
https://www.commbank.com.au/search?q=news&ref=31539,0,51,19,7,16,5,0.09803921568627451,4,0,3,3,4.5884,0,2,0,0,0,0,0.125,0,0,2,0,1,0,0,0
http://192.168.219.75/apple/verify.php,1,38,14,17,0,11,0.2894736842105263,0,0,4,4,4.1331,1,0,0,11,0,0,0.2727272727272727,0,1,2,0,0,0,0,0
http://bit.ly/bxnrwvb,1,21,6,8,0,0,0.0,0,0,1,3,3.713,0,0,0,0,1,0,0.2,0,0,2,0,0,0,0,0
http://chase-verify-signin.gq/signin,1,36,22,7,0,0,0.0,0,2,1,3,4.0067,0,0,2,0,0,0,0.0,0,0,2,1,0,0,0,0
https://xn--dhl-16d.com/billing,1,31,15,8,0,2,0.06451612903225806,0,3,1,3,4.1715,0,0,3,2,0,1,0.21428571428571427,0,0,3,0,1,0,0,0
https://www.wikipedia.org/docs/api?ref=95317,0,44,17,9,9,5,0.11363636363636363,2,0,2,4,4.4423,0,1,0,0,0,0,0.06666666666666667,0,0,3,0,1,0,0,0
https://xn--app-47d.com/login,1,29,15,6,0,2,0.06896551724137931,0,3,1,3,4.1592,0,0,3,2,0,1,0.07142857142857142,0,0,3,0,1,0,0,0
https://www.bbc.co.uk/search?q=news&ref=34289,0,45,13,7,16,5,0.1111111111111111,4,0,3,3,4.5635,0,2,0,0,0,0,0.1,0,0,2,0,1,0,0,0
http://id.id.id.secure.xyz/confirm.php?id=8993,1,46,19,12,7,4,0.08695652173913043,2,0,5,3,4.3773,0,3,0,0,0,0,0.0,0,0,3,1,0,0,0,0
http://dhl-account-signin.buzz/signin,1,37,23,7,0,0,0.0,0,2,1,3,4.0441,0,0,2,0,0,0,0.09090909090909091,0,0,4,1,0,0,0,0
http://bit.ly/o20u9is,1,21,6,8,0,3,0.14285714285714285,0,0,1,3,3.8442,0,0,0,0,1,0,0.2,0,0,2,0,0,0,0,0
https://www.microsoft.com/blog/2026/update?ref=7265,0,51,17,17,8,8,0.1568627450980392,2,0,2,5,4.5917,0,1,0,0,0,0,0.2,0,0,3,0,1,0,0,0
https://www.github.com/blog/2026/update?ref=55460,0,49,14,17,9,9,0.1836734693877551,2,0,2,5,4.6277,0,1,0,0,0,0,0.08333333333333333,0,0,3,0,1,0,0,0
http://bankofamerica-secure-webscr.click/webscr,1,47,33,7,0,0,0.0,0,2,1,3,4.1899,0,0,2,0,0,0,0.0625,0,0,5,1,0,0,0,0
https://www.spotify.com/blog/2026/update,0,40,15,17,0,4,0.1,0,0,2,5,4.3251,0,1,0,0,0,0,0.15384615384615385,0,0,3,0,1,0,0,0
https://xn--ama-46d.com/reset-password,1,38,15,15,0,2,0.05263157894736842,0,4,1,3,4.1357,0,0,3,2,0,1,0.07142857142857142,0,0,3,0,1,0,0,0
https://www.nytimes.com/blog/2026/update?ref=35795,0,50,15,17,9,9,0.18,2,0,2,5,4.7815,0,1,0,0,0,0,0.07692307692307693,0,0,3,0,1,0,0,0
https://www.reddit.com/en/help?ref=26042,0,40,14,8,9,5,0.125,2,0,2,4,4.3842,0,1,0,0,0,0,0.08333333333333333,0,0,3,0,1,0,0,0
http://paypal-verify-confirm.xyz/confirm,1,40,25,8,0,0,0.0,0,2,1,3,4.2587,0,0,2,0,0,0,0.08333333333333333,0,0,3,1,0,0,0,0
https://www.unimelb.edu.au/en/help?ref=23699,0,44,18,8,9,5,0.11363636363636363,2,0,3,4,4.4168,0,2,0,0,0,0,0.06666666666666667,0,0,2,0,1,0,0,0
https://xn--pay-85d.com/account,1,31,15,8,0,2,0.06451612903225806,0,3,1,3,4.0826,0,0,3,2,0,1,0.07142857142857142,0,0,3,0,1,0,0,0
http://10.0.32.4/dhl/secure.php,1,31,9,15,0,6,0.1935483870967742,0,0,4,4,3.9378,1,0,0,6,0,0,0.5,0,1,1,0,0,0,0,0
http://bit.ly/dbpgvv4,1,21,6,8,0,1,0.047619047619047616,0,0,1,3,3.6538,0,0,0,0,1,0,0.2,0,0,2,0,0,0,0,0
https://www.google.com/products/laptop,0,38,14,16,0,0,0.0,0,0,2,4,3.9225,0,1,0,0,0,0,0.3333333333333333,0,0,3,0,1,0,0,0
https://www.who.int/?ref=83544,0,30,11,1,9,5,0.16666666666666666,2,0,2,3,4.1232,0,1,0,0,0,0,0.1111111111111111,0,0,3,0,1,0,0,0
http://dhl.secure.secure.secure.win/login.php?id=6049,1,53,28,10,7,4,0.07547169811320754,2,0,5,3,4.3476,0,3,0,0,0,0,0.041666666666666664,0,1,3,1,0,0,0,0
http://id.login.id.login.xyz/login.php?id=3112,1,46,21,10,7,4,0.08695652173913043,2,0,5,3,4.08,0,3,0,0,0,0,0.23529411764705882,0,0,3,1,0,0,0,0
https://www.bbc.co.uk/blog/2026/update?ref=15029,0,48,13,17,9,9,0.1875,2,0,3,5,4.5978,0,2,0,0,0,0,0.1,0,0,2,0,1,0,0,0
https://www.dropbox.com/user/profile?ref=39752,0,46,15,13,9,5,0.10869565217391304,2,0,2,4,4.5178,0,1,0,0,0,0,0.23076923076923078,0,0,3,0,1,0,0,0
http://45.33.218.17/instagram/webscr.php,1,40,12,21,0,9,0.225,0,0,4,4,4.3842,1,0,0,9,0,0,0.2222222222222222,0,1,2,0,0,0,0,0
http://apple-account-verify.xyz/verify,1,38,24,7,0,0,0.0,0,2,1,3,4.2539,0,0,2,0,0,0,0.08695652173913043,0,0,3,1,0,0,0,0
http://instagram-verify-login.win/login,1,39,26,6,0,0,0.0,0,2,1,3,4.1604,0,0,2,0,0,0,0.08,0,0,3,1,0,0,0,0
http://secure.session.outlook.session.icu/webscr.php?id=2140,1,60,34,11,7,4,0.06666666666666667,2,0,5,3,4.2968,0,3,0,0,0,0,0.2,0,1,3,1,0,0,0,0
http://bit.ly/qy3odsx,1,21,6,8,0,1,0.047619047619047616,0,0,1,3,3.8442,0,0,0,0,1,0,0.2,0,0,2,0,0,0,0,0
http://amazon-id-update.gq/update,1,33,19,7,0,0,0.0,0,2,1,3,3.9455,0,0,2,0,0,0,0.05555555555555555,0,0,2,1,0,0,0,0
https://xn--app-10d.com/secure,1,30,15,7,0,2,0.06666666666666667,0,3,1,3,4.1647,0,0,3,2,0,1,0.21428571428571427,0,0,3,0,1,0,0,0
http://microsoft-verify-billing.loan/billing,1,44,29,8,0,0,0.0,0,2,1,3,4.1835,0,0,2,0,0,0,0.21428571428571427,0,0,4,1,0,0,0,0
https://www.dropbox.com/search?q=news&ref=87374,0,47,15,7,16,5,0.10638297872340426,4,0,2,3,4.5807,0,1,0,0,0,0,0.23076923076923078,0,0,3,0,1,0,0,0
http://bit.ly/n1r4kz3,1,21,6,8,0,3,0.14285714285714285,0,0,1,3,3.9395,0,0,0,0,1,0,0.2,0,0,2,0,0,0,0,0
https://www.gov.uk/user/profile?ref=66435,0,41,10,13,9,5,0.12195121951219512,2,0,2,4,4.4243,0,1,0,0,0,0,0.125,0,0,2,0,1,0,0,0
https://www.adobe.com/blog/2026/update?ref=31217,0,48,13,17,9,9,0.1875,2,0,2,5,4.5978,0,1,0,0,0,0,0.18181818181818182,0,0,3,0,1,0,0,0
https://xn--dhl-32d.com/login,1,29,15,6,0,2,0.06896551724137931,0,3,1,3,4.1163,0,0,3,2,0,1,0.14285714285714285,0,0,3,0,1,0,0,0
http://session.secure.session.secure.xyz/secure.php?id=2974,1,59,33,11,7,4,0.06779661016949153,2,0,5,3,4.1764,0,3,0,0,0,0,0.06896551724137931,0,0,3,1,0,0,0,0
https://xn--ama-87d.com/reset-password,1,38,15,15,0,2,0.05263157894736842,0,4,1,3,4.1357,0,0,3,2,0,1,0.07142857142857142,0,0,3,0,1,0,0,0
http://outlook-id-billing.win/billing,1,37,22,8,0,0,0.0,0,2,1,3,3.8003,0,0,2,0,0,0,0.2857142857142857,0,0,3,1,0,0,0,0
https://xn--irs-27d.com/webscr,1,30,15,7,0,2,0.06666666666666667,0,3,1,3,4.2314,0,0,3,2,0,1,0.07142857142857142,0,0,3,0,1,0,0,0
https://www.github.com?ref=20597,0,32,14,0,9,5,0.15625,2,0,2,2,4.5153,0,1,0,0,0,0,0.08333333333333333,0,0,3,0,1,0,0,0
http://10.0.94.84/outlook/secure.php,1,36,10,19,0,7,0.19444444444444445,0,0,4,4,4.0515,1,0,0,7,0,0,0.42857142857142855,0,1,2,0,0,0,0,0
https://www.adobe.com/search?q=news&ref=19830,0,45,13,7,16,5,0.1111111111111111,4,0,2,3,4.5694,0,1,0,0,0,0,0.18181818181818182,0,0,3,0,1,0,0,0
http://session.secure.secure.session.click/billing.php?id=8734,1,62,35,12,7,4,0.06451612903225806,2,0,5,3,4.2824,0,3,0,0,0,0,0.0967741935483871,0,0,5,1,0,0,0,0
http://45.33.6.148/apple/reset-password.php,1,43,11,25,0,8,0.18604651162790697,0,1,4,4,4.1292,1,0,0,8,0,0,0.125,0,1,3,0,0,0,0,0
http://id.session.billing.billing.icu/billing.php?id=8904,1,57,30,12,7,4,0.07017543859649122,2,0,5,3,4.1116,0,3,0,0,0,0,0.19230769230769232,0,0,3,1,0,0,0,0
https://www.reddit.com/products/laptop?ref=92303,0,48,14,16,9,5,0.10416666666666667,2,0,2,4,4.4052,0,1,0,0,0,0,0.08333333333333333,0,0,3,0,1,0,0,0
http://account.id.secure.irs.tk/account.php?id=3378,1,51,24,12,7,4,0.0784313725490196,2,0,5,3,4.2636,0,3,0,0,0,0,0.05,0,0,2,1,0,0,0,0
https://www.microsoft.com/user/profile?ref=50797,0,48,17,13,9,5,0.10416666666666667,2,0,2,4,4.3397,0,1,0,0,0,0,0.2,0,0,3,0,1,0,0,0
http://192.168.218.193/microsoft/billing.php,1,44,15,22,0,12,0.2727272727272727,0,0,4,4,4.3171,1,0,0,12,0,0,0.3333333333333333,0,1,3,0,0,0,0,0
https://www.who.int/blog/2026/update,0,36,11,17,0,4,0.1111111111111111,0,0,2,5,4.1252,0,1,0,0,0,0,0.1111111111111111,0,0,3,0,1,0,0,0
https://www.bbc.co.uk/docs/api,0,30,13,9,0,0,0.0,0,0,3,4,3.8314,0,2,0,0,0,0,0.1,0,0,2,0,1,0,0,0
https://www.github.com/blog/2026/update,0,39,14,17,0,4,0.10256410256410256,0,0,2,5,4.2504,0,1,0,0,0,0,0.08333333333333333,0,0,3,0,1,0,0,0
http://outlook-account-verify.buzz/verify,1,41,27,7,0,0,0.0,0,2,1,3,4.2963,0,0,2,0,0,0,0.19230769230769232,0,0,4,1,0,0,0,0
http://bit.ly/yf9rk7d,1,21,6,8,0,2,0.09523809523809523,0,0,1,3,3.8442,0,0,0,0,1,0,0.2,0,0,2,0,0,0,0,0
https://www.github.com/?ref=20442,0,33,14,1,9,5,0.15151515151515152,2,0,2,3,4.3697,0,1,0,0,0,0,0.08333333333333333,0,0,3,0,1,0,0,0
https://www.commbank.com.au/about?ref=97810,0,43,19,6,9,5,0.11627906976744186,2,0,3,3,4.5127,0,2,0,0,0,0,0.125,0,0,2,0,1,0,0,0
http://bit.ly/npm6jqf,1,21,6,8,0,1,0.047619047619047616,0,0,1,3,3.8442,0,0,0,0,1,0,0.2,0,0,2,0,0,0,0,0
http://104.21.40.161/coinbase/verify.php,1,40,13,20,0,10,0.25,0,0,4,4,4.3031,1,0,0,10,0,0,0.6,0,1,3,0,0,0,0,0
http://104.21.150.103/dhl/billing.php,1,37,14,16,0,11,0.2972972972972973,0,0,4,4,3.9387,1,0,0,11,0,0,0.6363636363636364,0,1,3,0,0,0,0,0
http://104.21.94.90/coinbase/signin.php,1,39,12,20,0,9,0.23076923076923078,0,0,4,4,4.1504,1,0,0,9,0,0,0.4444444444444444,0,1,2,0,0,0,0,0
https://www.adobe.com/products/laptop?ref=83578,0,47,13,16,9,5,0.10638297872340426,2,0,2,4,4.4321,0,1,0,0,0,0,0.18181818181818182,0,0,3,0,1,0,0,0
http://session.amazon.secure.id.xyz/verify.php?id=1157,1,54,28,11,7,4,0.07407407407407407,2,0,5,3,4.549,0,3,0,0,0,0,0.08333333333333333,0,1,3,1,0,0,0,0
http://45.33.248.204/outlook/signin.php,1,39,13,19,0,10,0.2564102564102564,0,0,4,4,4.1311,1,0,0,10,0,0,0.1,0,1,3,0,0,0,0,0
http://coinbase-id-reset-password.click/reset-password,1,54,32,15,0,0,0.0,0,4,1,3,4.0781,0,0,3,0,0,0,0.0967741935483871,0,0,5,1,0,0,0,0
https://www.amazon.com/products/laptop,0,38,14,16,0,0,0.0,0,0,2,4,3.945,0,1,0,0,0,0,0.16666666666666666,0,0,3,0,1,0,0,0
https://xn--coi-51d.com/account,1,31,15,8,0,2,0.06451612903225806,0,3,1,3,4.0181,0,0,3,2,0,1,0.21428571428571427,0,0,3,0,1,0,0,0
https://www.amazon.com/docs/api,0,31,14,9,0,0,0.0,0,0,2,4,3.8489,0,1,0,0,0,0,0.16666666666666666,0,0,3,0,1,0,0,0
http://104.21.201.251/chase/account.php,1,39,14,18,0,11,0.28205128205128205,0,0,4,4,3.9579,1,0,0,11,0,0,0.5454545454545454,0,1,3,0,0,0,0,0
http://bit.ly/q37csuy,1,21,6,8,0,2,0.09523809523809523,0,0,1,3,3.8442,0,0,0,0,1,0,0.2,0,0,2,0,0,0,0,0
http://id.reset-password.instagram.reset-password.gq/reset-password.php?id=9043,1,79,45,19,7,4,0.05063291139240506,2,3,5,3,4.2531,0,3,2,0,0,0,0.04878048780487805,0,1,2,1,0,0,0,0
https://www.spotify.com/en/help?ref=42505,0,41,15,8,9,5,0.12195121951219512,2,0,2,4,4.4059,0,1,0,0,0,0,0.15384615384615385,0,0,3,0,1,0,0,0
http://secure.chase.secure.signin.tk/signin.php?id=1137,1,55,29,11,7,4,0.07272727272727272,2,0,5,3,4.2139,0,3,0,0,0,0,0.0,0,1,2,1,0,0,0,0
https://www.stackoverflow.com/user/profile?ref=20080,0,52,21,13,9,5,0.09615384615384616,2,0,2,4,4.4116,0,1,0,0,0,0,0.21052631578947367,0,0,3,0,1,0,0,0
http://104.21.187.134/netflix/update.php,1,40,14,19,0,11,0.275,0,0,4,4,4.1719,1,0,0,11,0,0,0.45454545454545453,0,1,3,0,0,0,0,0
http://10.0.215.20/apple/signin.php,1,35,11,17,0,8,0.22857142857142856,0,0,4,4,3.8617,1,0,0,8,0,0,0.625,0,1,2,0,0,0,0,0
https://xn--cha-37d.com/update,1,30,15,7,0,2,0.06666666666666667,0,3,1,3,4.0981,0,0,3,2,0,1,0.07142857142857142,0,0,3,0,1,0,0,0
http://bit.ly/pniqfg5,1,21,6,8,0,1,0.047619047619047616,0,0,1,3,3.749,0,0,0,0,1,0,0.2,0,0,2,0,0,0,0,0
https://www.linkedin.com/en/help?ref=22241,0,42,16,8,9,5,0.11904761904761904,2,0,2,4,4.386,0,1,0,0,0,0,0.14285714285714285,0,0,3,0,1,0,0,0
http://netflix.netflix.netflix.verify.info/verify.php?id=3999,1,61,35,11,7,4,0.06557377049180328,2,0,5,3,4.1313,0,3,0,0,0,0,0.12903225806451613,0,1,4,1,0,0,0,0
http://apple-account-update.icu/update,1,38,24,7,0,0,0.0,0,2,1,3,3.7352,0,0,2,0,0,0,0.08695652173913043,0,0,3,1,0,0,0,0
https://www.who.int/blog/2026/update?ref=76748,0,46,11,17,9,9,0.1956521739130435,2,0,2,5,4.5755,0,1,0,0,0,0,0.1111111111111111,0,0,3,0,1,0,0,0
http://10.0.216.162/paypal/signin.php,1,37,12,18,0,9,0.24324324324324326,0,0,4,4,3.9023,1,0,0,9,0,0,0.5555555555555556,0,1,3,0,0,0,0,0
https://www.spotify.com/user/profile?ref=21885,0,46,15,13,9,5,0.10869565217391304,2,0,2,4,4.3923,0,1,0,0,0,0,0.15384615384615385,0,0,3,0,1,0,0,0
http://10.0.170.85/chase/account.php,1,36,11,18,0,8,0.2222222222222222,0,0,4,4,3.954,1,0,0,8,0,0,0.625,0,1,2,0,0,0,0,0
https://www.who.int/user/profile?ref=15662,0,42,11,13,9,5,0.11904761904761904,2,0,2,4,4.2908,0,1,0,0,0,0,0.1111111111111111,0,0,3,0,1,0,0,0
https://xn--pay-72d.com/account,1,31,15,8,0,2,0.06451612903225806,0,3,1,3,4.0826,0,0,3,2,0,1,0.07142857142857142,0,0,3,0,1,0,0,0
http://secure.id.secure.session.buzz/signin.php?id=7288,1,55,29,11,7,4,0.07272727272727272,2,0,5,3,4.2658,0,3,0,0,0,0,0.04,0,0,4,1,0,0,0,0
https://www.bbc.co.uk/?ref=51351,0,32,13,1,9,5,0.15625,2,0,3,3,4.2417,0,2,0,0,0,0,0.1,0,0,2,0,1,0,0,0
http://bit.ly/rrvsffc,1,21,6,8,0,0,0.0,0,0,1,3,3.749,0,0,0,0,1,0,0.2,0,0,2,0,0,0,0,0
https://www.microsoft.com/products/laptop?ref=31947,0,51,17,16,9,5,0.09803921568627451,2,0,2,4,4.4128,0,1,0,0,0,0,0.2,0,0,3,0,1,0,0,0
http://chase-verify-update.icu/update,1,37,23,7,0,0,0.0,0,2,1,3,3.9927,0,0,2,0,0,0,0.0,0,0,3,1,0,0,0,0
https://www.dropbox.com/products/laptop?ref=66513,0,49,15,16,9,5,0.10204081632653061,2,0,2,4,4.4162,0,1,0,0,0,0,0.23076923076923078,0,0,3,0,1,0,0,0
http://id.secure.session.session.icu/webscr.php?id=5501,1,55,29,11,7,4,0.07272727272727272,2,0,5,3,4.1615,0,3,0,0,0,0,0.08,0,0,3,1,0,0,0,0
http://192.168.23.19/dhl/confirm.php,1,36,13,16,0,10,0.2777777777777778,0,0,4,4,4.1626,1,0,0,10,0,0,0.3,0,1,2,0,0,0,0,0
https://www.github.com/en/help?ref=83397,0,40,14,8,9,5,0.125,2,0,2,4,4.4964,0,1,0,0,0,0,0.08333333333333333,0,0,3,0,1,0,0,0
http://netflix-id-confirm.buzz/confirm,1,38,23,8,0,0,0.0,0,2,1,3,4.2211,0,0,2,0,0,0,0.09090909090909091,0,0,4,1,0,0,0,0
http://bit.ly/vrhxqpv,1,21,6,8,0,0,0.0,0,0,1,3,3.6538,0,0,0,0,1,0,0.2,0,0,2,0,0,0,0,0
https://www.who.int/docs/api?ref=21932,0,38,11,9,9,5,0.13157894736842105,2,0,2,4,4.3333,0,1,0,0,0,0,0.1111111111111111,0,0,3,0,1,0,0,0
https://www.bbc.co.uk/search?q=news&ref=54424,0,45,13,7,16,5,0.1111111111111111,4,0,3,3,4.4579,0,2,0,0,0,0,0.1,0,0,2,0,1,0,0,0
https://www.spotify.com/,0,24,15,1,0,0,0.0,0,0,2,3,3.6573,0,1,0,0,0,0,0.15384615384615385,0,0,3,0,1,0,0,0
https://www.amazon.com/en/help?ref=14447,0,40,14,8,9,5,0.125,2,0,2,4,4.3653,0,1,0,0,0,0,0.16666666666666666,0,0,3,0,1,0,0,0
https://www.netflix.com/about?ref=20194,0,39,15,6,9,5,0.1282051282051282,2,0,2,3,4.6313,0,1,0,0,0,0,0.15384615384615385,0,0,3,0,1,0,0,0
http://192.168.188.207/outlook/update.php,1,41,15,19,0,12,0.2926829268292683,0,0,4,4,4.0828,1,0,0,12,0,0,0.3333333333333333,0,1,3,0,0,0,0,0
http://secure.secure.id.id.info/confirm.php?id=4053,1,51,24,12,7,4,0.0784313725490196,2,0,5,3,4.3196,0,3,0,0,0,0,0.05,0,0,4,1,0,0,0,0
https://www.wikipedia.org/docs/api?ref=11205,0,44,17,9,9,5,0.11363636363636363,2,0,2,4,4.3968,0,1,0,0,0,0,0.06666666666666667,0,0,3,0,1,0,0,0
https://www.unimelb.edu.au/en/help?ref=41441,0,44,18,8,9,5,0.11363636363636363,2,0,3,4,4.3088,0,2,0,0,0,0,0.06666666666666667,0,0,2,0,1,0,0,0
http://45.33.7.234/bankofamerica/update.php,1,43,11,25,0,8,0.18604651162790697,0,0,4,4,4.3214,1,0,0,8,0,0,0.0,0,1,3,0,0,0,0,0
http://192.168.12.236/microsoft/update.php,1,42,14,21,0,11,0.2619047619047619,0,0,4,4,4.2611,1,0,0,11,0,0,0.2727272727272727,0,1,3,0,0,0,0,0
http://irs-secure-account.gq/account,1,36,21,8,0,0,0.0,0,2,1,3,3.9722,0,0,2,0,0,0,0.05,0,0,2,1,0,0,0,0
http://session.session.id.signin.top/signin.php?id=2415,1,55,29,11,7,4,0.07272727272727272,2,0,5,3,3.8653,0,3,0,0,0,0,0.12,0,0,3,1,0,0,0,0
http://104.21.158.2/apple/secure.php,1,36,12,17,0,9,0.25,0,0,4,4,3.9722,1,0,0,9,0,0,0.4444444444444444,0,1,1,0,0,0,0,0
https://www.linkedin.com/en/help?ref=52717,0,42,16,8,9,5,0.11904761904761904,2,0,2,4,4.4516,0,1,0,0,0,0,0.14285714285714285,0,0,3,0,1,0,0,0
http://104.21.215.162/amazon/update.php,1,39,14,18,0,11,0.28205128205128205,0,0,4,4,4.0478,1,0,0,11,0,0,0.45454545454545453,0,1,3,0,0,0,0,0
http://10.0.228.97/apple/confirm.php,1,36,11,18,0,8,0.2222222222222222,0,0,4,4,4.1808,1,0,0,8,0,0,0.375,0,1,2,0,0,0,0,0
http://192.168.148.211/microsoft/update.php,1,43,15,21,0,12,0.27906976744186046,0,0,4,4,4.226,1,0,0,12,0,0,0.4166666666666667,0,1,3,0,0,0,0,0
http://secure.secure.session.secure.top/verify.php?id=8439,1,58,32,11,7,4,0.06896551724137931,2,0,5,3,4.2219,0,3,0,0,0,0,0.07142857142857142,0,0,3,1,0,0,0,0
https://www.unimelb.edu.au/search?q=news&ref=61332,0,50,18,7,16,5,0.1,4,0,3,3,4.5913,0,2,0,0,0,0,0.06666666666666667,0,0,2,0,1,0,0,0
https://www.unimelb.edu.au/user/profile?ref=43081,0,49,18,13,9,5,0.10204081632653061,2,0,3,4,4.5152,0,2,0,0,0,0,0.06666666666666667,0,0,2,0,1,0,0,0
https://www.adobe.com/?ref=33495,0,32,13,1,9,5,0.15625,2,0,2,3,4.3903,0,1,0,0,0,0,0.18181818181818182,0,0,3,0,1,0,0,0
https://www.reddit.com/user/profile,0,35,14,13,0,0,0.0,0,0,2,4,4.0144,0,1,0,0,0,0,0.08333333333333333,0,0,3,0,1,0,0,0
http://bit.ly/uprt77g,1,21,6,8,0,2,0.09523809523809523,0,0,1,3,3.5945,0,0,0,0,1,0,0.2,0,0,2,0,0,0,0,0
https://www.bbc.co.uk/?ref=14256,0,32,13,1,9,5,0.15625,2,0,3,3,4.3667,0,2,0,0,0,0,0.1,0,0,2,0,1,0,0,0
https://www.abc.net.au/blog/2026/update?ref=5082,0,48,14,17,8,8,0.16666666666666666,2,0,3,5,4.5145,0,2,0,0,0,0,0.0,0,0,2,0,1,0,0,0
http://dhl-verify-webscr.top/webscr,1,35,21,7,0,0,0.0,0,2,1,3,4.1859,0,0,2,0,0,0,0.1,0,0,3,1,0,0,0,0
https://xn--coi-84d.com/secure,1,30,15,7,0,2,0.06666666666666667,0,3,1,3,4.1647,0,0,3,2,0,1,0.14285714285714285,0,0,3,0,1,0,0,0
https://xn--ins-45d.com/account,1,31,15,8,0,2,0.06451612903225806,0,3,1,3,4.0582,0,0,3,2,0,1,0.07142857142857142,0,0,3,0,1,0,0,0
http://secure.webscr.secure.amazon.loan/webscr.php?id=2185,1,58,32,11,7,4,0.06896551724137931,2,0,5,3,4.4893,0,3,0,0,0,0,0.10714285714285714,0,0,4,1,0,0,0,0
http://secure.secure.session.irs.xyz/reset-password.php?id=5025,1,63,29,19,7,4,0.06349206349206349,2,1,5,3,4.3001,0,3,0,0,0,0,0.04,0,0,3,1,0,0,0,0
https://www.gov.uk/docs/api?ref=94718,0,37,10,9,9,5,0.13513513513513514,2,0,2,4,4.5945,0,1,0,0,0,0,0.125,0,0,2,0,1,0,0,0
http://dhl-verify-secure.gq/secure,1,34,20,7,0,0,0.0,0,2,1,3,4.1134,0,0,2,0,0,0,0.05263157894736842,0,0,2,1,0,0,0,0
https://www.bbc.co.uk/docs/api?ref=98120,0,40,13,9,9,5,0.125,2,0,3,4,4.5153,0,2,0,0,0,0,0.1,0,0,2,0,1,0,0,0
http://bankofamerica-secure-signin.tk/signin,1,44,30,7,0,0,0.0,0,2,1,3,4.1641,0,0,2,0,0,0,0.034482758620689655,0,0,2,1,0,0,0,0
https://www.linkedin.com/blog/2026/update?ref=91257,0,51,16,17,9,9,0.17647058823529413,2,0,2,5,4.7973,0,1,0,0,0,0,0.14285714285714285,0,0,3,0,1,0,0,0
https://www.commbank.com.au/en/help?ref=17021,0,45,19,8,9,5,0.1111111111111111,2,0,3,4,4.5359,0,2,0,0,0,0,0.125,0,0,2,0,1,0,0,0
http://session.chase.chase.id.win/login.php?id=2889,1,51,26,10,7,4,0.0784313725490196,2,0,5,3,4.2244,0,3,0,0,0,0,0.045454545454545456,0,1,3,1,0,0,0,0
http://192.168.88.91/coinbase/account.php,1,41,13,21,0,10,0.24390243902439024,0,0,4,4,4.1435,1,0,0,10,0,0,0.3,0,1,2,0,0,0,0,0
https://www.google.com/blog/2026/update?ref=60609,0,49,14,17,9,9,0.1836734693877551,2,0,2,5,4.469,0,1,0,0,0,0,0.3333333333333333,0,0,3,0,1,0,0,0
https://www.github.com/docs/api?ref=97835,0,41,14,9,9,5,0.12195121951219512,2,0,2,4,4.589,0,1,0,0,0,0,0.08333333333333333,0,0,3,0,1,0,0,0
https://www.abc.net.au/products/laptop?ref=7175,0,47,14,16,8,4,0.0851063829787234,2,0,3,4,4.3658,0,2,0,0,0,0,0.0,0,0,2,0,1,0,0,0
https://www.amazon.com/about?ref=82851,0,38,14,6,9,5,0.13157894736842105,2,0,2,3,4.4644,0,1,0,0,0,0,0.16666666666666666,0,0,3,0,1,0,0,0
https://www.spotify.com/about?ref=81805,0,39,15,6,9,5,0.1282051282051282,2,0,2,3,4.4581,0,1,0,0,0,0,0.15384615384615385,0,0,3,0,1,0,0,0
https://www.dropbox.com/about?ref=27724,0,39,15,6,9,5,0.1282051282051282,2,0,2,3,4.4068,0,1,0,0,0,0,0.23076923076923078,0,0,3,0,1,0,0,0
https://www.bbc.co.uk/?ref=35737,0,32,13,1,9,5,0.15625,2,0,3,3,4.2417,0,2,0,0,0,0,0.1,0,0,2,0,1,0,0,0
https://www.google.com/products/laptop?ref=86929,0,48,14,16,9,5,0.10416666666666667,2,0,2,4,4.4107,0,1,0,0,0,0,0.3333333333333333,0,0,3,0,1,0,0,0
https://www.bbc.co.uk/en/help?ref=52645,0,39,13,8,9,5,0.1282051282051282,2,0,3,4,4.4068,0,2,0,0,0,0,0.1,0,0,2,0,1,0,0,0
http://45.33.93.93/dhl/confirm.php,1,34,11,16,0,8,0.23529411764705882,0,0,4,4,3.9842,1,0,0,8,0,0,0.0,0,1,2,0,0,0,0,0
https://www.stackoverflow.com/blog/2026/update,0,46,21,17,0,4,0.08695652173913043,0,0,2,5,4.4016,0,1,0,0,0,0,0.21052631578947367,0,0,3,0,1,0,0,0
https://www.gov.uk/search?q=news&ref=34586,0,42,10,7,16,5,0.11904761904761904,4,0,2,3,4.6241,0,1,0,0,0,0,0.125,0,0,2,0,1,0,0,0
http://coinbase.id.session.secure.gq/reset-password.php?id=2127,1,63,29,19,7,4,0.06349206349206349,2,1,5,3,4.3758,0,3,0,0,0,0,0.08,0,1,2,1,0,0,0,0
https://www.spotify.com/?ref=37500,0,34,15,1,9,5,0.14705882352941177,2,0,2,3,4.315,0,1,0,0,0,0,0.15384615384615385,0,0,3,0,1,0,0,0
https://www.bbc.co.uk,0,21,13,0,0,0,0.0,0,0,3,2,3.5585,0,2,0,0,0,0,0.1,0,0,2,0,1,0,0,0
https://www.apple.com/blog/2026/update?ref=92917,0,48,13,17,9,9,0.1875,2,0,2,5,4.5719,0,1,0,0,0,0,0.18181818181818182,0,0,3,0,1,0,0,0
https://www.github.com/about?ref=83978,0,38,14,6,9,5,0.13157894736842105,2,0,2,3,4.4714,0,1,0,0,0,0,0.08333333333333333,0,0,3,0,1,0,0,0
http://bit.ly/e05qmkt,1,21,6,8,0,2,0.09523809523809523,0,0,1,3,3.7849,0,0,0,0,1,0,0.2,0,0,2,0,0,0,0,0
https://xn--irs-48d.com/secure,1,30,15,7,0,2,0.06666666666666667,0,3,1,3,4.1647,0,0,3,2,0,1,0.07142857142857142,0,0,3,0,1,0,0,0
http://bit.ly/o119xp9,1,21,6,8,0,4,0.19047619047619047,0,0,1,3,3.6538,0,0,0,0,1,0,0.2,0,0,2,0,0,0,0,0
https://www.wikipedia.org/user/profile?ref=77569,0,48,17,13,9,5,0.10416666666666667,2,0,2,4,4.4026,0,1,0,0,0,0,0.06666666666666667,0,0,3,0,1,0,0,0
http://10.0.240.192/bankofamerica/webscr.php,1,44,12,25,0,9,0.20454545454545456,0,0,4,4,4.408,1,0,0,9,0,0,0.5555555555555556,0,1,3,0,0,0,0,0
https://xn--ama-72d.com/signin,1,30,15,7,0,2,0.06666666666666667,0,3,1,3,4.0981,0,0,3,2,0,1,0.07142857142857142,0,0,3,0,1,0,0,0
http://10.0.88.186/outlook/billing.php,1,38,11,20,0,8,0.21052631578947367,0,0,4,4,3.9907,1,0,0,8,0,0,0.5,0,1,3,0,0,0,0,0
https://xn--net-90d.com/account,1,31,15,8,0,2,0.06451612903225806,0,3,1,3,4.0181,0,0,3,2,0,1,0.14285714285714285,0,0,3,0,1,0,0,0
http://id.session.netflix.reset-password.xyz/reset-password.php?id=9511,1,71,37,19,7,4,0.056338028169014086,2,2,5,3,4.3698,0,3,1,0,0,0,0.09090909090909091,0,1,3,1,0,0,0,0
https://xn--cha-79d.com/webscr,1,30,15,7,0,2,0.06666666666666667,0,3,1,3,4.2314,0,0,3,2,0,1,0.07142857142857142,0,0,3,0,1,0,0,0
https://xn--dhl-88d.com/secure,1,30,15,7,0,2,0.06666666666666667,0,3,1,3,4.1232,0,0,3,2,0,1,0.14285714285714285,0,0,3,0,1,0,0,0
http://bankofamerica-account-reset-password.tk/reset-password,1,61,39,15,0,0,0.0,0,4,1,3,4.16,0,0,3,0,0,0,0.07894736842105263,0,0,2,1,0,0,0,0
http://confirm.confirm.coinbase.confirm.buzz/confirm.php?id=8501,1,64,37,12,7,4,0.0625,2,0,5,3,4.3835,0,3,0,0,0,0,0.12121212121212122,0,1,4,1,0,0,0,0
http://paypal-login-account.gq/account,1,38,23,8,0,0,0.0,0,2,1,3,3.9053,0,0,2,0,0,0,0.18181818181818182,0,0,2,1,0,0,0,0
http://192.168.224.19/netflix/signin.php,1,40,14,19,0,11,0.275,0,0,4,4,4.1087,1,0,0,11,0,0,0.2727272727272727,0,1,2,0,0,0,0,0
https://www.bbc.co.uk/products/laptop?ref=35099,0,47,13,16,9,5,0.10638297872340426,2,0,3,4,4.4265,0,2,0,0,0,0,0.1,0,0,2,0,1,0,0,0
http://coinbase.secure.session.session.buzz/update.php?id=3762,1,62,36,11,7,4,0.06451612903225806,2,0,5,3,4.2946,0,3,0,0,0,0,0.09375,0,1,4,1,0,0,0,0
https://www.stackoverflow.com/products/laptop?ref=18790,0,55,21,16,9,5,0.09090909090909091,2,0,2,4,4.4817,0,1,0,0,0,0,0.21052631578947367,0,0,3,0,1,0,0,0
http://chase-verify-reset-password.icu/reset-password,1,53,31,15,0,0,0.0,0,4,1,3,4.048,0,0,3,0,0,0,0.03333333333333333,0,0,3,1,0,0,0,0
https://www.linkedin.com/user/profile?ref=43840,0,47,16,13,9,5,0.10638297872340426,2,0,2,4,4.5277,0,1,0,0,0,0,0.14285714285714285,0,0,3,0,1,0,0,0
http://verify.paypal.secure.paypal.top/verify.php?id=2477,1,57,31,11,7,4,0.07017543859649122,2,0,5,3,4.278,0,3,0,0,0,0,0.1111111111111111,0,0,3,1,0,0,0,0
http://bit.ly/aytxw1v,1,21,6,8,0,1,0.047619047619047616,0,0,1,3,3.6897,0,0,0,0,1,0,0.2,0,0,2,0,0,0,0,0
https://www.who.int/docs/api?ref=90224,0,38,11,9,9,5,0.13157894736842105,2,0,2,4,4.3333,0,1,0,0,0,0,0.1111111111111111,0,0,3,0,1,0,0,0
http://104.21.49.135/coinbase/reset-password.php,1,48,13,28,0,10,0.20833333333333334,0,1,4,4,4.4128,1,0,0,10,0,0,0.4,0,1,3,0,0,0,0,0
https://www.nytimes.com/search?q=news&ref=48049,0,47,15,7,16,5,0.10638297872340426,4,0,2,3,4.5012,0,1,0,0,0,0,0.07692307692307693,0,0,3,0,1,0,0,0
http://chase-account-billing.top/billing,1,40,25,8,0,0,0.0,0,2,1,3,4.0153,0,0,2,0,0,0,0.16666666666666666,0,0,3,1,0,0,0,0
https://www.spotify.com/blog/2026/update?ref=31005,0,50,15,17,9,9,0.18,2,0,2,5,4.6713,0,1,0,0,0,0,0.15384615384615385,0,0,3,0,1,0,0,0
https://xn--ins-13d.com/secure,1,30,15,7,0,2,0.06666666666666667,0,3,1,3,4.1647,0,0,3,2,0,1,0.14285714285714285,0,0,3,0,1,0,0,0
http://irs-id-signin.buzz/signin,1,32,18,7,0,0,0.0,0,2,1,3,3.7181,0,0,2,0,0,0,0.0,0,0,4,1,0,0,0,0
https://www.apple.com,0,21,13,0,0,0,0.0,0,0,2,2,3.6538,0,1,0,0,0,0,0.18181818181818182,0,0,3,0,1,0,0,0
https://www.amazon.com/docs/api?ref=52173,0,41,14,9,9,5,0.12195121951219512,2,0,2,4,4.5218,0,1,0,0,0,0,0.16666666666666666,0,0,3,0,1,0,0,0
http://id.id.outlook.outlook.gq/login.php?id=3248,1,49,24,10,7,4,0.08163265306122448,2,0,5,3,4.0988,0,3,0,0,0,0,0.4,0,0,2,1,0,0,0,0
http://45.33.250.191/amazon/verify.php,1,38,13,18,0,10,0.2631578947368421,0,0,4,4,4.386,1,0,0,10,0,0,0.3,0,1,3,0,0,0,0,0
https://www.netflix.com/docs/api?ref=53505,0,42,15,9,9,5,0.11904761904761904,2,0,2,4,4.4813,0,1,0,0,0,0,0.15384615384615385,0,0,3,0,1,0,0,0
https://xn--cha-43d.com/billing,1,31,15,8,0,2,0.06451612903225806,0,3,1,3,4.2603,0,0,3,2,0,1,0.07142857142857142,0,0,3,0,1,0,0,0
http://webscr.session.webscr.session.icu/webscr.php?id=4115,1,59,33,11,7,4,0.06779661016949153,2,0,5,3,4.1619,0,3,0,0,0,0,0.06896551724137931,0,0,3,1,0,0,0,0
http://192.168.121.228/coinbase/billing.php,1,43,15,21,0,12,0.27906976744186046,0,0,4,4,4.1819,1,0,0,12,0,0,0.3333333333333333,0,1,3,0,0,0,0,0
https://www.gov.uk/products/laptop?ref=41425,0,44,10,16,9,5,0.11363636363636363,2,0,2,4,4.4706,0,1,0,0,0,0,0.125,0,0,2,0,1,0,0,0
https://www.stackoverflow.com/docs/api?ref=47244,0,48,21,9,9,5,0.10416666666666667,2,0,2,4,4.4387,0,1,0,0,0,0,0.21052631578947367,0,0,3,0,1,0,0,0
http://id.session.id.microsoft.win/billing.php?id=8529,1,54,27,12,7,4,0.07407407407407407,2,0,5,3,4.3449,0,3,0,0,0,0,0.13043478260869565,0,0,3,1,0,0,0,0
http://bit.ly/dsgv6to,1,21,6,8,0,1,0.047619047619047616,0,0,1,3,3.7849,0,0,0,0,1,0,0.2,0,0,2,0,0,0,0,0
http://bit.ly/61j88qe,1,21,6,8,0,4,0.19047619047619047,0,0,1,3,3.8442,0,0,0,0,1,0,0.2,0,0,2,0,0,0,0,0
https://xn--dhl-70d.com/secure,1,30,15,7,0,2,0.06666666666666667,0,3,1,3,4.1899,0,0,3,2,0,1,0.21428571428571427,0,0,3,0,1,0,0,0
http://bankofamerica-secure-secure.top/secure,1,45,31,7,0,0,0.0,0,2,1,3,4.0379,0,0,2,0,0,0,0.06666666666666667,0,0,3,1,0,0,0,0
http://reset-password.id.id.reset-password.loan/reset-password.php?id=1769,1,74,40,19,7,4,0.05405405405405406,2,3,5,3,4.1715,0,3,2,0,0,0,0.1111111111111111,0,0,4,1,0,0,0,0
https://www.reddit.com?ref=93104,0,32,14,0,9,5,0.15625,2,0,2,2,4.3903,0,1,0,0,0,0,0.08333333333333333,0,0,3,0,1,0,0,0
https://xn--ban-29d.com/login,1,29,15,6,0,2,0.06896551724137931,0,3,1,3,4.2282,0,0,3,2,0,1,0.07142857142857142,0,0,3,0,1,0,0,0
http://192.168.97.11/microsoft/verify.php,1,41,13,21,0,10,0.24390243902439024,0,0,4,4,4.2476,1,0,0,10,0,0,0.4,0,1,2,0,0,0,0,0
http://netflix-secure-signin.info/signin,1,40,26,7,0,0,0.0,0,2,1,3,3.921,0,0,2,0,0,0,0.08,0,0,4,1,0,0,0,0
https://www.amazon.com/about?ref=80887,0,38,14,6,9,5,0.13157894736842105,2,0,2,3,4.3919,0,1,0,0,0,0,0.16666666666666666,0,0,3,0,1,0,0,0
https://www.microsoft.com/?ref=83213,0,36,17,1,9,5,0.1388888888888889,2,0,2,3,4.2527,0,1,0,0,0,0,0.2,0,0,3,0,1,0,0,0
https://www.google.com?ref=8355,0,31,14,0,8,4,0.12903225806451613,2,0,2,2,4.2603,0,1,0,0,0,0,0.3333333333333333,0,0,3,0,1,0,0,0
http://192.168.219.36/apple/login.php,1,37,14,16,0,11,0.2972972972972973,0,0,4,4,4.0104,1,0,0,11,0,0,0.2727272727272727,0,1,2,0,0,0,0,0
http://192.168.230.241/dhl/verify.php,1,37,15,15,0,12,0.32432432432432434,0,0,4,4,4.2089,1,0,0,12,0,0,0.3333333333333333,0,1,3,0,0,0,0,0
https://www.adobe.com/en/help?ref=73512,0,39,13,8,9,5,0.1282051282051282,2,0,2,4,4.4968,0,1,0,0,0,0,0.18181818181818182,0,0,3,0,1,0,0,0
https://www.apple.com/blog/2026/update?ref=71798,0,48,13,17,9,9,0.1875,2,0,2,5,4.6292,0,1,0,0,0,0,0.18181818181818182,0,0,3,0,1,0,0,0
https://www.spotify.com/docs/api?ref=28653,0,42,15,9,9,5,0.11904761904761904,2,0,2,4,4.4453,0,1,0,0,0,0,0.15384615384615385,0,0,3,0,1,0,0,0
https://www.bbc.co.uk/?ref=55387,0,32,13,1,9,5,0.15625,2,0,3,3,4.3042,0,2,0,0,0,0,0.1,0,0,2,0,1,0,0,0
https://www.reddit.com/products/laptop?ref=71592,0,48,14,16,9,5,0.10416666666666667,2,0,2,4,4.4469,0,1,0,0,0,0,0.08333333333333333,0,0,3,0,1,0,0,0
https://xn--ban-54d.com/signin,1,30,15,7,0,2,0.06666666666666667,0,3,1,3,4.1232,0,0,3,2,0,1,0.07142857142857142,0,0,3,0,1,0,0,0
http://verify.verify.id.session.win/verify.php?id=8248,1,54,28,11,7,4,0.07407407407407407,2,0,5,3,4.2263,0,3,0,0,0,0,0.041666666666666664,0,0,3,1,0,0,0,0
http://104.21.211.186/microsoft/billing.php,1,43,14,22,0,11,0.2558139534883721,0,0,4,4,4.2664,1,0,0,11,0,0,0.5454545454545454,0,1,3,0,0,0,0,0
http://dhl-login-billing.win/billing,1,36,21,8,0,0,0.0,0,2,1,3,3.5997,0,0,2,0,0,0,0.25,0,0,3,1,0,0,0,0
https://www.amazon.com/about?ref=93231,0,38,14,6,9,5,0.13157894736842105,2,0,2,3,4.4644,0,1,0,0,0,0,0.16666666666666666,0,0,3,0,1,0,0,0
http://45.33.123.119/dhl/secure.php,1,35,13,15,0,10,0.2857142857142857,0,0,4,4,4.0144,1,0,0,10,0,0,0.3,0,1,3,0,0,0,0,0
http://192.168.209.149/paypal/reset-password.php,1,48,15,26,0,12,0.25,0,1,4,4,4.2665,1,0,0,12,0,0,0.3333333333333333,0,1,3,0,0,0,0,0
https://www.abc.net.au/en/help,0,30,14,8,0,0,0.0,0,0,3,4,3.7396,0,2,0,0,0,0,0.0,0,0,2,0,1,0,0,0
http://bit.ly/bgk2wbx,1,21,6,8,0,1,0.047619047619047616,0,0,1,3,3.713,0,0,0,0,1,0,0.2,0,0,2,0,0,0,0,0
http://dhl-verify-update.gq/update,1,34,20,7,0,0,0.0,0,2,1,3,4.0575,0,0,2,0,0,0,0.05263157894736842,0,0,2,1,0,0,0,0
http://session.paypal.session.session.gq/update.php?id=5093,1,59,33,11,7,4,0.06779661016949153,2,0,5,3,4.1975,0,3,0,0,0,0,0.13793103448275862,0,1,2,1,0,0,0,0
http://microsoft-secure-login.loan/login,1,40,27,6,0,0,0.0,0,2,1,3,4.1373,0,0,2,0,0,0,0.23076923076923078,0,0,4,1,0,0,0,0
http://10.0.211.103/amazon/verify.php,1,37,12,18,0,9,0.24324324324324326,0,0,4,4,4.1416,1,0,0,9,0,0,0.7777777777777778,0,1,3,0,0,0,0,0
http://192.168.242.210/irs/login.php,1,36,15,14,0,12,0.3333333333333333,0,0,4,4,4.0724,1,0,0,12,0,0,0.3333333333333333,0,1,3,0,0,0,0,0
http://104.21.218.198/instagram/billing.php,1,43,14,22,0,11,0.2558139534883721,0,0,4,4,4.2108,1,0,0,11,0,0,0.45454545454545453,0,1,3,0,0,0,0,0
http://bit.ly/ejzhyap,1,21,6,8,0,0,0.0,0,0,1,3,3.6538,0,0,0,0,1,0,0.2,0,0,2,0,0,0,0,0
https://www.reddit.com/products/laptop?ref=10880,0,48,14,16,9,5,0.10416666666666667,2,0,2,4,4.3635,0,1,0,0,0,0,0.08333333333333333,0,0,3,0,1,0,0,0
https://www.reddit.com/search?q=news&ref=72376,0,46,14,7,16,5,0.10869565217391304,4,0,2,3,4.5014,0,1,0,0,0,0,0.08333333333333333,0,0,3,0,1,0,0,0
https://xn--mic-27d.com/signin,1,30,15,7,0,2,0.06666666666666667,0,3,1,3,4.0062,0,0,3,2,0,1,0.07142857142857142,0,0,3,0,1,0,0,0
http://bit.ly/wftbgm5,1,21,6,8,0,1,0.047619047619047616,0,0,1,3,3.6897,0,0,0,0,1,0,0.2,0,0,2,0,0,0,0,0
https://www.apple.com/search?q=news&ref=14434,0,45,13,7,16,5,0.1111111111111111,4,0,2,3,4.4025,0,1,0,0,0,0,0.18181818181818182,0,0,3,0,1,0,0,0
https://www.netflix.com/blog/2026/update,0,40,15,17,0,4,0.1,0,0,2,5,4.4128,0,1,0,0,0,0,0.15384615384615385,0,0,3,0,1,0,0,0
http://10.0.107.62/instagram/signin.php,1,39,11,21,0,8,0.20512820512820512,0,0,4,4,4.0091,1,0,0,8,0,0,0.625,0,1,2,0,0,0,0,0
http://192.168.128.117/netflix/billing.php,1,42,15,20,0,12,0.2857142857142857,0,0,4,4,4.0916,1,0,0,12,0,0,0.4166666666666667,0,1,3,0,0,0,0,0
https://www.who.int/user/profile?ref=58954,0,42,11,13,9,5,0.11904761904761904,2,0,2,4,4.2908,0,1,0,0,0,0,0.1111111111111111,0,0,3,0,1,0,0,0
http://10.0.240.236/microsoft/signin.php,1,40,12,21,0,9,0.225,0,0,4,4,4.1964,1,0,0,9,0,0,0.4444444444444444,0,1,3,0,0,0,0,0
https://www.adobe.com/en/help?ref=44573,0,39,13,8,9,5,0.1282051282051282,2,0,2,4,4.4455,0,1,0,0,0,0,0.18181818181818182,0,0,3,0,1,0,0,0
http://104.21.249.194/apple/confirm.php,1,39,14,18,0,11,0.28205128205128205,0,0,4,4,4.1285,1,0,0,11,0,0,0.36363636363636365,0,1,3,0,0,0,0,0
http://bit.ly/ikwe4bx,1,21,6,8,0,1,0.047619047619047616,0,0,1,3,3.749,0,0,0,0,1,0,0.2,0,0,2,0,0,0,0,0
https://www.nytimes.com/docs/api?ref=84320,0,42,15,9,9,5,0.11904761904761904,2,0,2,4,4.5289,0,1,0,0,0,0,0.07692307692307693,0,0,3,0,1,0,0,0
https://www.commbank.com.au/products/laptop?ref=96817,0,53,19,16,9,5,0.09433962264150944,2,0,3,4,4.5624,0,2,0,0,0,0,0.125,0,0,2,0,1,0,0,0
http://chase-verify-verify.info/verify,1,38,24,7,0,0,0.0,0,2,1,3,3.9579,0,0,2,0,0,0,0.043478260869565216,0,0,4,1,0,0,0,0
http://192.168.232.66/irs/secure.php,1,36,14,15,0,11,0.3055555555555556,0,0,4,4,3.9959,1,0,0,11,0,0,0.18181818181818182,0,1,2,0,0,0,0,0
http://bit.ly/nyxtxmg,1,21,6,8,0,0,0.0,0,0,1,3,3.5945,0,0,0,0,1,0,0.2,0,0,2,0,0,0,0,0
http://outlook.session.session.secure.tk/login.php?id=8774,1,58,33,10,7,4,0.06896551724137931,2,0,5,3,4.2194,0,3,0,0,0,0,0.20689655172413793,0,1,2,1,0,0,0,0
http://id.session.update.update.top/update.php?id=3188,1,54,28,11,7,4,0.07407407407407407,2,0,5,3,3.9742,0,3,0,0,0,0,0.08333333333333333,0,0,3,1,0,0,0,0
http://chase-id-account.loan/account,1,36,21,8,0,0,0.0,0,2,1,3,3.8401,0,0,2,0,0,0,0.15,0,0,4,1,0,0,0,0
https://www.spotify.com/?ref=74133,0,34,15,1,9,5,0.14705882352941177,2,0,2,3,4.315,0,1,0,0,0,0,0.15384615384615385,0,0,3,0,1,0,0,0
https://www.reddit.com/search?q=news&ref=21036,0,46,14,7,16,5,0.10869565217391304,4,0,2,3,4.5449,0,1,0,0,0,0,0.08333333333333333,0,0,3,0,1,0,0,0
https://xn--irs-57d.com/reset-password,1,38,15,15,0,2,0.05263157894736842,0,4,1,3,4.146,0,0,3,2,0,1,0.07142857142857142,0,0,3,0,1,0,0,0
https://xn--dhl-44d.com/secure,1,30,15,7,0,2,0.06666666666666667,0,3,1,3,4.1232,0,0,3,2,0,1,0.14285714285714285,0,0,3,0,1,0,0,0
https://xn--out-28d.com/billing,1,31,15,8,0,2,0.06451612903225806,0,3,1,3,4.236,0,0,3,2,0,1,0.14285714285714285,0,0,3,0,1,0,0,0
https://www.unimelb.edu.au/,0,27,18,1,0,0,0.0,0,0,3,3,3.9023,0,2,0,0,0,0,0.06666666666666667,0,0,2,0,1,0,0,0
http://irs-login-billing.win/billing,1,36,21,8,0,0,0.0,0,2,1,3,3.6485,0,0,2,0,0,0,0.2,0,0,3,1,0,0,0,0
https://xn--mic-98d.com/login,1,29,15,6,0,2,0.06896551724137931,0,3,1,3,4.1163,0,0,3,2,0,1,0.07142857142857142,0,0,3,0,1,0,0,0
https://www.wikipedia.org/user/profile,0,38,17,13,0,0,0.0,0,0,2,4,4.0304,0,1,0,0,0,0,0.06666666666666667,0,0,3,0,1,0,0,0
http://bit.ly/d2zdlx1,1,21,6,8,0,2,0.09523809523809523,0,0,1,3,3.749,0,0,0,0,1,0,0.2,0,0,2,0,0,0,0,0
https://www.commbank.com.au/,0,28,19,1,0,0,0.0,0,0,3,3,3.8424,0,2,0,0,0,0,0.125,0,0,2,0,1,0,0,0
https://www.apple.com/products/laptop?ref=88580,0,47,13,16,9,5,0.10638297872340426,2,0,2,4,4.2828,0,1,0,0,0,0,0.18181818181818182,0,0,3,0,1,0,0,0
https://www.stackoverflow.com/docs/api?ref=1053,0,47,21,9,8,4,0.0851063829787234,2,0,2,4,4.4851,0,1,0,0,0,0,0.21052631578947367,0,0,3,0,1,0,0,0
http://45.33.172.102/netflix/signin.php,1,39,13,19,0,10,0.2564102564102564,0,0,4,4,4.1823,1,0,0,10,0,0,0.3,0,1,3,0,0,0,0,0
http://id.signin.signin.coinbase.top/signin.php?id=5390,1,55,29,11,7,4,0.07272727272727272,2,0,5,3,4.0349,0,3,0,0,0,0,0.08,0,0,3,1,0,0,0,0
http://10.0.116.120/microsoft/secure.php,1,40,12,21,0,9,0.225,0,0,4,4,4.0653,1,0,0,9,0,0,0.7777777777777778,0,1,3,0,0,0,0,0
