tree
version=v4
num_class=1
num_tree_per_iteration=1
label_index=0
max_feature_idx=25
objective=binary sigmoid:1
feature_names=url_length hostname_length path_length query_length digit_count digit_ratio special_char_count hyphen_count dot_count slash_count entropy has_ip_address subdomain_count hostname_hyphen_count hostname_digit_count is_known_shortener has_punycode homoglyph_char_ratio percent_encoded_count brand_token_in_subdomain_or_path tld_length is_suspicious_tld uses_https has_at_symbol has_port has_double_slash_redirect
feature_infos=[14:5795] [4:110] [0:4248] [0:1385] [0:2011] [0:0.68421052631578949] [0:390] [0:286] [1:99] [2:35] [2.3090000000000002:5.3353000000000002] [0:1] [0:10] [0:26] [0:67] [0:1] [0:1] [0:0.81481481481481477] [0:149] [0:1] [2:13] [0:1] [0:1] [0:1] none [0:1]
tree_sizes=2919 3046 3028 3480 2616 2722 2504 3358 2504 3456 3469 3458 3466 3472 3472 3458 3458 3480 3472 3462 3452 3479 3472 3472 3459 3460 3452 3467 3479 3488 3454 3481 3473 3461 3451 3462 3477 3468 3464 3453 3459 3461 3476 3474 3468 3495 3472 3479 3475 3485 3478 3473 3495 3482 3481 3479 3484 3479 3483 3484 3486 3492 3488 3479 3474 3462 3479 3489 3487 3494 3496 3486 3495 3490 3500 3502 3504 3493 3481 3491 3482 3487 3502 3465 3485 3486 3513 3489 3497 3473 3502 3488 3515 3500 3471 3503 3495 3484 3497 3501 3490 3495 3477 3498 3478 3497 3490 3497 3508 3492 3476 3492 3489 3493 3490 3516 3485 3498 3514 3493 3486 3518 3490 3468 3504 3474 3504 3483 3516 3492 3481 3497 3496 3507 3478 3474 3514 3513 3514 3497 3502 3505 3472 3484 3498 3511 3498 3472 3513 3515 3482 3496 3495 3492 3472 3503 3481 3492 3471 3514 3471 3471 3516 3458 3464 3504 3488 3488 3509 3484 3507 3485 3499 3462 3495 3493 3498 3498 3511 3484 3502 3473 3505 3443 3471 3489 3479 3498 3492 3494 3485 3498

Tree=0
num_leaves=26
num_cat=0
split_feature=2 22 0 8 5 21 8 0 5 5 7 0 5 0 8 7 0 7 5 7 0 0 0 0 10
split_gain=63745.8 78888.7 1667.72 1009.55 164.394 111.505 182.939 106.046 128.163 68.5304 42.3457 26.429 22.2899 37.9185 13.0433 10.0224 8.3251 8.1725 6.06396 4.28721 3.90553 3.05492 2.20391 1.38999 1.01045
threshold=1.0000000180025095e-35 1.0000000180025095e-35 46.500000000000007 1.5000000000000002 0.18188653451811351 1.0000000180025095e-35 3.5000000000000004 40.500000000000007 0.021390986044383439 0.015038444142921758 1.0000000180025095e-35 50.500000000000007 0.024540800963565194 33.500000000000007 2.5000000000000004 1.0000000180025095e-35 26.500000000000004 1.0000000180025095e-35 0.15376049340414599 1.5000000000000002 42.500000000000007 35.500000000000007 32.500000000000007 35.500000000000007 3.7084000000000006
decision_type=2 2 2 2 2 2 2 2 2 2 2 2 2 2 2 2 2 2 2 2 2 2 2 2 2
left_child=1 -1 3 -3 5 7 17 12 10 11 14 -4 19 15 -9 18 -17 22 -14 23 -12 -15 24 -5 -7
right_child=-2 2 9 4 -6 6 -8 8 -10 -11 20 -13 13 21 -16 16 -18 -19 -20 -21 -22 -23 -24 -25 -26
leaf_value=0.099985887577646523 0.099991101773752186 0.098486498394580804 -0.020203041632524024 -0.099137221599243888 0.029855882995468749 -0.063094335088710721 0.094573934163146675 -0.097537910386820484 0.079338682403579802 0.099017732625475849 -0.041224843797173324 0.064653079526430318 -0.094071773212513157 -0.044130296144329506 -0.059216800760050751 -0.084653555612643427 -0.027170491640958926 -0.036367230166579972 -0.06323161165952125 -0.086037362711099782 -0.0099516585756290396 -0.010184304130733771 -0.051351842028900849 -0.094992321760178619 -0.086384011507731284
leaf_weight=7059.1910069584846 11172.525629341602 65.069700241088867 19.911143362522125 17017.809314310551 24.82467782497406 20.600382328033447 17.429383993148804 86.811757326126099 14.459611415863035 100.79993742704391 21.459456026554108 15.485622107982634 437.28186243772507 14.30836993455887 38.490493059158325 13.087733507156374 13.934411704540251 15.179839134216307 25.421352803707123 122.66924953460693 19.46611213684082 13.050547003746031 12.998067259788511 807.89822316169739 78.881766021251678
leaf_count=24301 38461 224 82 77478 95 90 60 395 51 347 91 56 1979 61 167 59 58 64 111 550 79 53 56 3660 354
internal_value=6.83332e-05 -0.0427459 -0.0957301 -0.0969885 -0.0976697 -0.0978398 -0.0535814 -0.0981813 -0.0594785 0.0781606 -0.0719559 0.0176768 -0.0985568 -0.0874715 -0.0863284 -0.09068 -0.0570389 -0.0743868 -0.0925174 -0.0988712 -0.026942 -0.0288677 -0.0791521 -0.0989547 -0.0822372
internal_weight=37249 26076.5 19017.3 18881.1 18816.1 18791.2 145.089 18646.1 180.687 136.197 166.228 35.3968 18465.5 517.084 125.302 489.725 27.0221 127.66 462.703 17948.4 40.9256 27.3589 112.48 17825.7 99.4821
internal_count=148982 110521 86220 85735 85511 85416 624 84792 783 485 732 138 84009 2321 562 2207 117 564 2090 81688 170 114 500 81138 444
is_linear=0
shrinkage=1


Tree=1
num_leaves=27
num_cat=0
split_feature=2 22 0 8 4 0 4 21 4 7 21 7 0 0 4 7 0 8 0 10 5 10 0 10 7 10
split_gain=57801.7 71239.2 1529.48 926.716 210.269 91.9478 144.836 125.659 57.9661 34.0611 31.3683 37.3234 26.0531 16.5942 13.9186 19.3598 23.5177 9.55078 9.60205 5.38887 5.15628 3.49658 3.23647 2.3285 1.60063 0.39242
threshold=1.0000000180025095e-35 1.0000000180025095e-35 46.500000000000007 1.5000000000000002 4.5000000000000009 37.500000000000007 1.0000000180025095e-35 1.0000000180025095e-35 1.0000000180025095e-35 1.0000000180025095e-35 1.0000000180025095e-35 1.0000000180025095e-35 50.500000000000007 40.500000000000007 1.0000000180025095e-35 1.0000000180025095e-35 29.500000000000004 2.5000000000000004 42.500000000000007 4.0837000000000012 0.17311854811854813 3.9355500000000005 42.500000000000007 4.0695500000000004 1.5000000000000002 4.0658000000000003
decision_type=2 2 2 2 2 2 2 2 2 2 2 2 2 2 2 2 2 2 2 2 2 2 2 2 2 2
left_child=1 -1 3 -3 5 10 7 9 12 17 14 -12 -4 25 24 20 -17 -7 21 -15 23 -19 -21 -16 -5 -11
right_child=-2 2 8 4 -6 6 -8 -9 -10 13 11 -13 -14 19 15 16 -18 18 -20 22 -22 -23 -24 -25 -26 -27
leaf_value=0.095228945605140142 0.095233733029506829 0.093883201722983645 -0.017595393056085359 -0.094339428713605025 0.06373937170144385 -0.093064614848477126 0.061378342287618584 0.061162956568602003 0.094348044259127239 -0.055747170130787907 -0.078564356046137762 4.8399269999705938e-05 0.065580066632112605 -0.0021970869802597163 -0.09045939890278093 -0.07792247284923437 0.0087655866417686978 -0.047339246701713675 -0.036780181375793183 -0.057813007948055328 -0.051608068281199404 -0.084335372178680146 -0.022884189281832657 -0.074829242443438845 -0.082676460304717675 -0.077645991100399714
leaf_weight=7021.2935568988323 11154.208187162876 65.78152596950531 20.199571818113327 17464.999522805214 20.712310120463371 308.79307171702385 18.736969411373138 15.166447609663008 100.55326387286186 17.420955955982208 109.83235327899456 17.478395909070969 16.120822042226791 12.679439276456831 402.86140105128288 19.420732855796818 12.382612913846968 11.804969027638434 17.939254850149155 14.456768631935121 14.595401823520659 77.860229715704918 15.463748157024382 63.760314270853996 94.279576063156128 39.756312072277069
leaf_count=24231 38494 227 83 79701 75 1407 68 55 347 76 491 70 58 51 1829 87 49 51 76 63 63 351 64 284 424 178
internal_value=2.72503e-05 -0.0408281 -0.0911806 -0.0923916 -0.0930493 -0.0932259 -0.0727228 -0.0775581 0.0749318 -0.0817444 -0.0938416 -0.0678554 0.0200901 -0.0544954 -0.0940209 -0.084934 -0.0449322 -0.0881276 -0.0732334 -0.0298261 -0.087479 -0.0800405 -0.0410848 -0.0884882 -0.0942815 -0.0720467
internal_weight=37148.6 25994.3 18973.1 18836.2 18770.4 18749.7 550.078 531.341 136.874 516.175 18199.6 127.311 36.3204 99.7772 18072.3 513.02 31.8033 416.398 107.604 42.6 481.217 89.6652 29.9205 466.622 17559.3 57.1773
internal_count=148953 110459 86228 85740 85513 85438 2440 2372 488 2317 82998 561 141 432 82437 2312 136 1885 478 178 2176 402 127 2113 80125 254
is_linear=0
shrinkage=0.05


Tree=2
num_leaves=27
num_cat=0
split_feature=2 22 0 8 4 21 8 0 4 4 7 0 4 0 8 10 5 10 0 7 0 0 5 7 10 0
split_gain=52548.8 64848.3 1343.97 812.57 202.779 99.3202 168.769 84.1659 94.3335 62.4144 32.5925 29.0132 17.9858 34.4937 14.9334 10.0451 7.16603 6.84936 4.9494 7.799 4.53789 3.6246 2.61057 2.4021 1.6265 0.0601488
threshold=1.0000000180025095e-35 1.0000000180025095e-35 46.500000000000007 1.5000000000000002 4.5000000000000009 1.0000000180025095e-35 2.5000000000000004 40.500000000000007 1.0000000180025095e-35 1.0000000180025095e-35 1.0000000180025095e-35 50.500000000000007 1.0000000180025095e-35 33.500000000000007 2.5000000000000004 4.1232500000000014 0.17311854811854813 4.1069500000000012 35.500000000000007 1.0000000180025095e-35 42.500000000000007 42.500000000000007 0.055363984674329507 1.0000000180025095e-35 3.7084000000000006 29.500000000000004
decision_type=2 2 2 2 2 2 2 2 2 2 2 2 2 2 2 2 2 2 2 2 2 2 2 2 2 2
left_child=1 -1 3 -3 5 7 15 12 10 11 14 -4 18 16 -9 23 17 -14 -5 -20 -12 -16 -15 24 -7 -19
right_child=-2 2 9 4 -6 6 -8 8 -10 -11 20 -13 13 22 21 -17 -18 25 19 -21 -22 -23 -24 -25 -26 -27
leaf_value=0.091119851473358937 0.091124273163362246 0.089825025423436303 -0.025755182453313555 -0.090304988234073499 0.062107009851847278 -0.056627924167777927 0.082413517097531808 -0.08904660770228362 0.070998701483658042 0.090291650413780011 -0.042026455766870099 0.062147078329131425 -0.086158266298686614 -0.0078343582434675235 -0.063543351560500602 -0.02222200210039205 -0.044463596969227866 -0.069587430964587901 -0.087438206767532264 -0.071286425242620063 -0.0093458383313363581 -0.029197266268375169 -0.038904436700636723 -0.044748116228722386 -0.08060645651416741 -0.051319788885872353
leaf_weight=6987.182268589735 11090.338395029306 63.032308369874954 20.419953018426895 16936.564863860607 21.541258230805397 20.497609168291092 20.531027540564537 90.15933620929718 12.94298507273197 98.424587845802307 22.226966127753258 15.780179947614668 431.53765119612217 13.749410927295687 19.63047257065773 11.48146530985832 15.376080274581907 23.235689595341682 730.7661612033844 118.30201733112335 20.920440584421158 17.108944892883301 13.623179405927656 11.677792429924009 83.752654999494553 21.787346675992012
leaf_count=24283 38543 219 85 77828 78 90 72 414 46 342 95 57 1970 56 87 48 66 104 3344 530 85 72 58 50 379 95
internal_value=8.75679e-05 -0.0389833 -0.0871983 -0.0883311 -0.0889378 -0.0891157 -0.0477989 -0.0894437 -0.0551563 0.069813 -0.0651175 0.0132033 -0.0897835 -0.079828 -0.0778514 -0.06926 -0.0828722 -0.0840158 -0.0900696 -0.0852743 -0.0267516 -0.0487464 -0.0241239 -0.0736888 -0.0764746 -0.0620546
internal_weight=36932.6 25842.3 18855.1 18720.4 18657.4 18635.9 147.941 18487.9 182.989 134.625 170.046 36.2001 18304.9 519.309 126.899 127.41 491.937 476.561 17785.6 849.068 43.1474 36.7394 27.3726 115.928 104.25 45.023
internal_count=149096 110553 86270 85786 85567 85489 639 84850 799 484 753 142 84051 2349 573 567 2235 2169 81702 3874 180 159 114 519 469 199
is_linear=0
shrinkage=0.05


Tree=3
num_leaves=31
num_cat=0
split_feature=2 4 21 20 8 4 0 8 20 20 8 1 0 1 0 1 0 1 0 1 1 0 1 0 1 0 0 1 1 0
split_gain=48133.4 5845.09 5453.9 1501.17 1334.26 572.034 494.628 390.245 2595.01 374.25 306.211 237.293 208.059 2417.24 569.763 2276.68 536.035 2155.04 463.225 2104.96 389.352 2126.64 370.219 2062.93 338.161 1697.45 337.703 1598.61 314.856 1888.09
threshold=1.0000000180025095e-35 1.0000000180025095e-35 1.0000000180025095e-35 3.5000000000000004 1.5000000000000002 4.5000000000000009 17.500000000000004 2.5000000000000004 2.5000000000000004 3.5000000000000004 2.5000000000000004 21.500000000000004 25.500000000000004 17.500000000000004 24.500000000000004 16.500000000000004 23.500000000000004 15.500000000000002 22.500000000000004 14.500000000000002 18.500000000000004 26.500000000000004 19.500000000000004 27.500000000000004 20.500000000000004 28.500000000000004 21.500000000000004 13.500000000000002 21.500000000000004 29.500000000000004
decision_type=2 2 2 2 2 2 2 2 2 2 2 2 2 2 2 2 2 2 2 2 2 2 2 2 2 2 2 2 2 2
left_child=1 2 3 4 -1 10 -6 12 -9 -4 -3 -10 13 14 15 16 17 18 19 26 -14 -22 -23 -24 -25 -26 27 -8 -27 -30
right_child=-2 5 9 -5 6 -7 7 8 11 -11 -12 -13 20 -15 -16 -17 -18 -19 -20 -21 21 22 23 24 25 28 -28 -29 29 -31
leaf_value=0.087084060073515365 0.087542060500971214 0.011625343055733713 0.084329743824667597 0.040267803541575969 0.056834079316060417 0.08641744409971433 -0.062717553105262058 -0.061641511761320648 0.0070362200522893527 0.010685924637257808 0.061658127426160669 0.059485558366880444 -0.086833218122639402 0.087267444807132957 -0.08690099787282142 0.087249724331357789 -0.086856288661571204 0.087232293799734795 -0.087035203768248429 0.087219624935595985 0.087198811678431118 -0.086715521507467488 0.087186747145478166 -0.086755153368601512 0.087108284178130962 -0.086682930005714642 -0.08725788235991995 0.087101832421110956 0.087150815559835448 -0.062834270106582088
leaf_weight=171.64975580573082 10996.117032021284 967.04931136965752 801.42303448915482 454.83682824671268 102.16580426692963 580.43068465590477 2050.2769278734922 2805.6515392512083 380.3349944204092 220.16738131642342 446.67055277526379 497.93479117751122 1247.1668675243855 308.23915323615074 1205.5194579213858 290.02372774481773 1138.6326408982277 274.08523043990135 996.99133798480034 263.55443757772446 247.90055629611015 1214.4016214460135 239.64669162034988 1135.3447073698044 196.95428812503815 1049.7531279623508 821.37089714407921 194.10812789201736 218.01587384939194 5083.8342430889606
leaf_count=603 38635 3866 2832 1738 379 2042 9203 12571 1535 878 1643 1840 5794 1083 5601 1019 5290 963 4633 926 871 5641 842 5274 692 4876 3818 682 766 22816
internal_value=5.10097e-05 -0.0375254 -0.0444685 -0.0495798 -0.0514278 0.0446594 -0.0525143 -0.053028 -0.0381673 0.0684844 0.0274658 0.0368062 -0.0560377 -0.0496644 -0.0555099 -0.0492198 -0.0561303 -0.0485082 -0.0571259 -0.0481459 -0.0605536 -0.0570528 -0.0609753 -0.0570198 -0.0615281 -0.0571418 -0.0598075 -0.0497272 -0.0616278 -0.0566515
internal_weight=36600.3 25604.1 23610 22588.4 22133.6 1994.15 21961.9 21859.7 3683.92 1021.59 1413.72 878.27 18175.8 7542.8 7234.56 6029.04 5739.02 4600.39 4326.3 3329.31 10633 9385.85 9137.95 7923.55 7683.9 6548.56 3065.76 2244.39 6351.6 5301.85
internal_count=149352 110717 103166 99456 97718 7551 97115 96736 15946 3710 5509 3375 80790 33218 32135 26534 25515 20225 19262 14629 47572 41778 40907 35266 34424 29150 13703 9885 28458 23582
is_linear=0
shrinkage=0.05


Tree=4
num_leaves=23
num_cat=0
split_feature=9 22 0 8 4 0 4 21 4 7 0 21 7 7 0 5 8 0 10 10 0 10
split_gain=43887.9 55907.8 1181.44 684.292 172.953 69.8076 100.195 87.9798 46.1188 33.0097 24.195 20.6129 30.3618 11.5763 10.7882 6.72469 5.6145 6.73407 3.95738 0.516458 0.537817 0.0847584
threshold=2.5000000000000004 1.0000000180025095e-35 46.500000000000007 1.5000000000000002 4.5000000000000009 37.500000000000007 1.0000000180025095e-35 1.0000000180025095e-35 1.0000000180025095e-35 1.0000000180025095e-35 50.500000000000007 1.0000000180025095e-35 1.0000000180025095e-35 1.5000000000000002 40.500000000000007 0.17311854811854813 2.5000000000000004 42.500000000000007 4.1206500000000004 4.2090500000000004 38.500000000000007 3.7084000000000006
decision_type=2 2 2 2 2 2 2 2 2 2 2 2 2 2 2 2 2 2 2 2 2 2
left_child=1 -1 3 -3 5 11 7 9 10 16 -4 13 21 15 19 -5 -7 -18 -16 20 -11 -13
right_child=-2 2 8 4 -6 6 -8 -9 -10 14 -12 12 -14 -15 18 -17 17 -19 -20 -21 -22 -23
leaf_value=0.086020653119800353 0.084394784341632445 0.083672712181763642 -0.016068973484426437 -0.083956867085542286 0.054964881682476131 -0.082859370778773922 0.049316259137480847 0.04674905174858264 0.083857634973570835 -0.063266901903170802 0.06257190890105295 -0.057401942990071467 -0.0039844238806538233 -0.065178277874301999 -0.0070873325632633379 -0.045142031006231959 -0.072486583198013155 -0.034648027946027157 -0.038519236076941327 -0.075897776543687845 -0.043963729791129391 -0.075284122347286167
leaf_weight=6845.1594521105289 10805.290048599243 61.071334630250931 21.726543635129929 17432.78268751502 22.065433710813522 303.88695357739925 17.832730382680893 15.270334765315054 96.951159358024597 19.596915245056152 16.335619181394577 19.945097908377647 19.079516738653183 101.92821864783764 18.078731700778008 14.848131909966467 88.530775770545006 16.801573395729065 23.065994456410408 11.874652504920958 23.740590289235115 88.528063863515854
leaf_count=24229 38512 217 90 81855 81 1421 66 57 345 89 59 88 77 464 74 64 406 72 99 55 105 401
internal_value=5.70387e-05 -0.0359942 -0.0813047 -0.0823927 -0.0829534 -0.0831234 -0.0650573 -0.0690603 0.0656809 -0.0726435 0.0184201 -0.0836703 -0.0624051 -0.0838213 -0.0455044 -0.0839264 -0.0789073 -0.0668336 -0.0252041 -0.059915 -0.0539226 -0.0725505
internal_weight=36084.4 25279.1 18433.9 18298.9 18237.9 18215.8 538.679 520.847 135.013 505.576 38.0622 17677.1 127.553 17549.6 96.3569 17447.6 409.219 105.332 41.1447 55.2122 43.3375 108.473
internal_count=148926 110414 86185 85691 85474 85393 2444 2378 494 2321 149 82949 566 82383 422 81919 1899 478 173 249 194 489
is_linear=0
shrinkage=0.05


Tree=5
num_leaves=24
num_cat=0
split_feature=2 22 0 8 4 0 4 21 4 7 21 7 20 0 7 5 8 0 10 0 10 4 0
split_gain=40275.8 51364 1111.19 637.114 160.055 67.8399 94.238 84.9947 37.1958 34.8955 24.9773 29.217 22.3498 17.2263 12.1237 8.69256 6.94996 7.73196 5.4317 1.12582 0.961682 0.746454 0.332508
threshold=1.0000000180025095e-35 1.0000000180025095e-35 46.500000000000007 1.5000000000000002 4.5000000000000009 37.500000000000007 1.0000000180025095e-35 1.0000000180025095e-35 1.0000000180025095e-35 1.0000000180025095e-35 1.0000000180025095e-35 1.0000000180025095e-35 2.5000000000000004 42.500000000000007 1.5000000000000002 0.17311854811854813 2.5000000000000004 43.500000000000007 4.1472000000000007 40.500000000000007 3.7084000000000006 3.5000000000000004 41.500000000000007
decision_type=2 2 2 2 2 2 2 2 2 2 2 2 2 2 2 2 2 2 2 2 2 2 2
left_child=1 -1 3 -3 5 10 7 9 12 16 14 20 -4 19 15 21 -7 22 -16 -11 -12 -5 -18
right_child=-2 2 8 4 -6 6 -8 -9 -10 13 11 -13 -14 -15 18 -17 17 -19 -20 -21 -22 -23 -24
leaf_value=0.083057106941976364 0.081610637936466682 0.080883842574147824 0.048982490656909579 -0.081172605156783983 0.051597844605119694 -0.080604452926025527 0.047836000397702791 0.047479334929694514 0.081070304506288937 -0.057922712864194925 -0.051339042113149949 -0.0018962225727012089 -0.030409307128688626 -0.0015384459936857858 -0.06806338976078137 -0.038309710987035492 -0.070872680821051595 -0.021949219435878572 -0.035983788892671557 -0.039359938391811594 -0.071324823106347232 -0.066131306651836461 -0.050926103665513936
leaf_weight=6748.1094350218773 10614.108192980289 60.900393813848495 24.342861175537109 17112.282979145646 22.403714001178741 303.18557275831699 18.023595035076141 15.241397425532339 96.428582817316055 53.15152283012867 20.844333484768867 19.879401221871376 12.803920805454252 20.695241570472717 79.916592285037041 14.443187266588209 78.853368073701859 11.327187582850454 20.346825942397118 22.173411622643471 86.277006730437279 36.432109639048576 15.46241222321987
leaf_count=24266 38491 220 91 81686 83 1441 67 57 349 242 92 80 54 84 371 62 367 48 90 96 394 166 69
internal_value=6.3512e-05 -0.0347085 -0.0785065 -0.0795728 -0.0801216 -0.0802891 -0.0624878 -0.0663955 0.0647975 -0.0699204 -0.0808363 -0.0577034 0.0215376 -0.0420746 -0.0810031 -0.0811107 -0.0763419 -0.0634675 -0.061973 -0.0530457 -0.0679467 -0.0811445 -0.0681712
internal_weight=35507.6 24893.5 18145.4 18011.8 17950.9 17928.5 538.114 520.09 133.575 504.849 17390.4 127.001 37.1468 96.0202 17263.4 17163.2 408.829 105.643 100.263 75.3249 107.121 17148.7 94.3158
internal_count=148966 110475 86209 85715 85495 85412 2471 2404 494 2347 82941 566 145 422 82375 81914 1925 484 461 338 486 81852 436
is_linear=0
shrinkage=0.05


Tree=6
num_leaves=22
num_cat=0
split_feature=2 22 0 8 4 0 4 21 4 7 21 7 0 0 4 8 0 7 0 0 0
split_gain=37123 47260.5 1036.9 584.323 135.836 71.0599 96.6191 84.1079 38.4646 29.4437 20.8379 27.3511 20.2395 11.1664 8.4836 7.61503 7.50325 6.51409 1.42865 1.13209 0.0230469
threshold=1.0000000180025095e-35 1.0000000180025095e-35 46.500000000000007 1.5000000000000002 4.5000000000000009 37.500000000000007 1.0000000180025095e-35 1.0000000180025095e-35 1.0000000180025095e-35 1.0000000180025095e-35 1.0000000180025095e-35 1.0000000180025095e-35 50.500000000000007 42.500000000000007 3.5000000000000004 2.5000000000000004 43.500000000000007 1.5000000000000002 40.500000000000007 23.500000000000004 33.500000000000007
decision_type=2 2 2 2 2 2 2 2 2 2 2 2 2 2 2 2 2 2 2 2 2
left_child=1 -1 3 -3 5 10 7 9 12 15 14 -12 -4 18 17 -7 -17 20 -11 -16 -5
right_child=-2 2 8 4 -6 6 -8 -9 -10 13 11 -13 -14 -15 19 16 -18 -19 -20 -21 -22
leaf_value=0.080417067934162922 0.079132809557133504 0.078425113122329221 -0.012304519343611502 -0.078739613363334016 0.048873298320015301 -0.07760057374898785 0.049929247771170297 0.047230575966656807 0.078628284938609405 -0.055296710055731418 -0.066771617680363382 -0.0022018620499596121 0.059261141869304146 -0.0078324161959878631 -0.038717626691593371 -0.064375266769021819 -0.018288636930773042 -0.063550287970382133 -0.03562793084652454 -0.061527244359662808 -0.076460779961885147
leaf_weight=6623.2034993767738 10398.503209859133 59.495288699865341 22.082484751939774 15530.077218458056 20.598002716898918 292.86996082961559 18.828313693404198 15.956114143133162 96.2108334004879 51.933135718107224 108.423340305686 19.373859062790871 16.483183026313782 20.263147488236427 15.045390978455542 89.561494067311287 10.862700715661047 99.107225865125656 21.212996825575829 37.467193126678467 1299.146785184741
leaf_count=24266 38469 219 91 75594 77 1417 70 60 355 239 498 78 60 83 65 419 46 464 92 172 6277
internal_value=-3.76831e-06 -0.0336371 -0.0759707 -0.0770228 -0.0775512 -0.0777017 -0.0592271 -0.0634069 0.0618338 -0.0671234 -0.0782613 -0.057076 0.0190078 -0.0411503 -0.0784173 -0.0731721 -0.0596196 -0.0784841 -0.05015 -0.0558377 -0.0785683
internal_weight=34866.7 24468.2 17845 17710.2 17650.7 17630.1 521.488 502.66 134.777 486.703 17108.6 127.797 38.5657 93.4093 16980.8 393.294 100.424 16928.3 73.1461 52.5126 16829.2
internal_count=149111 110642 86376 85870 85651 85574 2426 2356 506 2296 83148 576 151 414 82572 1882 465 82335 331 237 81871
is_linear=0
shrinkage=0.05


Tree=7
num_leaves=30
num_cat=0
split_feature=2 22 0 8 4 0 7 21 4 0 0 21 0 8 0 7 5 7 10 0 10 0 10 10 10 5 5 5 10
split_gain=34259.9 43618 908.617 522.386 131.198 66.8026 83.1295 45.722 36.1695 21.3259 17.9549 17.658 28.5257 14.1731 10.6296 10.5819 7.60028 6.59741 2.68424 3.65146 2.64899 1.89642 1.64917 1.59575 0.545101 0.288242 0.238079 2.08059 0.194687
threshold=1.0000000180025095e-35 1.0000000180025095e-35 46.500000000000007 1.5000000000000002 4.5000000000000009 37.500000000000007 1.0000000180025095e-35 1.0000000180025095e-35 1.0000000180025095e-35 40.500000000000007 50.500000000000007 1.0000000180025095e-35 34.500000000000007 2.5000000000000004 43.500000000000007 1.5000000000000002 0.15376049340414599 1.0000000180025095e-35 3.9543000000000004 40.500000000000007 3.7084000000000006 42.500000000000007 4.0474000000000006 4.1472000000000007 4.2723500000000012 0.17311854811854813 0.060075187969924816 0.065828868578632224 4.1556500000000005
decision_type=2 2 2 2 2 2 2 2 2 2 2 2 2 2 2 2 2 2 2 2 2 2 2 2 2 2 2 2 2
left_child=1 -1 3 -3 5 11 13 9 10 22 -4 15 17 24 18 16 26 20 -15 -20 -13 28 -8 -17 -7 -18 -5 -28 -11
right_child=-2 2 8 4 -6 6 7 -9 -10 21 -12 12 -14 14 -16 23 25 -19 19 -21 -22 -23 -24 -25 -26 -27 27 -29 -30
leaf_value=0.078076480561126926 0.076915775269642189 0.076147353224262096 -0.013956703091947326 -0.076368581009197661 0.047864188598594981 -0.074903143592630103 -0.032154441496340863 0.06882655121360827 0.076372512349807728 -0.019864286080084698 0.056524751860059952 -0.045874107125265545 0.019038585912673048 -0.03393425789882442 -0.0071190717587617455 -0.061919173544398048 -0.056123487740920568 -0.026669676968009488 -0.069415575695451093 -0.043093524620486857 -0.072404470141164343 0.0038153030489809373 -0.057313823975689543 -0.041058169373139303 -0.050410423457781323 -0.036986302408162954 -0.043007250106723294 -0.072378156267278448 -0.0097139842766681937
leaf_weight=6481.4224216043949 10162.269453465939 56.374567985534668 20.541241735219955 16234.897924900055 20.970277085900307 280.44582140445709 13.287527948617933 12.003480494022368 90.423799753189087 13.628562703728678 14.718491941690443 18.726696267724037 11.075696498155592 15.094174951314924 12.227031543850897 74.589105024933815 15.469901591539385 12.678556635975836 53.105874076485634 27.130250453948975 80.948180839419365 23.071926146745682 41.511945590376854 20.578836664557457 10.891000673174856 14.983245491981505 11.528660520911215 225.05451501905918 12.395756021142004
leaf_count=24252 38443 212 85 80727 79 1382 60 44 341 58 54 84 44 69 51 356 72 53 256 123 382 93 194 94 52 65 53 1076 52
internal_value=1.01063e-05 -0.032665 -0.0738271 -0.0748002 -0.0752977 -0.0754503 -0.0574237 -0.0199301 0.059756 -0.0307429 0.0162119 -0.0760019 -0.056042 -0.0682404 -0.0516624 -0.0761469 -0.0762488 -0.063546 -0.0572423 -0.0611553 -0.0679252 -0.00656477 -0.0518989 -0.0578821 -0.0741631 -0.0481831 -0.0762977 -0.071134 -0.0155679
internal_weight=34082 23919.8 17438.4 17312.7 17256.3 17235.3 514.793 115.899 125.684 103.896 35.2597 16720.5 123.429 398.894 107.557 16597.1 16501.9 112.353 95.3303 80.2361 99.6749 49.0962 54.7995 95.1679 291.337 30.4531 16471.5 236.583 26.0243
internal_count=148906 110463 86211 85731 85519 85440 2434 501 480 457 139 83006 563 1933 499 82443 81993 519 448 379 466 203 254 450 1434 137 81856 1129 110
is_linear=0
shrinkage=0.05


Tree=8
num_leaves=22
num_cat=0
split_feature=2 22 0 8 4 0 7 8 4 0 0 21 8 0 7 5 7 0 0 4 0
split_gain=31709.8 40349.8 857.808 506.252 124.303 60.0432 98.7052 59.8931 37.9429 18.9839 17.3175 12.3895 11.6173 12.4902 8.52872 7.632 5.11366 3.20076 1.64183 0.732643 0.499289
threshold=1.0000000180025095e-35 1.0000000180025095e-35 46.500000000000007 1.5000000000000002 4.5000000000000009 36.500000000000007 1.0000000180025095e-35 3.5000000000000004 1.0000000180025095e-35 50.500000000000007 40.500000000000007 1.0000000180025095e-35 2.5000000000000004 40.500000000000007 1.5000000000000002 0.17311854811854813 1.0000000180025095e-35 43.500000000000007 42.500000000000007 2.5000000000000004 38.500000000000007
decision_type=2 2 2 2 2 2 2 2 2 2 2 2 2 2 2 2 2 2 2 2 2
left_child=1 -1 3 -3 5 11 12 10 9 -4 20 14 -7 -14 15 19 -13 -15 -12 -5 -8
right_child=-2 2 8 4 -6 6 7 -9 -10 -11 18 16 13 17 -16 -17 -18 -19 -20 -21 -22
leaf_value=0.07596394251529176 0.074922582902971879 0.074167129502984916 -0.017316435994444417 -0.074387064274052977 0.04772756047398577 -0.07270165876469982 -0.053327579340455671 0.058197425665159647 0.074402988855271232 0.053672123952401687 -0.018589643806957823 -0.060597739364889137 -0.064348000653904724 -0.038997591037527091 -0.056770268578548944 -0.034732238727424057 -0.026061279034111762 -0.0073515574494209777 0.00018320257857502715 -0.066530827700330447 -0.039646993063557151
leaf_weight=6332.5001569986343 9904.3167855143547 57.646449744701385 20.887769132852554 15807.074010848999 20.556498348712921 423.37159541249275 48.338770881295204 19.30070073902607 90.63069885969162 15.642586946487425 23.733199134469032 104.06708587706089 100.55075924098492 28.328824609518051 86.804422691464424 14.702347591519354 14.342996314167975 11.726954042911528 21.975827485322952 119.09747557342052 30.282614633440971
leaf_count=24256 38393 222 87 80459 78 2132 231 73 350 58 101 490 493 129 417 64 60 49 89 575 140
internal_value=-6.04625e-05 -0.0318112 -0.0718205 -0.0727929 -0.0732993 -0.0734497 -0.0589463 -0.0217484 0.0572079 0.0137016 -0.0345243 -0.0740817 -0.0683645 -0.0548838 -0.0742068 -0.0742982 -0.0566676 -0.0301374 -0.00975341 -0.0743325 -0.0486223
internal_weight=33295.9 23391.6 17059.1 16931.9 16874.3 16853.7 707.609 143.631 127.161 36.5304 124.33 16146.1 563.978 140.607 16027.7 15940.9 118.41 40.0558 45.709 15926.2 78.6214
internal_count=148946 110553 86297 85802 85580 85502 3437 634 495 145 561 82065 2803 671 81515 81098 550 178 190 81034 371
is_linear=0
shrinkage=0.05


Tree=9
num_leaves=31
num_cat=0
split_feature=2 22 0 8 4 0 4 21 4 7 20 21 0 4 7 8 0 7 10 0 10 0 10 10 10 0 0 0 10 10
split_gain=29446.8 37417.6 769.025 475.774 117.945 59.6661 95.7745 93.7616 34.9188 28.6029 21.6231 10.8193 9.83031 8.60789 5.15931 4.90399 5.21999 3.87426 3.52907 3.11085 1.62919 1.38276 1.07097 2.19288 1.05008 0.614144 0.58247 2.59867 1.38478 0.224117
threshold=1.0000000180025095e-35 1.0000000180025095e-35 46.500000000000007 1.5000000000000002 4.5000000000000009 36.500000000000007 1.0000000180025095e-35 1.0000000180025095e-35 1.0000000180025095e-35 1.0000000180025095e-35 2.5000000000000004 1.0000000180025095e-35 42.500000000000007 3.5000000000000004 1.0000000180025095e-35 2.5000000000000004 43.500000000000007 1.5000000000000002 4.2326500000000005 38.500000000000007 3.9543000000000004 23.500000000000004 4.0837000000000012 4.1648000000000005 4.0837000000000012 40.500000000000007 24.500000000000004 22.500000000000004 4.0695500000000004 3.8730000000000007
decision_type=2 2 2 2 2 2 2 2 2 2 2 2 2 2 2 2 2 2 2 2 2 2 2 2 2 2 2 2 2 2
left_child=1 -1 3 -3 5 11 7 9 10 15 -4 13 18 17 26 -7 20 -5 19 -11 -17 -15 -21 -24 -23 -22 27 -13 29 -28
right_child=-2 2 8 4 -6 6 -8 -9 -10 12 -12 14 -14 21 -16 16 -18 -19 -20 22 25 24 23 -25 -26 -27 28 -29 -30 -31
leaf_value=0.07406850623759427 0.073123007616386598 0.072357029113104529 0.042062523319923925 -0.072502328659444268 0.047644800070861935 -0.071537625809865293 0.051065988862238502 0.041767271246803198 0.072552825970733842 -0.052722656939760894 -0.036320015487585282 -0.062531233018747676 -0.008506248629178783 -0.031854535650400133 -0.023979713740559822 -0.044901934953060101 -0.022784847564861748 -0.059250303140696695 -0.070550759112082112 -0.019912350428795023 -0.068517654327206245 -0.063879051306422713 -0.051680659549563947 -0.019680235750556038 -0.038650788751070433 -0.051084151558924089 -0.055187221866853597 -0.031875091253163033 -0.040478482986811899 -0.074488418939428105
leaf_weight=6177.2508960962296 9666.7994922101498 56.956942439079285 22.832310929894447 15486.274462595582 20.121304601430893 404.87962318956852 19.192733973264694 21.191150054335594 85.036325961351395 38.239824771881104 13.019781932234762 19.527758970856667 20.474235072731972 14.208012104034422 13.379814207553862 23.103366956114769 10.96929958462715 84.495818018913269 15.091422662138937 17.643485650420189 77.143017947673798 20.869562804698944 13.451233625411989 11.581553876399992 13.696358203887938 23.754005938768387 21.726742759346962 16.584495738148689 11.023897632956503 33.520899921655655
leaf_count=24268 38471 225 87 80831 77 2095 72 82 337 187 56 93 84 62 56 112 47 415 74 78 391 102 63 52 64 112 104 77 51 165
internal_value=-6.03446e-06 -0.0310035 -0.0700348 -0.0709556 -0.0714561 -0.0716048 -0.0570488 -0.0601822 0.055259 -0.0635324 0.0133845 -0.0722457 -0.0404526 -0.0723649 -0.0556792 -0.0684283 -0.0586434 -0.0724342 -0.0471075 -0.0419273 -0.0616078 -0.049212 -0.0312685 -0.0382002 -0.0552504 -0.0649549 -0.0595497 -0.0496907 -0.0641035 -0.0680141
internal_weight=32474 22807.2 16630 16509.1 16452.1 16432 696.715 677.522 120.888 656.331 35.8521 15735.3 116.482 15619.5 115.764 539.849 134.97 15570.8 96.0075 80.9161 124 48.7739 42.6763 25.0328 34.5659 100.897 102.384 36.1123 66.2715 55.2476
internal_count=148990 110519 86251 85771 85546 85469 3449 3377 480 3295 143 82020 538 81474 546 2757 662 81246 454 380 615 228 193 115 166 503 490 170 320 269
is_linear=0
shrinkage=0.05


Tree=10
num_leaves=31
num_cat=0
split_feature=2 22 0 12 4 0 7 21 4 21 7 0 0 12 7 0 20 4 10 0 7 10 0 10 4 5 10 10 10 0
split_gain=27400.5 34666.1 726.535 441.797 103.135 62.5078 79.24 37.1875 36.5348 20.8106 24.9961 18.4809 16.4488 12.8536 12.8219 9.54075 6.12309 5.59616 3.11747 2.38641 1.59023 1.32627 2.20756 0.99444 0.97561 7.47429 0.907933 0.819393 0.719625 0.60734
threshold=1.0000000180025095e-35 1.0000000180025095e-35 46.500000000000007 1.0000000180025095e-35 4.5000000000000009 37.500000000000007 1.0000000180025095e-35 1.0000000180025095e-35 1.0000000180025095e-35 1.0000000180025095e-35 1.0000000180025095e-35 40.500000000000007 50.500000000000007 1.5000000000000002 1.5000000000000002 40.500000000000007 2.5000000000000004 3.5000000000000004 4.1472000000000007 43.500000000000007 1.5000000000000002 4.1949500000000013 38.500000000000007 4.0837000000000012 1.0000000180025095e-35 0.030418690724034237 3.8731500000000003 4.2723500000000012 4.1503500000000004 35.500000000000007
decision_type=2 2 2 2 2 2 2 2 2 2 2 2 2 2 2 2 2 2 2 2 2 2 2 2 2 2 2 2 2 2
left_child=1 -1 3 -3 5 9 13 11 12 14 -11 21 -4 27 17 -15 20 24 29 28 -13 22 -8 26 -5 -26 -19 -7 -17 -16
right_child=-2 2 8 4 -6 6 7 -9 -10 10 -12 16 -14 15 18 19 -18 23 -20 -21 -22 -23 -24 -25 25 -27 -28 -29 -30 -31
leaf_value=0.072356439188565699 0.071491955947698027 0.07071534818127384 -0.016866773727251285 -0.070871589615969607 0.041996359697882284 -0.069817771251764166 -0.052563087496974692 0.064360277217324471 0.070931443035529076 -0.058290778454574067 0.0052920859690809433 -0.0021233244512076808 0.048758542957515479 -0.059388587987135477 -0.058672352430379507 -0.025399470061563581 -0.023049491214791717 -0.041388227594039456 -0.030846411223013764 -0.0084385751536398702 0.021223708480988299 -0.060481246117974445 -0.025869495553266342 -0.033425927250532443 -0.026402389851916327 -0.067795961257079623 -0.065224549957137321 -0.044965573305776468 -0.045434538336633939 -0.037755841846956135
leaf_weight=6000.3666712641716 9408.0736834555864 55.447843298316002 21.580141931772232 14853.024683386087 20.024448424577713 261.66675186157227 16.537000596523285 12.015673384070395 84.70109124481678 104.02840526401997 17.939127340912819 12.300633281469347 15.630826458334921 64.06535604596138 60.627295851707458 16.182568028569225 21.724209532141685 15.896720692515371 20.346912905573845 12.596215426921843 16.338156446814537 14.910205125808714 21.150049731135368 12.341073870658873 12.957998186349867 396.24499525129795 20.13907764852047 10.484470695257185 12.250246480107306 11.665524274110792
leaf_count=24220 38505 225 90 79739 78 1386 81 46 345 506 72 51 59 324 306 74 93 72 96 53 65 73 98 58 61 2026 100 53 58 57
internal_value=-2.24103e-05 -0.0303104 -0.0683049 -0.0692267 -0.0697149 -0.0698572 -0.0520577 -0.01555 0.0529561 -0.0704181 -0.048972 -0.0254051 0.0112544 -0.0631138 -0.0705848 -0.0472911 -0.00358318 -0.0707014 -0.0507529 -0.0274377 0.0114626 -0.0458434 -0.0386385 -0.0511181 -0.0707602 -0.0665527 -0.0561109 -0.0690285 -0.0352819 -0.0558583
internal_weight=31623.3 22215.2 16214.8 16092.9 16037.5 16017.4 492.222 114.976 121.912 15525.2 121.968 102.96 37.211 377.246 15403.2 105.094 50.363 15310.6 92.6397 41.029 28.6388 52.5973 37.6871 48.3769 15262.2 409.203 36.0358 272.151 28.4328 72.2928
internal_count=149070 110565 86345 85851 85626 85548 2455 507 494 83093 578 461 149 1948 82515 509 209 82056 459 185 116 252 179 230 81826 2087 172 1439 132 363
is_linear=0
shrinkage=0.05


Tree=11
num_leaves=31
num_cat=0
split_feature=2 22 0 8 4 0 4 21 0 21 7 7 7 8 5 10 0 0 0 8 10 10 10 4 10 10 0 7 0 10
split_gain=25433.7 32299.6 694.904 408.961 102.795 60.2753 75.2747 62.753 29.2822 22.2876 25.4387 18.9247 9.44996 7.80249 7.75579 7.17521 5.07669 4.37461 4.01922 3.15179 2.24755 2.06569 2.03053 1.71766 3.09554 1.63185 1.09536 3.07964 0.891021 0.177062
threshold=1.0000000180025095e-35 1.0000000180025095e-35 46.500000000000007 1.5000000000000002 4.5000000000000009 37.500000000000007 1.0000000180025095e-35 1.0000000180025095e-35 50.500000000000007 1.0000000180025095e-35 1.0000000180025095e-35 1.0000000180025095e-35 1.5000000000000002 2.5000000000000004 0.17311854811854813 4.0733500000000005 43.500000000000007 40.500000000000007 42.500000000000007 2.5000000000000004 3.9543000000000004 4.1472000000000007 3.7084000000000006 2.5000000000000004 4.1805500000000011 4.2326500000000005 33.500000000000007 1.0000000180025095e-35 40.500000000000007 4.0695500000000004
decision_type=2 2 2 2 2 2 2 2 2 2 2 2 2 2 2 2 2 2 2 2 2 2 2 2 2 2 2 2 2 2
left_child=1 -1 3 -3 5 9 7 11 19 12 22 13 14 -7 23 17 20 -13 25 -4 -15 -14 -11 26 -25 -17 -5 -28 -22 -24
right_child=-2 2 8 4 -6 6 -8 -9 -10 10 -12 15 21 16 -16 18 -18 -19 -20 -21 28 -23 29 24 -26 -27 27 -29 -30 -31
leaf_value=0.07079390640841432 0.07000849591409998 0.069187044519951821 -0.0079302209316766733 -0.06944632920787884 0.041837300121600557 -0.068034281691781037 0.046760504735624854 0.043352054446261695 0.067396333341760303 -0.038312865728888333 0.0051486078527469455 -0.031419898365971727 -0.05584837492734071 -0.031567244906384705 -0.029328398317655487 -0.044801682491805321 -0.015598452975035388 0.0085690533124212973 -0.021839883823222744 0.024364062587402289 -0.062975203494219908 -0.033809973936514713 -0.062816716378940346 -0.063125758568187626 -0.030390906979589523 -0.071016944922377687 -0.067807437918393332 -0.056983859337339293 -0.044276915063485571 -0.042954326627749922
leaf_weight=5850.3584073930979 9127.619447261095 53.633529931306839 13.810583576560022 13601.25699172914 20.596389770507812 257.91681477427483 18.371001988649368 15.135263025760649 89.925052031874657 19.726911351084709 19.680113464593887 14.55914853513241 71.34413480758667 13.953664258122442 14.235373869538305 35.616907581686974 10.773715451359747 11.586518853902815 15.745173037052153 14.739099219441412 48.117024630308151 19.606653556227684 69.981416881084442 102.94372726976871 10.787978827953337 12.639611080288885 1036.7099010795355 114.28500710427761 22.25643752515316 11.096456110477446
leaf_count=24305 38478 224 59 75124 81 1407 69 60 371 93 79 69 366 68 63 170 46 47 66 60 253 94 353 531 52 64 5668 615 107 53
internal_value=3.00668e-05 -0.0295274 -0.0667679 -0.0676823 -0.0681576 -0.0683058 -0.050546 -0.0545398 0.0535179 -0.0688633 -0.0466399 -0.0579732 -0.069039 -0.0632562 -0.0691427 -0.036818 -0.0497246 -0.0140358 -0.0457658 0.00900237 -0.0538507 -0.0515168 -0.0567019 -0.0691788 -0.0603127 -0.0529705 -0.0692431 -0.0667831 -0.0577649 -0.0606548
internal_weight=30739 21611.4 15761 15642.6 15588.9 15568.3 476.671 458.3 118.475 15091.7 120.485 443.165 14971.2 353.018 14880.2 90.1474 95.1008 26.1457 64.0017 28.5497 84.3271 90.9508 100.805 14866 113.732 48.2565 14752.3 1150.99 70.3735 81.0779
internal_count=149095 110617 86312 85822 85598 85517 2426 2357 490 83091 578 2297 82513 1881 82053 416 474 116 300 119 428 460 499 81990 583 234 81407 6283 360 406
is_linear=0
shrinkage=0.05


Tree=12
num_leaves=31
num_cat=0
split_feature=2 22 1 8 14 21 20 1 5 5 20 7 20 1 8 14 10 7 1 14 7 1 10 10 10 10 1 10 10 10
split_gain=23731.6 30043.7 629.407 393.149 86.3278 61.0379 147.784 53.3657 50.6968 27.804 20.5118 16.7187 16.1464 15.489 12.7128 5.87642 5.55075 4.92358 3.85611 16.8905 4.30735 3.11562 1.25291 1.02471 0.866138 0.839273 2.15923 0.792046 0.686872 0.613116
threshold=1.0000000180025095e-35 1.0000000180025095e-35 38.500000000000007 1.5000000000000002 4.5000000000000009 1.0000000180025095e-35 3.5000000000000004 32.500000000000007 0.017700501253132835 0.015038444142921758 2.5000000000000004 1.5000000000000002 2.5000000000000004 27.500000000000004 2.5000000000000004 3.5000000000000004 3.8936000000000006 1.0000000180025095e-35 27.500000000000004 1.0000000180025095e-35 1.0000000180025095e-35 34.500000000000007 3.8275000000000001 3.8275000000000001 4.2928500000000005 4.2275500000000008 28.500000000000004 4.0837000000000012 4.0061500000000008 4.1648000000000005
decision_type=2 2 2 2 2 2 2 2 2 2 2 2 2 2 2 2 2 2 2 2 2 2 2 2 2 2 2 2 2 2
left_child=1 -1 3 -3 5 7 13 11 10 12 14 15 -4 16 -9 18 -7 -12 24 20 22 -16 -20 -17 -5 26 -13 -25 -22 -30
right_child=-2 2 9 4 -6 6 -8 8 -10 -11 17 25 -14 -15 21 23 -18 -19 19 -21 28 -23 -24 27 -26 -27 -28 -29 29 -31
leaf_value=0.06937366618476315 0.068655031844136391 0.067846171300332311 0.038902687521269824 -0.067960246150017931 0.039268356506083922 0.034998529213763611 -0.070536611372941732 0.0099915045921791356 0.05812622326350475 0.06819705380149825 -0.066848141873060624 -0.054135303018517628 -0.030480201800488733 0.074644729414219221 -0.051942027529656501 -0.029975345942554306 -0.0093844225938894809 -0.034637022025521345 -0.048437891800919231 0.0044504476152644901 -0.033270136272553805 -0.022044458195001945 -0.066234473427323845 -0.059736689789845338 -0.049195320375508139 -0.030765662524226411 -0.034344240443251864 -0.037299223630283131 -0.058496105084682143 -0.039657077121700662
leaf_weight=5664.5625032037497 8849.9500944167376 53.678405493497849 21.967821031808853 13970.934210717678 18.567263200879097 14.534464076161386 86.672535762190819 19.570964455604553 11.767006769776343 78.456911191344261 73.889328703284264 74.025651216506958 12.302932918071745 18.20916922390461 20.761865630745888 11.408593639731405 12.268034294247625 18.381443366408348 23.467780962586403 8.9734188765287382 12.509764820337294 18.721281588077545 567.90593335032463 23.787915572524071 18.283386185765266 13.302288636565207 26.159070149064064 13.883570134639738 33.579581156373024 17.522114783525467
leaf_count=24256 38481 231 85 79455 74 63 439 83 44 338 413 385 53 69 102 51 56 81 128 38 64 82 3174 122 101 65 128 67 178 92
internal_value=3.5635e-06 -0.028985 -0.0654135 -0.0662881 -0.0667685 -0.0669014 -0.0326421 -0.0672004 -0.0383626 0.0519378 -0.0461979 -0.0675152 0.0138368 0.0402731 -0.022639 -0.0676667 0.0150767 -0.0608715 -0.0677291 -0.0632051 -0.0641373 -0.0386605 -0.0656112 -0.0480799 -0.0679392 -0.0474666 -0.0493582 -0.0526459 -0.0496317 -0.0529216
internal_weight=29810 20960.1 15295.5 15182.8 15129.1 15110.5 131.684 14978.8 163.092 112.728 151.325 14815.7 34.2708 45.0117 59.0541 14702.3 26.8025 92.2708 14653.2 663.959 654.985 39.4831 591.374 49.0801 13989.2 113.487 100.185 37.6715 63.6115 51.1017
internal_count=148998 110517 86261 85785 85554 85480 627 84853 805 476 761 84048 138 188 267 83470 119 494 83230 3674 3636 184 3302 240 79556 578 513 189 334 270
is_linear=0
shrinkage=0.05


Tree=13
num_leaves=31
num_cat=0
split_feature=2 22 1 8 4 1 7 8 4 4 20 4 7 10 1 21 5 8 20 10 1 7 5 10 20 10 7 10 1 5
split_gain=22140.3 27979.8 605.468 358.308 86.6684 54.763 79.1707 40.958 28.9788 25.5831 14.1354 13.5314 33.4621 24.0143 13.1219 8.14593 6.28369 5.78115 5.17353 4.98271 4.5489 3.84828 3.38834 2.7975 2.51906 3.01554 0.819138 0.760292 0.480952 0.265676
threshold=1.0000000180025095e-35 1.0000000180025095e-35 38.500000000000007 1.5000000000000002 4.5000000000000009 28.500000000000004 1.0000000180025095e-35 3.5000000000000004 1.0000000180025095e-35 1.0000000180025095e-35 2.5000000000000004 1.0000000180025095e-35 1.0000000180025095e-35 4.1069500000000012 32.500000000000007 1.0000000180025095e-35 0.17311854811854813 2.5000000000000004 2.5000000000000004 4.0695500000000004 35.500000000000007 1.0000000180025095e-35 0.031373031496062999 3.9543000000000004 2.5000000000000004 4.0667500000000008 1.5000000000000002 4.1472000000000007 32.500000000000007 0.096269694161260452
decision_type=2 2 2 2 2 2 2 2 2 2 2 2 2 2 2 2 2 2 2 2 2 2 2 2 2 2 2 2 2 2
left_child=1 -1 3 -3 5 11 9 14 10 17 -4 15 16 -14 24 26 19 -7 27 22 23 -17 -13 -19 25 -8 -5 -16 -25 -21
right_child=-2 2 8 4 -6 6 7 -9 -10 -11 -12 12 13 -15 18 21 -18 20 -20 29 -22 -23 -24 28 -26 -27 -28 -29 -30 -31
leaf_value=0.068075436414250165 0.067416622387234698 0.06652922602932744 0.034990504351512602 -0.066663791292288652 0.039304542860964187 -0.065139262471771209 -0.0081984528318294007 0.051957861287079347 0.066962876086457609 0.019408994957511777 -0.029014366958698103 -0.028940865399651586 -0.041445277018245234 0.04680679874230672 -0.00062507263303590349 -0.054899953378071159 -0.024842731760288252 -0.034316518933837255 -0.025332750082839646 -0.051261774247459618 -0.017039961471028393 -0.023020660532229065 -0.065274327793738748 -0.06133083946817533 -0.049489670177370652 -0.04051477063802747 -0.057327181592811007 0.016184349736028343 -0.045458971432268375 -0.037235291411693398
leaf_weight=5484.5198267251253 8562.1308907866478 50.875767633318901 23.104956343770027 13421.907237172127 19.121068924665451 364.03117497265339 12.249535262584688 17.855515167117119 78.732652217149734 9.4940383583307248 12.521327853202818 8.8368180096149427 17.997496277093891 11.983469918370245 12.558941110968592 92.160270199179649 13.616161361336706 20.705666244029999 18.996178939938545 30.5068189650774 10.194276928901671 12.811314135789869 325.89091892540455 71.036430612206459 39.81240639090538 19.021964117884636 73.81142520904541 13.310085639357565 22.952805206179619 23.844116151332855
leaf_count=24239 38450 226 90 78858 77 2100 59 72 350 38 54 46 94 51 52 474 61 108 83 162 44 54 1808 398 203 98 395 54 114 122
internal_value=-2.5934e-05 -0.0284256 -0.0640684 -0.0649585 -0.0654185 -0.0655577 -0.0509461 -0.0166415 0.0501934 -0.0601038 0.0123172 -0.0662123 -0.056967 -0.00579846 -0.0275593 -0.0665023 -0.0607527 -0.0616843 -0.00617972 -0.0619425 -0.0511763 -0.0512632 -0.0644042 -0.0540368 -0.0407803 -0.0285023 -0.066617 0.00830414 -0.0579742 -0.0458921
internal_weight=28896.6 20334.5 14849.9 14735.6 14684.7 14665.6 632.219 133.805 114.359 498.414 35.6263 14033.4 432.676 29.981 115.949 13600.7 402.695 488.92 44.8652 389.079 124.889 104.972 334.728 114.695 71.0839 31.2715 13495.7 25.869 93.9892 54.3509
internal_count=149034 110584 86345 85851 85625 85548 3423 621 494 2802 144 82125 2344 145 549 79781 2199 2764 189 2138 664 528 1854 620 360 157 79253 106 512 284
is_linear=0
shrinkage=0.05


Tree=14
num_leaves=31
num_cat=0
split_feature=2 22 0 8 4 0 7 4 4 21 8 7 20 0 4 7 0 8 20 0 5 5 7 0 20 0 0 0 4 0
split_gain=20652.3 26169.5 566.975 334.935 81.2001 64.6326 67.3424 27.6444 27.2368 22.3143 19.8654 15.9785 13.2215 12.2884 11.7648 28.2195 21.5875 8.54462 6.0238 5.03436 4.9437 3.57918 1.27392 1.08895 2.31614 0.393357 1.54199 0.22247 0.0910973 0.0370885
threshold=1.0000000180025095e-35 1.0000000180025095e-35 46.500000000000007 1.5000000000000002 4.5000000000000009 37.500000000000007 1.0000000180025095e-35 1.0000000180025095e-35 1.0000000180025095e-35 1.0000000180025095e-35 3.5000000000000004 1.0000000180025095e-35 2.5000000000000004 40.500000000000007 1.0000000180025095e-35 1.0000000180025095e-35 29.500000000000004 2.5000000000000004 2.5000000000000004 42.500000000000007 0.031373031496062999 0.15376049340414599 1.5000000000000002 38.500000000000007 2.5000000000000004 24.500000000000004 22.500000000000004 33.500000000000007 2.5000000000000004 40.500000000000007
decision_type=2 2 2 2 2 2 2 2 2 2 2 2 2 2 2 2 2 2 2 2 2 2 2 2 2 2 2 2 2 2
left_child=1 -1 3 -3 5 9 8 12 17 14 13 25 -4 23 22 20 -17 -7 -15 29 -16 28 27 -8 -25 26 -11 -5 -22 -19
right_child=-2 2 7 4 -6 6 10 -9 -10 11 -12 -13 -14 18 15 16 -18 19 -20 -21 21 -23 -24 24 -26 -27 -28 -29 -30 -31
leaf_value=0.066886940883898141 0.066280518743508779 0.065386133708718472 0.034177882662665464 -0.065636164548903128 0.037847318180805535 -0.063777010777194956 -0.046420546703512915 0.065797964407633233 0.028016307892387113 -0.052405219879943156 0.043026488881436536 -0.00064425734997594587 -0.026531343978955818 0.014589598265976495 -0.02924163494503132 -0.043275115165428216 0.04264008024628857 -0.053028856367780375 -0.020811677673829791 -0.018934897936533732 -0.06424980597849117 -0.040275439423976225 -0.055772575768155641 -0.011217922440572639 -0.041104096538082592 -0.054667579667439625 -0.027740863947067901 -0.063382442239986736 -0.056274706061170868 -0.039663352561147308
leaf_weight=5326.1053848266602 8293.5256788134575 49.286949768662453 24.282097727060318 12095.938148036599 18.865359365940094 241.77789629995823 20.483773961663246 75.350015074014664 8.7645903229713422 18.980456009507179 13.797539219260214 19.275073856115341 13.003945171833037 26.412485122680664 15.515146359801291 16.49554014205933 11.582725077867506 55.272005513310432 20.397079795598984 17.498512178659439 260.58250507712364 26.78668737411499 78.948165103793144 12.657890006899834 14.895428493618965 59.98048335313797 16.003791287541389 1033.6812031418085 85.022738978266716 18.479902192950249
leaf_count=24324 38510 226 95 73478 77 1436 106 346 34 98 58 79 56 107 80 89 49 308 89 78 1492 132 431 61 75 318 81 6184 471 94
internal_value=9.76746e-05 -0.0277722 -0.0628588 -0.0637423 -0.0641948 -0.0643331 -0.0454761 0.0485429 -0.0563519 -0.064948 -0.011059 -0.0422206 0.0128649 -0.0192937 -0.0651354 -0.0562854 -0.00758619 -0.0586495 -0.000949015 -0.0445195 -0.0597818 -0.0609725 -0.0654099 -0.0367858 -0.0282482 -0.0505648 -0.0422068 -0.0654636 -0.0624559 -0.0502553
internal_weight=27989.6 19696.1 14370 14257.4 14208.1 14189.2 450.437 112.636 341.793 13738.8 108.644 114.24 37.286 94.8467 13624.6 415.985 28.0783 333.028 46.8096 91.2504 387.907 372.392 13208.6 48.0371 27.5533 94.9647 34.9842 13129.6 345.605 73.7519
internal_count=149062 110552 86228 85731 85505 85428 2446 497 1950 82982 496 576 151 438 82406 2313 138 1916 196 480 2175 2095 80093 242 136 497 179 79662 1963 402
is_linear=0
shrinkage=0.05


Tree=15
num_leaves=31
num_cat=0
split_feature=2 22 0 8 4 0 4 21 4 21 7 7 0 4 5 10 7 8 0 10 0 10 5 7 5 10 0 10 0 10
split_gain=19358.8 24423.1 519.674 311.494 81.7094 65.1399 64.2457 45.2548 26.5404 23.5802 22.0665 17.13 13.5738 13.3595 21.3957 10.5598 10.0948 8.46511 6.66253 5.18505 5.15264 4.01665 3.43435 2.41854 2.24153 2.06902 2.01377 2.48514 1.52608 1.05977
threshold=1.0000000180025095e-35 1.0000000180025095e-35 46.500000000000007 1.5000000000000002 4.5000000000000009 37.500000000000007 1.0000000180025095e-35 1.0000000180025095e-35 1.0000000180025095e-35 1.0000000180025095e-35 1.0000000180025095e-35 1.0000000180025095e-35 50.500000000000007 1.0000000180025095e-35 0.029520697167755995 4.0695500000000004 1.0000000180025095e-35 2.5000000000000004 42.500000000000007 4.2326500000000005 42.500000000000007 3.9543000000000004 0.087082912032355922 1.5000000000000002 0.17311854811854813 3.7084000000000006 38.500000000000007 4.0733500000000005 30.500000000000004 4.1648000000000005
decision_type=2 2 2 2 2 2 2 2 2 2 2 2 2 2 2 2 2 2 2 2 2 2 2 2 2 2 2 2 2 2
left_child=1 -1 3 -3 5 9 7 10 12 13 17 25 -4 23 -15 24 22 -7 19 26 21 -19 -17 -5 28 -11 -12 -28 -16 -29
right_child=-2 2 8 4 -6 6 -8 -9 -10 11 18 -13 -14 14 15 16 -18 20 -20 -21 -22 -23 -24 -25 -26 -27 27 29 -30 -31
leaf_value=0.065794889073776355 0.065235765998219397 0.064297658375509922 -0.014569705920172149 -0.064348334466965612 0.037965096197723751 -0.062574326904304825 0.045858974402419705 0.037473829887801867 0.064714636084872226 -0.030635641135244474 -0.043795907936019778 0.0033997822154169044 0.046046959134129872 0.01687668961370738 -0.061805741483619739 -0.05879727623553932 0.01000651019989332 -0.020049074561906997 -0.002901671415342475 -0.066678472778532991 -0.017401275024901571 -0.054383391308911934 -0.029722548252903044 -0.052928695322641973 -0.035126563666271191 -0.0528887231424797 -0.0049812596927658933 -0.039513879094577244 -0.042799830779648676 -0.016620145119999302
leaf_weight=5138.4273221641779 8013.4264647960663 47.451962247490883 20.592465072870255 12728.380550444126 19.391603231430054 227.68218150734901 18.3083765655756 14.274115845561026 71.812883153557777 18.081175938248634 16.267719984054565 18.65102818608284 15.250321805477141 9.8147137612104398 304.78361661732197 23.305210649967194 9.7662505060434324 11.759755820035933 20.037771582603455 10.97370035946369 17.44047312438488 59.323577985167503 24.649968013167381 77.531623542308807 13.642081320285795 74.332852929830551 14.686328008770941 15.123139798641207 21.239263266324997 10.808708235621451
leaf_count=24277 38516 225 86 79860 80 1401 70 60 341 90 86 76 60 45 1789 133 44 61 82 59 78 336 130 433 63 403 66 74 118 51
internal_value=2.71223e-05 -0.0273708 -0.0617263 -0.062579 -0.0630205 -0.0631656 -0.04395 -0.04798 0.0473582 -0.063792 -0.0510836 -0.0401732 0.0117712 -0.0639875 -0.054548 -0.05635 -0.035485 -0.0572718 -0.028428 -0.0358139 -0.043087 -0.0490602 -0.0447647 -0.0642833 -0.0597812 -0.0489094 -0.0288109 -0.0219012 -0.0607022 -0.0309429
internal_weight=27087.2 19073.8 13935.4 13827.7 13780.3 13760.9 436.686 418.377 107.656 13324.2 404.103 111.065 35.8428 13213.1 407.201 397.386 57.7214 316.206 87.8974 67.8596 88.5238 71.0833 47.9552 12805.9 339.665 92.414 56.8859 40.6182 326.023 25.9318
internal_count=149193 110677 86400 85913 85688 85608 2424 2354 487 83184 2294 569 146 82615 2322 2277 307 1876 418 336 475 397 263 80293 1970 493 277 191 1907 125
is_linear=0
shrinkage=0.05


Tree=16
num_leaves=31
num_cat=0
split_feature=2 22 0 8 4 0 7 8 4 4 0 4 7 10 0 20 8 0 21 10 10 5 10 5 10 0 0 0 20 10
split_gain=18103.8 22877.2 482.225 291.819 76.9056 55.3358 67.5333 36.2752 30.68 23.6537 15.8147 15.2534 29.4554 16.8671 12.7645 8.07745 7.3948 7.45663 6.35416 4.74132 4.57546 3.85167 2.62731 2.64363 2.25472 1.66399 2.25273 2.80448 1.39713 3.51188
threshold=1.0000000180025095e-35 1.0000000180025095e-35 46.500000000000007 1.5000000000000002 4.5000000000000009 36.500000000000007 1.0000000180025095e-35 3.5000000000000004 1.0000000180025095e-35 1.0000000180025095e-35 50.500000000000007 1.0000000180025095e-35 1.0000000180025095e-35 4.0695500000000004 40.500000000000007 2.5000000000000004 2.5000000000000004 43.500000000000007 1.0000000180025095e-35 4.1069500000000012 3.9304500000000004 0.15376049340414599 4.1281500000000007 0.031373031496062999 3.8730000000000007 26.500000000000004 23.500000000000004 21.500000000000004 2.5000000000000004 4.0667500000000008
decision_type=2 2 2 2 2 2 2 2 2 2 2 2 2 2 2 2 2 2 2 2 2 2 2 2 2 2 2 2 2 2
left_child=1 -1 3 -3 5 11 9 14 10 16 -4 18 21 -14 28 -16 -7 20 -5 24 -18 22 23 -13 25 26 27 -20 29 -8
right_child=-2 2 8 4 -6 6 7 -9 -10 -11 -12 12 13 -15 15 -17 17 -19 19 -21 -22 -23 -24 -25 -26 -27 -28 -29 -30 -31
leaf_value=0.064786335955090313 0.064272858214224723 0.063312560293017725 -0.021621782373327906 -0.063263907988356835 0.036648236912197478 -0.061726664891811903 -0.0077893334606598938 0.049648030232009303 0.063743789860949626 0.018124120300989279 0.04530293928963619 -0.030937439621410635 -0.038043618001674814 0.036465995117198717 0.013884955883430292 -0.028464729946358788 -0.020650362333024766 -0.0063997784459160281 -0.054591151194083976 -0.013137679379212057 -0.05393755638745619 -0.035363200367793036 -0.040632514349718353 -0.060408531693497615 -0.061906739067310174 -0.023581239192091638 -0.066097668366407056 -0.017077373124038907 -0.046142571272705983 -0.042144746442087516
leaf_weight=4966.5500511229038 7707.1960756331682 45.872189566493034 20.371612176299095 12238.335195437074 19.127882942557335 330.31895907223225 12.530037939548491 17.699528068304062 71.397827163338661 10.102125003933905 14.063437372446058 11.130921900272368 15.417507618665697 13.143147706985472 25.26361271739006 18.740628018975258 13.479285597801207 11.147662729024885 9.7641586661338824 9.1732625663280469 93.56957782804966 25.993928343057632 29.645618289709091 305.38971684873104 43.292704239487648 11.979806631803511 12.87063194811344 11.814864262938498 36.901206955313683 19.472877204418182
leaf_count=24303 38383 225 86 79446 80 2096 63 74 351 41 56 60 85 56 103 84 73 48 52 44 547 131 164 1846 237 62 71 60 199 106
internal_value=-8.87019e-05 -0.0269556 -0.060714 -0.0615548 -0.0619887 -0.062133 -0.0469541 -0.0150897 0.0452598 -0.0559761 0.00621773 -0.0628314 -0.0527543 -0.00368183 -0.0255847 -0.00438275 -0.0576817 -0.0459543 -0.0631544 -0.0491017 -0.049976 -0.0565003 -0.057981 -0.0594728 -0.0525934 -0.0427871 -0.0486123 -0.0357178 -0.0388686 -0.0293372
internal_weight=26171.8 18464.6 13498 13392.2 13346.3 13327.2 589.226 130.608 105.833 458.618 34.435 12738 400.721 28.5607 112.908 44.0042 448.515 118.197 12337.2 98.8954 107.049 372.16 346.166 316.521 89.7222 46.4295 34.4497 21.579 68.9041 32.0029
internal_count=149232 110849 86546 86053 85828 85748 3434 629 493 2805 142 82314 2342 141 555 187 2764 668 79972 526 620 2201 2070 1906 482 245 183 112 368 169
is_linear=0
shrinkage=0.05


Tree=17
num_leaves=31
num_cat=0
split_feature=2 22 0 8 4 0 13 21 4 4 21 20 0 4 10 13 8 0 13 10 20 5 13 10 5 10 20 0 13 0
split_gain=16946.3 21405.9 471.358 269.68 72.5106 58.2666 69.3393 30.8129 26.8891 21.9782 17.1419 14.7712 11.6829 10.6475 19.0757 19.1733 6.9886 5.38988 5.34174 3.83602 2.91461 2.15623 2.02275 1.91067 1.49225 1.23668 1.39995 2.38328 1.16921 1.71917
threshold=1.0000000180025095e-35 1.0000000180025095e-35 46.500000000000007 1.5000000000000002 4.5000000000000009 36.500000000000007 1.0000000180025095e-35 1.0000000180025095e-35 1.0000000180025095e-35 1.0000000180025095e-35 1.0000000180025095e-35 2.5000000000000004 40.500000000000007 1.0000000180025095e-35 4.0695500000000004 1.0000000180025095e-35 2.5000000000000004 42.500000000000007 1.0000000180025095e-35 3.9543000000000004 2.5000000000000004 0.076749826749826763 1.5000000000000002 3.7084000000000006 0.17311854811854813 4.2090500000000004 2.5000000000000004 38.500000000000007 1.0000000180025095e-35 33.500000000000007
decision_type=2 2 2 2 2 2 2 2 2 2 2 2 2 2 2 2 2 2 2 2 2 2 2 2 2 2 2 2 2 2
left_child=1 -1 3 -3 5 10 9 12 11 16 13 -4 25 28 24 21 -7 19 23 -18 22 -16 -14 -12 -15 26 27 -8 -5 -30
right_child=-2 2 8 4 -6 6 7 -9 -10 -11 18 -13 20 14 15 -17 17 -19 -20 -21 -22 -23 -24 -25 -26 -27 -28 -29 29 -31
leaf_value=0.063860283418823688 0.063383671817705128 0.062350861746596577 0.032363177778559689 -0.062599201450726671 0.035384998981894518 -0.060587301084557746 -0.032651017268332173 0.052837300480502607 0.062848199622654588 0.016613263568095327 -0.027748509122079448 -0.033566911734481522 -0.006741271972079247 -0.058978637872166964 -0.052548871695509994 0.027731250040584139 -0.027953671162377954 -0.017646430173684734 -0.01124168401830998 -0.054693411546323234 -0.016932948754574132 -0.02875087728996811 0.01961404924228732 -0.049223296411731496 -0.036202250406209981 -0.049322072013351585 -0.038723284136766851 -0.0027596347062004267 -0.060754973674442603 -0.051668496520863465
leaf_weight=4792.2780799120665 7446.6553406864405 43.670413166284561 22.878093346953392 10900.166982233524 18.864570870995522 321.87479847669601 16.559230953454975 14.518050253391264 70.300468862056732 10.088131979107855 17.567887425422668 12.232102259993551 12.870942592620851 311.80575720965862 22.643519476056099 12.110161587595938 20.303282767534256 16.953400522470474 14.092151388525961 78.735046193003654 20.391029849648476 25.118222743272781 14.672281250357626 71.041857659816742 13.318519651889799 14.504766583442686 27.79684291779995 11.072348222136496 748.61841194331646 107.9593491256237
leaf_count=24307 38461 222 91 73364 80 2111 91 61 358 41 90 54 54 1935 133 52 113 77 59 480 90 138 59 403 63 80 154 53 5014 687
internal_value=6.28716e-05 -0.0264519 -0.0597652 -0.0606272 -0.0610502 -0.0611948 -0.045526 -0.0136062 0.0451996 -0.054908 -0.0619337 0.0091002 -0.0221659 -0.0621091 -0.0533607 -0.0267743 -0.0565899 -0.0450741 -0.0407999 -0.0495459 -0.00303109 -0.0408796 0.00749352 -0.0453228 -0.0581595 -0.0350538 -0.0305121 -0.0211879 -0.062391 -0.0596713
internal_weight=25231.7 17785 12992.7 12887.3 12843.6 12824.8 580.34 132.385 105.411 447.955 12244.4 35.1102 117.867 12141.7 384.996 59.8719 437.867 115.992 102.702 99.0383 47.9343 47.7617 27.5432 88.6097 325.124 69.9332 55.4284 27.6316 11756.7 856.578
internal_count=148975 110514 86207 85704 85482 85402 3464 642 503 2822 81938 145 581 81386 2321 323 2781 670 552 593 203 271 113 493 1998 378 298 144 79065 5701
is_linear=0
shrinkage=0.05


Tree=18
num_leaves=31
num_cat=0
split_feature=2 22 0 8 4 0 21 4 0 7 4 7 0 20 21 8 0 10 5 10 0 10 10 10 5 10 5 0 7 0
split_gain=15960.2 20065.3 436.806 248.698 64.8087 53.1902 60.6405 47.8783 25.3899 19.2957 15.2419 21.9985 15.0133 8.20491 7.93491 7.10029 5.57525 5.05734 4.13252 3.85982 3.57258 3.37351 3.00561 2.16515 2.00673 1.73048 1.62605 1.53326 1.43311 2.64459
threshold=1.0000000180025095e-35 1.0000000180025095e-35 46.500000000000007 1.5000000000000002 4.5000000000000009 36.500000000000007 1.0000000180025095e-35 1.0000000180025095e-35 52.500000000000007 1.0000000180025095e-35 1.0000000180025095e-35 1.0000000180025095e-35 30.500000000000004 2.5000000000000004 1.0000000180025095e-35 2.5000000000000004 42.500000000000007 4.2090500000000004 0.17311854811854813 4.1069500000000012 42.500000000000007 3.9543000000000004 4.1069500000000012 3.8730000000000007 0.031373031496062999 3.7949000000000006 0.068263570961412709 38.500000000000007 1.0000000180025095e-35 33.500000000000007
decision_type=2 2 2 2 2 2 2 2 2 2 2 2 2 2 2 2 2 2 2 2 2 2 2 2 2 2 2 2 2 2
left_child=1 -1 3 -3 5 10 7 9 13 15 14 18 26 -4 28 -7 17 27 22 23 21 -17 24 25 -12 -16 -13 -11 -5 -30
right_child=-2 2 8 4 -6 6 -8 -9 -10 16 11 12 -14 -15 19 20 -18 -19 -20 -21 -22 -23 -24 -25 -26 -27 -28 -29 29 -31
leaf_value=0.06300319764895479 0.062560975705046498 0.061475064518315317 0.02693895624334789 -0.061730895520821588 0.031806254679083726 -0.059972100803816181 0.04091833743931541 0.030944284095956127 0.061670201807750118 -0.038866061143754703 -0.029578099004274522 -0.017338935556352599 0.038403887141645068 -0.021789630575736192 -0.046524035754150095 -0.026766071509056917 -0.0085103997986305992 -0.062622638683511075 -0.024630692952393844 -0.013266964616566951 -0.021344237428948153 -0.052765417152401385 -0.038913902275461237 -0.058150535319867303 -0.0577894505621806 -0.022649543263353503 -0.049928528408464755 -0.022338424791430622 -0.059897573199805598 -0.049486021288507667
leaf_weight=4612.4865112751722 7189.56454834342 41.390147015452385 22.215572223067284 10531.541771516204 18.544108375906944 304.75169415771961 19.069089591503143 17.85492992401123 66.873246625065804 31.429295882582664 9.747384697198866 9.1565112173557335 10.192467302083967 12.842157393693922 28.852662801742554 18.901661977171898 22.041672542691231 15.842040836811064 13.761311739683149 9.2526491582393628 17.230071619153023 76.709009513258934 35.146210297942162 41.466151505708694 294.67484270036221 14.557601526379583 8.523552253842352 36.438796386122704 720.08075025677681 105.32828532159328
leaf_count=24272 38543 218 96 73498 80 2077 82 71 342 181 55 51 42 60 159 107 91 90 65 45 79 481 201 237 1891 78 49 175 4995 689
internal_value=2.33717e-05 -0.0261697 -0.0589342 -0.0597787 -0.060188 -0.0603282 -0.0450793 -0.0481793 0.0438113 -0.0509326 -0.0610464 -0.0507499 -0.00768086 0.00897971 -0.0613847 -0.055803 -0.0313579 -0.0372023 -0.0541161 -0.0456926 -0.0441155 -0.0479558 -0.0552352 -0.0490317 -0.0569859 -0.039208 -0.0348821 -0.0304455 -0.0615107 -0.0586305
internal_weight=24356.5 17166.9 12554.4 12452.5 12411.1 12392.6 560.268 541.199 101.931 523.344 11832.3 381.202 27.8725 35.0577 11451.1 417.592 105.752 83.7101 353.33 94.1291 112.841 95.6107 339.568 84.8764 304.422 43.4103 17.6801 67.8681 11357 825.409
internal_count=149100 110557 86285 85787 85569 85489 3434 3352 498 3281 82055 2354 142 156 79701 2744 537 446 2212 519 667 588 2147 474 1946 237 100 356 79182 5684
is_linear=0
shrinkage=0.05


Tree=19
num_leaves=31
num_cat=0
split_feature=2 22 0 8 0 4 21 4 4 7 21 0 7 8 4 0 10 4 0 10 10 10 0 0 10 10 10 10 0 10
split_gain=14954 18815.4 403.349 242.247 62.55 80.1962 53.1264 25.391 24.4412 19.5478 14.4367 11.4524 9.45986 7.38298 6.82112 6.06952 5.13469 3.2375 7.51193 3.68697 3.13825 2.97989 2.71681 2.0611 1.79018 1.77158 1.61746 2.2537 0.880041 3.20429
threshold=1.0000000180025095e-35 1.0000000180025095e-35 46.500000000000007 1.5000000000000002 36.500000000000007 1.0000000180025095e-35 1.0000000180025095e-35 3.5000000000000004 1.0000000180025095e-35 1.0000000180025095e-35 1.0000000180025095e-35 50.500000000000007 1.5000000000000002 2.5000000000000004 4.5000000000000009 42.500000000000007 4.1281500000000007 1.0000000180025095e-35 33.500000000000007 4.1716000000000006 4.1069500000000012 3.9304500000000004 40.500000000000007 42.500000000000007 3.9581500000000003 4.1472000000000007 4.0837000000000012 3.8731500000000003 21.500000000000004 3.7084000000000006
decision_type=2 2 2 2 2 2 2 2 2 2 2 2 2 2 2 2 2 2 2 2 2 2 2 2 2 2 2 2 2 2
left_child=1 -1 3 -3 7 6 9 10 11 13 12 -4 17 -6 26 21 22 -5 19 -19 24 -15 -11 -18 28 -14 27 -9 -12 -30
right_child=-2 2 8 4 5 -7 -8 14 -10 16 20 -13 25 15 -16 -17 23 18 -20 -21 -22 -23 -24 -25 -26 -27 -28 -29 29 -31
leaf_value=0.062208527316008802 0.061798446639012954 0.06068932312337471 -0.014635080769422269 -0.060692534195119663 -0.059287352429856444 0.042074858994079568 0.034356055446168189 -0.023276153870162495 0.061256644773694663 -0.027376542760797748 -0.053105961229572764 0.043627733555512742 -0.044551405910576436 -0.02391985093779072 0.0083318851184878747 -0.014730867074852104 -0.047143544499257874 -0.057213271237382346 -0.015254160149109176 -0.024900391443272815 -0.011716764738234735 -0.051861014122792197 -0.004038964747272787 -0.020474670644581121 -0.05691804217934826 -0.021505035590407548 -0.017666625333106218 -0.053119362251725158 -0.0075060544484087909 -0.039476917321534515
leaf_weight=4445.1900348216295 6904.8303908705711 41.473194614052773 20.667732015252113 10897.235483005643 295.86521093547344 25.826263695955276 18.719421923160553 13.961675077676775 63.370471388101578 34.068054586648941 10.573181197047232 12.863469094038008 52.413992792367935 13.746600747108458 11.361773163080214 17.290174290537834 39.747465163469315 291.90229597687721 12.620810091495512 11.329401060938833 9.733086019754408 79.702625706791878 19.964066252112389 11.617896392941473 21.969375714659691 13.402736857533453 13.102790042757986 16.82002104818821 10.150037467479704 43.830755978822708
leaf_count=24289 38452 227 87 78887 2089 104 82 69 346 189 60 53 329 78 51 79 222 1928 66 65 47 512 84 49 128 74 68 103 52 251
internal_value=-1.71431e-05 -0.0257775 -0.0580359 -0.0588552 -0.0592738 -0.042733 -0.0469313 -0.0600754 0.0432152 -0.0499645 -0.0602404 0.00833225 -0.0604086 -0.0549744 -0.0256193 -0.0430241 -0.0303019 -0.0605234 -0.0545133 -0.0560918 -0.0401126 -0.0480476 -0.0189837 -0.0416177 -0.0431365 -0.0402504 -0.0343991 -0.0407416 -0.0376496 -0.0337113
internal_weight=23475.4 16570.5 12125.3 12028.4 11987 556.548 530.722 11430.4 96.9017 512.002 11375.2 33.5312 11278.9 406.605 55.2463 110.739 105.397 11213.1 315.853 303.232 96.2564 93.4492 54.0321 51.3654 86.5234 65.8167 43.8845 30.7817 64.554 53.9808
internal_count=149120 110668 86379 85893 85666 3488 3384 82178 486 3302 81887 140 81349 2758 291 669 544 80946 2059 1993 538 590 273 271 491 403 240 172 363 303
is_linear=0
shrinkage=0.05


Tree=20
num_leaves=31
num_cat=0
split_feature=2 22 0 8 0 4 7 8 5 4 17 17 4 7 0 0 10 8 0 20 17 10 0 5 7 10 17 10 0 7
split_gain=14057 17645.8 375.097 217.481 59.8246 71.2293 37.415 32.7398 27.1375 24.1269 22.6957 16.3544 13.8024 24.8025 12.9235 9.73637 8.9407 7.30989 7.08418 6.77154 6.75461 4.55632 3.16374 2.96017 2.49225 1.607 1.08453 1.89137 0.804244 1.96153
threshold=1.0000000180025095e-35 1.0000000180025095e-35 46.500000000000007 1.5000000000000002 36.500000000000007 1.0000000180025095e-35 1.0000000180025095e-35 3.5000000000000004 0.15376049340414599 1.0000000180025095e-35 0.17274535809018571 0.07634032634032635 1.0000000180025095e-35 1.0000000180025095e-35 31.500000000000004 50.500000000000007 4.2391500000000013 2.5000000000000004 24.500000000000004 2.5000000000000004 0.1856158484065461 4.1025500000000008 41.500000000000007 0.031373031496062999 1.5000000000000002 4.1281500000000007 0.14760348583878 4.1069500000000012 32.500000000000007 1.0000000180025095e-35
decision_type=2 2 2 2 2 2 2 2 2 2 2 2 2 2 2 2 2 2 2 2 2 2 2 2 2 2 2 2 2 2
left_child=1 -1 3 -3 8 6 17 11 12 15 -10 -8 24 23 -15 -4 19 -6 -12 21 22 -13 -19 -14 28 -25 27 -21 -5 -30
right_child=-2 2 9 4 5 -7 7 -9 10 -11 18 16 13 14 -16 -17 -18 20 -20 26 -22 -23 -24 25 -26 -27 -28 -29 29 -31
leaf_value=0.061474530855603664 0.061090623680089863 0.059876861338873912 -0.015185013051236082 -0.060041518922429975 -0.057540034727850159 0.04161720029080878 -0.05761320365918994 0.047061559792911482 0.035973765262725034 0.060503041096056455 -0.064668523807602019 0.033860814219997766 -0.026774184141384057 -0.028733257724616879 0.040397893696402065 0.039196542734723921 -0.05418392609506284 -0.051351814669520268 -0.01009852852280453 -0.02863918056106194 -0.0096790749303940597 -0.0074897460128502255 -0.026167799337952713 -0.055289917796473513 -0.047254307813572205 -0.037773476731929642 -0.034511065661522143 0.0018669730225629488 -0.05853702865204017 -0.049556901817406941
leaf_weight=4274.2036162465811 6650.7188675254583 38.199843898415565 19.443655699491501 9461.4623122364283 290.65401281416416 23.596401408314705 36.149325758218765 14.555705636739729 12.780232042074202 61.010392248630524 14.770185723900797 11.353211268782617 13.410254240036009 16.813335612416271 9.8987853378057462 12.822023734450338 11.511555045843123 70.31682014465332 10.236543849110602 9.6400655210018211 15.357996478676794 13.829863756895064 19.313148960471153 269.4276584982872 61.639299035072327 23.624294221401215 11.580948695540426 9.5047297626733762 998.18771816790104 112.6167034059763
leaf_count=24265 38501 217 82 71092 2113 96 198 65 60 346 79 51 77 98 40 54 64 460 54 51 92 68 96 1845 394 142 63 50 7402 811
internal_value=3.08872e-05 -0.0254349 -0.0572585 -0.0580635 -0.058459 -0.0419948 -0.0459084 -0.0209713 -0.0592591 0.0422499 -0.016438 -0.0308913 -0.0594051 -0.048895 -0.0025818 0.00695427 -0.0159309 -0.0532821 -0.0435775 -0.00724097 -0.0410625 0.0117335 -0.0462739 -0.0529102 -0.0597298 -0.0540111 -0.0226722 -0.0141531 -0.059798 -0.057672
internal_weight=22598.6 15947.9 11673.7 11580.4 11542.2 537.364 513.767 118.125 11004.9 93.2761 37.787 103.57 10967.1 333.174 26.7121 32.2657 67.4204 395.642 25.0067 55.9088 104.988 25.1831 89.63 306.462 10633.9 293.052 30.7257 19.1448 10572.3 1110.8
internal_count=149026 110525 86260 85778 85561 3467 3371 610 82094 482 193 545 81901 2202 138 136 347 2761 133 283 648 119 556 2064 79699 1987 164 101 79305 8213
is_linear=0
shrinkage=0.05


Tree=21
num_leaves=31
num_cat=0
split_feature=2 22 0 12 0 4 21 4 4 21 7 7 4 7 0 17 20 10 12 17 20 5 5 10 7 7 0 5 10 0
split_gain=13229.4 16566.3 343.722 212.229 61.444 63.1292 35.5994 29.7179 26.4475 25.0623 16.9163 15.8345 12.6442 18.6126 14.4936 12.1394 10.3983 7.12978 6.30251 7.91607 4.99582 3.92021 3.94654 2.48717 2.04949 2.04161 1.42128 1.09913 0.889186 1.11194
threshold=1.0000000180025095e-35 1.0000000180025095e-35 46.500000000000007 1.0000000180025095e-35 37.500000000000007 1.0000000180025095e-35 1.0000000180025095e-35 4.5000000000000009 1.0000000180025095e-35 1.0000000180025095e-35 1.0000000180025095e-35 1.0000000180025095e-35 1.0000000180025095e-35 1.0000000180025095e-35 30.500000000000004 0.085236118318630011 2.5000000000000004 4.2391500000000013 1.5000000000000002 0.1856158484065461 2.5000000000000004 0.17311854811854813 0.031373031496062999 4.0815500000000009 1.5000000000000002 1.5000000000000002 41.500000000000007 0.061633428300094974 4.0695500000000004 24.500000000000004
decision_type=2 2 2 2 2 2 2 2 2 2 2 2 2 2 2 2 2 2 2 2 2 2 2 2 2 2 2 2 2 2
left_child=1 -1 3 -3 7 6 10 9 16 12 18 28 25 21 -15 -12 -4 20 -6 26 -17 22 -14 -24 -22 -5 -20 -25 29 -11
right_child=-2 2 8 4 5 -7 -8 -9 -10 11 15 -13 13 14 -16 17 -18 -19 19 -21 24 -23 23 27 -26 -27 -28 -29 -30 -31
leaf_value=0.060786245630347284 0.060432526354573683 0.05924020480701038 0.024686027654552044 -0.059153954761179212 -0.057242908706594632 0.044131579723694525 0.035402966378741081 0.018449462335732397 0.059806346602650544 -0.034928975120456687 -0.052908271998048761 0.0068007507381675743 -0.024517766822842166 -0.037404380995074787 0.036413741630725527 0.015028992990977909 -0.031022780953984214 -0.046056331253433141 -0.050358396079825486 0.00011838897487018747 -0.0021186338009201765 -0.02221924463163643 -0.056557805446918998 -0.057319700463678382 -0.030853151923061758 -0.047837978346800536 -0.030623600074483615 -0.033146799648098545 -0.024152903324311782 -0.051244797226743327
leaf_weight=4102.755983248353 6372.0852217674255 38.156268656253815 21.746511727571487 10242.306217774749 187.84265047311783 21.349929645657539 13.301267907023428 12.132013142108915 57.759150147438049 30.017989799380302 26.465950727462769 19.673407897353172 13.791923075914381 15.250939637422563 10.282607972621916 20.514764040708542 12.273275554180143 11.111915439367293 49.683380424976349 11.053877577185629 11.630099669098856 12.548120051622389 252.45345424115658 8.7710572332143766 12.703313261270521 66.562488079071045 19.006678238511086 29.169277131557465 9.6734071373939496 41.53779548406601
leaf_count=24225 38372 225 90 79917 1423 87 61 54 340 177 141 83 79 93 42 91 55 60 328 63 60 61 1791 59 65 435 96 177 54 265
internal_value=-0.000142445 -0.0252391 -0.0565342 -0.0573254 -0.0577296 -0.0379036 -0.0428323 -0.0584345 0.0394908 -0.058523 -0.0458978 -0.0331735 -0.05876 -0.048812 -0.0074251 -0.025618 0.00427607 -0.012009 -0.052026 -0.0391804 -0.00275264 -0.0521145 -0.0532709 -0.0545477 -0.0177453 -0.0590855 -0.0454155 -0.0400636 -0.0428201 -0.044976
internal_weight=21753.6 15381.5 11278.8 11187 11148.8 384.664 363.314 10764.2 91.7789 10752 350.013 100.903 10651.1 342.267 25.5335 82.426 34.0198 55.9601 267.587 79.7439 44.8482 316.734 304.186 290.394 24.3334 10308.9 68.6901 37.9403 81.2292 71.5558
internal_count=149069 110697 86472 85987 85762 2475 2388 83287 485 83233 2327 579 82654 2302 135 417 145 276 1910 487 216 2167 2106 2027 125 80352 424 236 496 442
is_linear=0
shrinkage=0.05


Tree=22
num_leaves=31
num_cat=0
split_feature=2 22 0 8 0 4 4 7 17 4 17 10 4 7 0 20 0 8 5 7 8 17 17 20 0 10 17 7 10 10
split_gain=12390.9 15550.2 346.106 194.618 62.2918 60.0915 29.3579 27.3691 20.9824 20.7526 14.9364 12.4663 12.3433 22.1285 12.6137 9.25576 8.47147 6.85836 6.01668 5.75444 12.3491 4.79676 4.46715 6.09744 3.67197 3.20265 3.04623 1.75749 1.15535 0.995404
threshold=1.0000000180025095e-35 1.0000000180025095e-35 46.500000000000007 1.5000000000000002 37.500000000000007 1.0000000180025095e-35 3.5000000000000004 1.0000000180025095e-35 0.11970149253731345 1.0000000180025095e-35 0.07185886402753873 4.2275500000000008 1.0000000180025095e-35 1.0000000180025095e-35 29.500000000000004 2.5000000000000004 50.500000000000007 2.5000000000000004 0.029520697167755995 1.0000000180025095e-35 3.5000000000000004 0.1856158484065461 0.098746324098436783 2.5000000000000004 33.500000000000007 3.8817500000000007 0.19859154929577469 1.5000000000000002 4.1281500000000007 3.9543000000000004
decision_type=2 2 2 2 2 2 2 2 2 2 2 2 2 2 2 2 2 2 2 2 2 2 2 2 2 2 2 2 2 2
left_child=1 -1 3 -3 6 7 12 17 -8 16 -9 22 19 18 -15 -10 -4 -6 -14 -5 24 29 -12 -24 -21 -26 -17 -25 -20 -19
right_child=-2 2 9 4 5 -7 8 10 15 -11 11 -13 13 14 -16 26 -18 21 28 20 -22 -23 23 27 25 -27 -28 -29 -30 -31
leaf_value=0.060151112864908977 0.059819905852403758 0.058538618183511928 -0.01200982653150293 -0.058489062414929884 -0.055424259515414798 0.041930330557687953 0.043923271986688876 -0.048419452037503037 -0.0040516686166616571 0.059168761311536672 0.031653395592767739 -0.047560220322316604 -0.0047620457357948455 -0.032791176537002212 0.03757667780873114 -0.022967901789506022 0.038655402421459324 -0.023839698718980097 -0.053558607614114455 -0.055808935183069674 0.0015169759450290598 -0.0055860042913866148 0.018781682908867926 -0.0058102109740095845 -0.012820242932253862 -0.04694358204554612 -0.062259948027685974 -0.03440742147132634 -0.036426804908476169 -0.044589377538477609
leaf_weight=3954.4012599438429 6132.1930664181709 35.886743828654289 19.254917502403259 9237.5578893944621 181.97651854157448 22.122497215867043 9.5091675668954831 26.9282046854496 16.12044657766819 57.924349084496498 12.180060386657713 12.412389293313025 6.9963236004114142 13.032227754592897 10.660984978079794 8.6635132879018801 13.007645592093466 10.816458165645598 250.48902253806591 626.0968806296587 10.036585472524164 11.189079537987707 18.295940473675728 11.912646576762201 8.3345655798912031 102.60961039364338 19.738121092319489 9.5926830023527128 19.761230990290642 54.05904358625412
leaf_count=24293 38437 220 81 74819 1419 92 45 146 85 355 54 69 36 81 44 48 56 62 1833 4995 63 64 82 63 58 740 116 50 126 344
internal_value=6.69356e-05 -0.0247074 -0.0556744 -0.0564937 -0.0568845 -0.0365832 -0.0576103 -0.0416603 -0.020368 0.0415048 -0.0178728 -0.00455372 -0.0578039 -0.0473131 -0.000888997 -0.0347627 0.00896543 -0.0499773 -0.051263 -0.0581154 -0.0534227 -0.0363959 0.00641946 -0.0018892 -0.0541719 -0.0445175 -0.0514633 -0.0195284 -0.0524448 -0.0415443
internal_weight=20923.8 14791.6 10837.2 10747 10711.1 371.486 10339.6 349.363 54.0312 90.1869 91.3219 64.3937 10285.6 300.94 23.6932 44.5221 32.2626 258.041 277.247 9984.64 747.078 76.0646 51.9813 39.8013 737.041 110.944 28.4016 21.5053 270.25 64.8755
internal_count=148976 110539 86246 85754 85534 2445 83089 2353 294 492 464 318 82795 2120 125 249 137 1889 1995 80675 5856 470 249 195 5793 798 164 113 1959 406
is_linear=0
shrinkage=0.05


Tree=23
num_leaves=31
num_cat=0
split_feature=2 22 0 12 0 4 21 4 7 7 4 21 10 20 12 5 20 0 10 0 10 7 7 10 0 20 0 0 10 20
split_gain=11692.3 14604.4 326.354 182.682 64.7895 59.5935 42.5538 27.4586 41.2382 22.0021 18.024 14.6108 11.0107 9.51374 8.43954 7.63449 6.79645 4.36181 3.98837 4.58833 3.1672 2.77975 2.50128 3.48494 2.45921 4.13634 2.28219 5.43954 2.01959 1.37816
threshold=1.0000000180025095e-35 1.0000000180025095e-35 46.500000000000007 1.0000000180025095e-35 36.500000000000007 1.0000000180025095e-35 1.0000000180025095e-35 1.0000000180025095e-35 1.5000000000000002 1.0000000180025095e-35 1.0000000180025095e-35 1.0000000180025095e-35 4.1069500000000012 2.5000000000000004 1.5000000000000002 0.17311854811854813 2.5000000000000004 40.500000000000007 4.2456000000000005 42.500000000000007 3.9304500000000004 1.5000000000000002 1.0000000180025095e-35 3.8002500000000006 30.500000000000004 2.5000000000000004 21.500000000000004 23.500000000000004 4.1281500000000007 2.5000000000000004
decision_type=2 2 2 2 2 2 2 2 2 2 2 2 2 2 2 2 2 2 2 2 2 2 2 2 2 2 2 2 2 2
left_child=1 -1 3 -3 7 6 9 11 12 14 13 21 15 -4 -6 24 -14 20 19 28 -16 -5 23 26 -9 -26 -13 -28 29 -11
right_child=-2 2 10 4 5 -7 -8 8 -10 18 -12 22 16 -15 17 -17 -18 -19 -20 -21 -22 -23 -24 -25 25 -27 27 -29 -30 -31
leaf_value=0.059556634491911876 0.059248839517081112 0.057918961925345652 0.031065863911101218 -0.057951333413654819 -0.056149783546949883 0.036327218254311879 0.034186946155967284 -0.05303727999604077 0.059512934519087228 -0.0082067676848319154 0.058543255867361581 -0.045901169583981515 0.016833784964777328 -0.023819858784938679 -0.019151014099800912 -0.018644265386716152 -0.031229140834578104 -0.021324413937997957 -0.049660975071349041 0.0039311698879146463 -0.049880310766426905 -0.044598621415811834 -0.013200497683790093 -0.048884089333833147 -0.0038998029976281025 -0.048704188710020205 0.013157699928528374 -0.036388315557584046 -0.035843511158517284 -0.026790572409586901
leaf_weight=3787.0308036953211 5893.1346570253372 34.377580642700195 20.362498134374619 9322.1230979114771 254.33007261902094 24.566980451345444 16.770646780729294 247.40531015396118 8.742353752255438 21.483339950442314 54.462698355317116 8.1814489513635653 8.6994823366403562 11.622649297118189 11.771420270204542 20.49837626516819 32.911521568894386 30.717862859368324 12.565006449818609 16.369213774800301 58.188627898693085 57.121209353208542 11.834530368447302 41.779973596334457 8.3097174018621445 13.403579786419868 9.2542764246463793 11.451834097504614 27.416441008448601 19.971833020448685
leaf_count=24224 38471 219 84 78669 2078 104 76 1859 36 112 347 51 46 52 73 99 199 166 73 67 430 399 52 279 53 89 52 73 158 115
internal_value=4.62138e-05 -0.0245194 -0.0550884 -0.0558988 -0.0562844 -0.038461 -0.0424425 -0.057179 -0.042905 -0.0453497 0.0412811 -0.0576873 -0.0457792 0.0110042 -0.0511506 -0.0492517 -0.0210215 -0.0380938 -0.0239893 -0.0196731 -0.0450526 -0.0578748 -0.0359308 -0.0395001 -0.0515054 -0.0324841 -0.0247467 -0.0146585 -0.0252593 -0.01758
internal_weight=20096.9 14203.7 10416.7 10330.2 10295.9 494.151 469.584 9801.72 339.97 452.814 86.4478 9461.75 331.228 31.9851 355.008 289.617 41.611 100.678 97.8058 85.2408 69.96 9379.24 82.5021 70.6675 269.119 21.7133 28.8876 20.7061 68.8716 41.4552
internal_count=148805 110334 86110 85627 85408 3452 3348 81956 2381 3272 483 79575 2345 136 2747 2100 245 669 525 452 503 79068 507 455 2001 142 176 125 385 227
is_linear=0
shrinkage=0.05


Tree=24
num_leaves=31
num_cat=0
split_feature=2 22 0 8 5 21 20 14 7 5 20 17 0 0 5 8 7 20 10 7 14 0 5 5 7 10 10 8 0 0
split_gain=11046.8 13771.7 304.17 171.204 68.5649 52.4756 119.693 44.6564 24.098 24.5269 23.2909 15.1313 13.0792 10.7559 12.7877 8.16611 7.91377 6.02908 5.32874 4.70338 4.41141 4.39545 4.33744 10.3624 4.32532 3.6972 3.53632 1.60915 1.24723 1.13498
threshold=1.0000000180025095e-35 1.0000000180025095e-35 42.500000000000007 1.5000000000000002 0.015038444142921758 1.0000000180025095e-35 3.5000000000000004 3.5000000000000004 1.5000000000000002 0.023952954675846246 2.5000000000000004 0.093933823529411778 33.500000000000007 36.500000000000007 0.022857889237199586 2.5000000000000004 1.0000000180025095e-35 2.5000000000000004 3.8275000000000001 1.0000000180025095e-35 4.5000000000000009 32.500000000000007 0.027149877149877152 0.029520697167755995 1.0000000180025095e-35 4.1069500000000012 4.0837000000000012 2.5000000000000004 39.500000000000007 30.500000000000004
decision_type=2 2 2 2 2 2 2 2 2 2 2 2 2 2 2 2 2 2 2 2 2 2 2 2 2 2 2 2 2 2
left_child=1 -1 3 -3 10 7 24 8 13 17 11 -4 20 22 18 -13 -12 21 -15 27 -9 -10 -5 -24 -7 29 -23 -20 -21 -25
right_child=-2 2 4 5 -6 6 -8 12 9 -11 16 15 -14 14 -16 -17 -18 -19 19 28 -22 26 23 25 -26 -27 -28 -29 -30 -31
leaf_value=0.059004908074613685 0.058715873247516162 0.057316252958665818 -0.026590410115843045 -0.057351900863573113 0.058281344017128422 0.031453186093399803 -0.059322139901755479 -0.031013282908453746 -0.050274290129935055 0.045684168038907735 -0.054149405491693406 0.059488657008817225 0.035438695610239407 -0.015707684407700848 0.01409862289674132 0.0098610342000650508 -0.0050104862544896496 -0.049712781065701234 -0.055293941319671081 -0.03921874329785404 0.0071067465230821025 0.008232326314314713 0.0085424281846639988 -0.054866257482012043 0.068078004211052312 -0.03180962671050306 -0.026990094704036845 -0.044484668537035407 -0.018258983842154599 -0.03603707475995941
leaf_weight=3640.8442737013102 5658.4106053113937 32.745461195707321 16.827629908919334 8988.9396642223001 58.291260123252869 19.806465819478035 69.951544716954231 36.969756498932838 9.4773818105459195 8.5240640640258771 26.912729576230049 13.149975270032881 10.825064882636068 12.581632345914839 7.752548709511756 21.217000007629395 11.90826168656349 55.211581066250801 222.01417544484138 26.049037247896194 9.074378550052641 12.167812749743463 7.0804153829812995 221.00117811560631 17.838740348815918 26.652386233210564 15.028643742203711 77.532060004770756 13.56771671772003 16.370788544416428
leaf_count=24258 38492 217 78 78935 374 109 452 220 70 35 191 53 48 90 32 92 52 372 1885 167 41 73 36 1738 78 170 91 560 68 114
internal_value=-5.33715e-05 -0.0243177 -0.0544598 -0.0555228 0.0165179 -0.0559023 -0.020922 -0.0562851 -0.0565437 -0.0316567 -0.0108699 0.0112426 -0.01187 -0.0568002 -0.0478272 0.0299954 -0.0395805 -0.0392461 -0.0492281 -0.0504218 -0.0235092 -0.0225874 -0.0571433 -0.050043 0.0501209 -0.0516405 -0.0114984 -0.0526535 -0.0326668 -0.0537243
internal_weight=19364.7 13706.3 10065.5 9917.16 148.307 9884.42 107.597 9776.82 9719.95 100.409 90.0156 51.1946 56.8692 9619.54 359.497 34.367 38.821 91.8854 351.745 339.163 46.0441 36.6738 9260.04 271.105 37.6452 264.024 27.1965 299.546 39.6168 237.372
internal_count=149191 110699 86441 85601 840 85384 639 84745 84436 641 466 223 309 83795 2802 145 243 606 2770 2680 261 234 80993 2058 187 2022 164 2445 235 1852
is_linear=0
shrinkage=0.05


Tree=25
num_leaves=31
num_cat=0
split_feature=2 22 0 8 0 7 4 4 5 8 21 17 17 20 0 20 8 8 0 7 7 0 17 17 0 0 0 17 0 20
split_gain=10367.7 12939.2 298.37 163.766 55.7445 48.5272 38.5308 28.8397 20.8323 20.0358 19.5329 17.1274 16.7381 20.0182 15.4417 14.9591 9.33258 5.56209 4.64144 4.46928 4.40507 4.22052 3.42786 2.75843 1.93478 3.41171 1.9 1.86733 1.7065 1.54602
threshold=1.0000000180025095e-35 1.0000000180025095e-35 44.500000000000007 1.5000000000000002 36.500000000000007 1.0000000180025095e-35 1.0000000180025095e-35 2.5000000000000004 0.022857889237199586 3.5000000000000004 1.0000000180025095e-35 0.07634032634032635 0.093933823529411778 2.5000000000000004 27.500000000000004 2.5000000000000004 2.5000000000000004 2.5000000000000004 38.500000000000007 1.0000000180025095e-35 1.5000000000000002 47.500000000000007 0.19859154929577469 0.17165178571428574 23.500000000000004 21.500000000000004 42.500000000000007 0.1283882783882784 33.500000000000007 2.5000000000000004
decision_type=2 2 2 2 2 2 2 2 2 2 2 2 2 2 2 2 2 2 2 2 2 2 2 2 2 2 2 2 2 2
left_child=1 -1 3 -3 7 8 15 10 17 11 20 -7 -9 14 -14 16 -4 -6 -13 24 28 -17 26 27 25 -12 29 -20 -5 -19
right_child=-2 2 6 4 5 9 -8 12 -10 -11 19 18 13 -15 -16 21 -18 22 23 -21 -22 -23 -24 -25 -26 -27 -28 -29 -30 -31
leaf_value=0.05848723094942565 0.058217903763434692 0.056792790774296158 0.047218385503656819 -0.056845453010414215 -0.054001918153450082 -0.046618168159572301 0.057813592803294844 0.016351728363405687 0.016994945886452808 0.042341147237653608 -0.044751335644140355 -0.020134032571209683 -0.033889769166264093 -0.051458966723394874 0.045141615981625208 -0.052162041344943448 -0.0039765422368962721 -0.046958125829696273 0.0087085826583789046 -0.0038214764688145569 -0.040798924851064573 -0.0068506191321586127 -0.008483311979575834 0.027228750647019725 -0.041818951236470947 -0.0041176866401871747 -0.016583602526432435 -0.015813721033463669 -0.053177827433923699 -0.020068164248390072
leaf_weight=3494.6511777937412 5425.069087266922 32.044800758361816 14.968133516609667 8219.8800214827061 230.02894639968872 32.696000695228577 53.803071916103363 16.153824463486671 11.693516939878462 15.219433039426802 8.211505055427553 23.286014288663864 12.501831248402597 67.987873405218124 10.401466354727743 11.847319766879084 19.797215297818184 62.788704819977283 19.149626985192302 12.553185746073721 56.235855475068092 9.1376075595617277 9.3943827673792821 11.295530214905737 51.227421820163727 12.280501887202261 8.5882739722728711 11.631152153015135 594.5517767444253 8.1585363149642927
leaf_count=24270 38476 221 64 75039 2007 194 367 101 51 73 54 143 80 475 54 84 86 472 90 55 404 40 60 52 356 74 42 60 5290 55
internal_value=7.17718e-05 -0.0239335 -0.053792 -0.0547348 -0.0551167 -0.0376446 0.0280413 -0.0559683 -0.0472985 -0.00929797 -0.0562786 -0.0176593 -0.0297325 -0.0380117 0.00238907 -0.00120357 0.0187692 -0.0497013 -0.00268909 -0.031696 -0.0565085 -0.0336408 -0.0381006 0.00720863 -0.0364553 -0.0217249 -0.0414501 -0.000763695 -0.0566041 -0.0441878
internal_weight=18567.2 13142.2 9647.51 9537.96 9505.92 443.93 109.553 9061.99 330.652 113.278 8954.94 98.0583 107.045 90.8912 22.9033 55.7503 34.7653 318.959 65.3623 84.2726 8870.67 20.9849 88.9299 42.0763 71.7194 20.492 79.5355 30.7808 8814.43 70.9472
internal_count=148889 110413 86143 85502 85281 3299 641 81982 2687 612 81272 539 710 609 134 274 150 2636 345 539 80733 124 629 202 484 128 569 150 80329 527
is_linear=0
shrinkage=0.05


Tree=26
num_leaves=31
num_cat=0
split_feature=2 22 0 8 0 7 0 4 7 8 5 4 20 17 21 20 5 10 17 8 5 10 10 0 17 20 0 17 7 10
split_gain=9789.2 12175 281.097 152.692 56.6061 48.363 36.2418 29.0429 31.1522 21.3497 19.0271 18.0643 17.4828 13.8549 12.5472 45.0637 11.6499 9.36401 9.12 8.94696 7.70707 6.66686 6.15019 5.7457 5.64083 3.4886 2.92522 3.8421 2.75747 2.60891
threshold=1.0000000180025095e-35 1.0000000180025095e-35 44.500000000000007 1.5000000000000002 36.500000000000007 1.0000000180025095e-35 52.500000000000007 1.0000000180025095e-35 1.5000000000000002 3.5000000000000004 0.051414221517314306 1.0000000180025095e-35 2.5000000000000004 0.07634032634032635 1.0000000180025095e-35 3.5000000000000004 0.17311854811854813 4.2275500000000008 0.15655637254901963 2.5000000000000004 0.029520697167755995 3.8936000000000006 4.1069500000000012 38.500000000000007 0.1856158484065461 2.5000000000000004 40.500000000000007 0.10300618921308578 1.5000000000000002 4.1891500000000006
decision_type=2 2 2 2 2 2 2 2 2 2 2 2 2 2 2 2 2 2 2 2 2 2 2 2 2 2 2 2 2 2
left_child=1 -1 3 -3 7 10 12 14 16 11 19 13 18 -7 28 21 20 23 -4 -6 -9 -16 -22 -15 26 -25 -21 -28 -5 -14
right_child=-2 2 6 4 5 9 -8 8 -10 -11 -12 -13 29 17 15 -17 -18 -19 -20 24 22 -23 -24 25 -26 -27 27 -29 -30 -31
leaf_value=0.058004384907045049 0.057752155032571501 0.05623918753185525 0.0035529509791330733 -0.056220158339010652 -0.053711617768858112 -0.052026395902258132 0.057891857511451608 0.0074536584961644864 0.0527592508282144 0.046106872460395756 0.03362938508021359 0.043569471000342821 -0.048014027757285069 -0.020700377560157659 0.052721727049267808 -0.056347062735436639 -0.0059927635378395142 -0.051516543667798509 0.057005763966218662 -0.045823030397921384 -0.049480903827350931 -0.00512573145123467 -0.025662401966244378 0.031527611586313412 -0.0051991915154264217 -0.0025620544881267268 -0.043213275828147144 -0.00077904158502401877 -0.042373931818907952 -0.011759688336189089
leaf_weight=3347.4836198985577 5199.4321317672729 30.472223728895187 23.981547966599464 8280.1623290032148 226.57306467741728 28.895778171718121 49.882679909467697 6.4952860325574866 7.986425206065177 14.595882818102835 6.5825818032026282 10.108446255326269 12.928609602153303 19.761556312441826 11.396221071481706 61.159240037202835 20.530069693922997 10.050239488482474 11.069773465394972 54.152374319732189 239.96070300787687 8.0525725632905942 34.464793905615807 13.178249597549438 14.502748794853686 15.651773169636726 9.6149649918079394 10.79795181751251 51.727871611714363 8.9970546588301641
leaf_count=24242 38464 219 111 78823 2047 180 339 34 33 71 29 42 83 125 58 421 99 64 48 423 1981 46 219 56 94 79 58 62 391 53
internal_value=8.29365e-06 -0.0237449 -0.053193 -0.0541313 -0.0545047 -0.0367218 0.0272221 -0.0553862 -0.0400471 -0.00836264 -0.0465438 -0.0168895 -0.000164307 -0.0242842 -0.0559456 -0.0354786 -0.0426721 -0.00997117 0.0215472 -0.0483167 -0.0453219 0.0296912 -0.0465936 -0.000512758 -0.0341492 0.0135549 -0.0396365 -0.0218512 -0.0561393 -0.0342992
internal_weight=17840.6 12641.2 9293.73 9186.87 9156.4 434.466 106.86 8721.94 309.437 112.242 322.224 97.646 56.977 87.5376 8412.5 80.608 301.451 58.6418 35.0513 315.641 280.921 19.4488 274.425 48.5916 89.068 28.83 74.5653 20.4129 8331.89 21.9257
internal_count=148994 110530 86288 85654 85435 3330 634 82105 2366 617 2713 546 295 504 79739 525 2333 324 159 2684 2234 104 2200 260 637 135 543 120 79214 136
is_linear=0
shrinkage=0.05


Tree=27
num_leaves=31
num_cat=0
split_feature=2 22 0 12 21 20 4 7 4 5 20 17 0 4 17 17 12 7 4 7 12 10 10 0 0 0 20 0 10 17
split_gain=9229.22 11448.3 267.568 141.375 58.184 113.911 55.508 45.61 36.3773 24.2976 19.8615 15.8658 14.0997 17.5325 13.9413 13.125 11.5918 7.305 5.85092 5.28119 5.2276 4.72998 3.91702 3.67031 3.57312 2.78768 2.58976 2.4285 2.25918 1.94731
threshold=1.0000000180025095e-35 1.0000000180025095e-35 42.500000000000007 1.0000000180025095e-35 1.0000000180025095e-35 3.5000000000000004 1.0000000180025095e-35 1.5000000000000002 1.0000000180025095e-35 0.15376049340414599 2.5000000000000004 0.17274535809018571 35.500000000000007 1.0000000180025095e-35 0.17165178571428574 0.14670014347202298 1.5000000000000002 1.0000000180025095e-35 1.0000000180025095e-35 1.0000000180025095e-35 1.5000000000000002 4.1716000000000006 3.9524000000000004 34.500000000000007 38.500000000000007 30.500000000000004 2.5000000000000004 35.500000000000007 3.8844000000000003 0.093933823529411778
decision_type=2 2 2 2 2 2 2 2 2 2 2 2 2 2 2 2 2 2 2 2 2 2 2 2 2 2 2 2 2 2
left_child=1 -1 3 -3 7 27 10 9 14 12 15 -11 18 17 29 16 -4 20 -5 -12 -14 25 -22 -16 -19 -20 -27 -6 -13 -9
right_child=-2 2 6 4 5 -7 -8 8 -10 11 19 28 13 -15 23 -17 -18 24 21 -21 22 -23 -24 -25 -26 26 -28 -29 -30 -31
leaf_value=0.05755195633113315 0.057316133841314447 0.055704610275952797 0.025558658700155081 -0.055731842117452503 0.039606458300710863 -0.056084675449897259 0.056850687138136881 -0.050804796831768709 0.050923264330372524 0.034042258592174662 -0.049629148828465551 -0.049491489167589851 -0.053704410156121846 0.0095325932208933685 -0.013706006370101335 0.044457979587126412 -0.033454183534985887 -0.039269917655078757 -0.051121975438598345 -0.0072361137440831299 -0.018447645965180611 -0.019609616055157993 -0.044377390326487152 0.032643171211090574 -0.011903348194619436 -0.0097688569461333186 -0.043047815938723331 0.070449976629087252 -0.013830766868650589 -0.031309150384270998
leaf_weight=3209.6241992712021 4993.2840398848057 28.719639450311661 13.917684510350229 7817.350316926837 23.565126463770866 64.58267879486084 52.06187903881073 36.98211931437254 14.359036058187483 11.553425073623655 23.740113645792007 12.507657364010813 296.79789593070745 13.424772843718527 7.718231298029421 18.253359705209732 17.902891874313354 33.940547443926334 212.36080011725426 10.996609240770338 20.391306184232235 16.34063409268856 77.976249352097511 7.5370153039693832 19.88904182612896 9.825412295758726 16.655731216073036 13.722786054015158 8.1485215127468091 31.380741909146309
leaf_count=24250 38547 215 60 77568 122 452 372 266 60 57 184 72 2839 60 59 76 84 268 1834 49 150 101 655 41 103 66 121 66 49 218
internal_value=0.000101257 -0.0234302 -0.0525315 -0.0536111 -0.0539755 -0.0162148 0.0167316 -0.0544175 -0.0202286 -0.0548061 -0.00827145 -0.011072 -0.0549698 -0.046126 -0.0329044 0.0118428 -0.00765083 -0.0478076 -0.0554707 -0.0367868 -0.0502125 -0.0472837 -0.039242 0.00979272 -0.02956 -0.0490874 -0.031505 0.0525011 -0.0367122 -0.0424361
internal_weight=17135.5 12142.2 8932.6 8795.73 8767.01 101.871 136.873 8665.14 97.9771 8567.16 84.8107 32.2096 8534.95 462.42 83.6181 50.0739 31.8206 448.995 8072.53 34.7367 395.165 255.183 98.3676 15.2552 53.8296 238.842 26.4811 37.2879 20.6562 68.3629
internal_count=149064 110517 86267 85442 85227 640 825 84587 644 83943 453 178 83765 4075 584 220 144 4015 79690 233 3644 2122 805 100 371 2021 187 188 121 484
is_linear=0
shrinkage=0.05


Tree=28
num_leaves=31
num_cat=0
split_feature=2 4 21 8 8 8 1 0 7 21 4 0 1 0 1 0 1 0 1 0 1 0 1 0 0 1 0 1 0 1
split_gain=8741.37 1054.27 958.645 251.717 119.746 106.064 104.079 91.6608 59.9477 46.2224 43.2344 41.6372 50.763 38.1934 34.743 81.1586 41.4484 71.8645 37.0118 102.118 39.8094 99.7495 36.9386 89.8522 30.7489 414.693 95.8212 393.088 86.1747 386.489
threshold=1.0000000180025095e-35 1.0000000180025095e-35 1.0000000180025095e-35 1.5000000000000002 2.5000000000000004 2.5000000000000004 24.500000000000004 17.500000000000004 1.0000000180025095e-35 1.0000000180025095e-35 4.5000000000000009 32.500000000000007 25.500000000000004 33.500000000000007 17.500000000000004 25.500000000000004 18.500000000000004 26.500000000000004 19.500000000000004 27.500000000000004 20.500000000000004 28.500000000000004 21.500000000000004 29.500000000000004 25.500000000000004 17.500000000000004 24.500000000000004 16.500000000000004 23.500000000000004 15.500000000000002
decision_type=2 2 2 2 2 2 2 2 2 2 2 2 2 2 2 2 2 2 2 2 2 2 2 2 2 2 2 2 2 2
left_child=1 2 3 -1 9 7 14 -5 24 10 -3 -8 -13 -14 -7 -16 -17 -18 -19 -20 -21 -22 -23 -24 25 26 27 28 29 -9
right_child=-2 4 -4 5 -6 6 11 8 -10 -11 -12 12 13 -15 15 16 17 18 19 20 21 22 23 -25 -26 -27 -28 -29 -30 -31
leaf_value=0.056248335887694748 0.056907515637774235 0.0017080695056661166 0.041076144532632135 0.035472627681043478 0.047814639071806636 -0.038629725608970621 0.055411289287964016 -0.037029233593466507 -0.021225295633211148 0.055171553562538792 0.047421657402470702 -0.049841800786620941 0.055389945772854034 -0.0026136343428837571 0.055849845577488878 -0.055534132516057245 0.05567879656015369 -0.053008125789543253 0.05614070688304057 -0.05429933761181395 0.056093551134719727 -0.05531718956078209 0.055759618216109613 -0.027720525694507822 -0.038674056269039081 0.056388510813093873 -0.055729407138003222 0.056362830467930419 -0.055079331105704982 0.056350177343930247
leaf_weight=80.915121875703335 4773.6981464624405 441.82987551391125 480.59355375915766 46.235467493534088 399.25484343618155 478.71543437242508 30.244564980268478 1882.8049535751343 771.30764503777027 54.539763629436493 57.593120031058788 52.741119034588337 29.86342665553093 351.96171905845404 31.56876528263092 95.561836250126362 28.751549512147903 92.791419595479965 40.979028910398483 94.020776830613613 39.768914312124252 84.201927445828915 35.543938189744949 275.62918876856565 4341.7336205765605 126.12292738258839 505.61092275381088 119.47214885056019 485.56851345300674 116.86320340633392
leaf_count=651 38472 3510 3728 381 3156 4685 236 18695 6961 413 436 534 233 2830 237 976 216 946 311 958 302 858 275 2642 43194 1026 5286 972 5073 951
internal_value=-8.65624e-05 -0.0233977 -0.0278788 -0.0311191 0.0269721 -0.0318205 -0.0206482 -0.034163 -0.0345528 0.0118912 0.00706396 -0.000344006 -0.00434272 0.0020558 -0.0279159 -0.0216126 -0.0247858 -0.0204636 -0.0238448 -0.019014 -0.024929 -0.018473 -0.0260959 -0.0180369 -0.0359063 -0.0321824 -0.0357909 -0.0319007 -0.0361647 -0.0315466
internal_weight=16446.5 11672.8 10719.6 10239 953.218 10158.1 1762.34 8395.72 8349.48 553.963 499.423 464.811 434.566 381.825 1297.53 818.817 787.249 691.687 662.935 570.144 529.165 435.144 395.375 311.173 7578.18 3236.44 3110.32 2604.71 2485.24 1999.67
internal_count=149144 110672 103157 99429 7515 98778 16239 82539 82158 4359 3946 3833 3597 3063 12406 7721 7484 6508 6292 5346 5035 4077 3775 2917 75197 32003 30977 25691 24719 19646
is_linear=0
shrinkage=0.05


Tree=29
num_leaves=31
num_cat=0
split_feature=2 4 21 20 8 20 8 1 0 8 20 4 21 1 7 0 1 0 1 0 1 0 1 0 1 1 0 1 0 1
split_gain=8160.56 976.766 887.636 278.632 217.868 117.694 112.65 81.2947 80.1297 60.561 404.198 43.1848 42.1071 39.5445 32.0284 28.8545 369.477 92.176 339.179 81.2363 333.153 78.7239 340.613 64.2206 270.799 62.4235 345.75 57.7935 327.926 53.5314
threshold=1.0000000180025095e-35 1.0000000180025095e-35 1.0000000180025095e-35 3.5000000000000004 1.5000000000000002 3.5000000000000004 2.5000000000000004 32.500000000000007 17.500000000000004 2.5000000000000004 2.5000000000000004 4.5000000000000009 1.0000000180025095e-35 21.500000000000004 1.0000000180025095e-35 25.500000000000004 17.500000000000004 24.500000000000004 16.500000000000004 23.500000000000004 15.500000000000002 22.500000000000004 14.500000000000002 21.500000000000004 13.500000000000002 18.500000000000004 26.500000000000004 19.500000000000004 27.500000000000004 20.500000000000004
decision_type=2 2 2 2 2 2 2 2 2 2 2 2 2 2 2 2 2 2 2 2 2 2 2 2 2 2 2 2 2 2
left_child=1 2 3 4 -1 -4 11 8 -6 14 -11 12 -3 -12 15 16 17 18 19 20 21 22 23 24 -10 -17 -27 -28 -29 -30
right_child=-2 6 5 -5 7 -7 -8 -9 9 10 13 -13 -14 -15 -16 25 -18 -19 -20 -21 -22 -23 -24 -25 -26 26 27 28 29 -31
leaf_value=0.055742287623022281 0.056524263144838022 0.0015545271429250472 0.054621645399043878 0.027663579802049934 0.033136860688816293 -0.0038170081829955863 0.046533986275089124 0.0002356806886670432 -0.038626306272594876 -0.037909199178705999 0.0039305282675152339 0.048279056950526839 0.052785573093662046 0.036706064170696807 -0.024507897279331933 -0.055195883077722024 0.055947189357149055 -0.055509288408319792 0.05590730117572406 -0.054540497463943162 0.055899151757710742 -0.05553381230209125 0.056523833649611291 -0.056146625481804616 0.05637369481682776 0.056498266144932509 -0.055010816316216807 0.05646501085367607 -0.055140871469539714 -0.036254776740675447
leaf_weight=70.376547679305077 4558.894456282258 442.90808195620775 352.14010719209909 203.28244919329882 45.295793831348419 113.79603742808104 391.09855514019728 191.56179038435221 898.23797436058521 1222.3739433884621 170.35480329394341 68.787995271384716 43.1092339605093 199.84380410611629 701.42962979525328 497.4550254419446 113.90908889472485 482.01083754748106 105.22264194488525 452.79583275318146 103.58094330132008 399.88821399211884 103.65639558434486 335.51834083348513 80.965089708566666 96.968250274658203 478.42067766189575 91.666132092475891 446.53130272775888 2495.2460955902934
leaf_count=593 38371 3518 2846 1711 380 853 3183 1277 9021 12172 1513 538 336 1652 6604 5359 970 5262 896 4938 882 4304 822 3613 642 768 5153 726 4810 25060
internal_value=-6.7809e-06 -0.0226198 -0.0270231 -0.0301712 -0.0313756 0.0403715 0.0260149 -0.0320125 -0.0326613 -0.0329792 -0.0240538 0.0114927 0.00619772 0.0216749 -0.034779 -0.0357786 -0.0320801 -0.0354832 -0.03157 -0.0354681 -0.0309485 -0.0359239 -0.03036 -0.037248 -0.0307218 -0.0385404 -0.0362299 -0.0388057 -0.0362326 -0.0391393
internal_weight=15957.3 11398.4 10452.5 9986.59 9783.31 465.936 945.904 9712.93 9521.37 9476.08 1592.57 554.805 486.017 370.199 7883.5 7182.07 3075.79 2961.88 2479.87 2374.64 1921.85 1818.27 1418.38 1314.72 979.203 4106.29 3608.83 3511.86 3033.44 2941.78
internal_count=148773 110402 102827 99128 97417 3699 7575 96824 95547 95167 15337 4392 3854 3165 79830 73226 31350 30380 25118 24222 19284 18402 14098 13276 9663 41876 36517 35749 30596 29870
is_linear=0
shrinkage=0.05


Tree=30
num_leaves=31
num_cat=0
split_feature=2 22 0 8 4 21 20 4 17 7 20 4 0 17 7 20 8 8 20 0 7 4 0 0 0 0 17 20 20 17
split_gain=7681.3 10300.9 237.111 121.662 48.1287 40.6153 82.3211 36.0865 28.4988 21.8167 17.5327 17.154 13.8051 13.6386 12.1112 11.0039 7.72498 5.8673 5.54997 5.5447 5.36568 3.44307 3.8624 2.86582 2.74687 2.513 1.68186 1.11346 0.95868 0.89607
threshold=1.0000000180025095e-35 1.0000000180025095e-35 42.500000000000007 1.5000000000000002 1.0000000180025095e-35 1.0000000180025095e-35 3.5000000000000004 3.5000000000000004 0.1082709215239336 1.5000000000000002 2.5000000000000004 1.0000000180025095e-35 35.500000000000007 0.093933823529411778 1.0000000180025095e-35 2.5000000000000004 2.5000000000000004 2.5000000000000004 2.5000000000000004 35.500000000000007 1.0000000180025095e-35 1.0000000180025095e-35 29.500000000000004 38.500000000000007 40.500000000000007 32.500000000000007 0.23368794326241138 2.5000000000000004 3.5000000000000004 0.070505385252692634
decision_type=2 2 2 2 2 2 2 2 2 2 2 2 2 2 2 2 2 2 2 2 2 2 2 2 2 2 2 2 2 2
left_child=1 -1 3 -3 10 7 19 9 -9 12 13 18 21 -4 16 -10 -14 -15 25 29 -12 28 -23 -16 -18 -11 -17 -24 -5 -7
right_child=-2 2 4 5 -6 6 -8 8 15 11 20 -13 14 17 23 26 24 -19 -20 -21 -22 22 27 -25 -26 -27 -28 -29 -30 -31
leaf_value=0.056999033950891065 0.05616459999421089 0.054444255516115862 -0.026132653668725681 -0.054585443184206384 0.055590873809979069 0.0094415824252553401 -0.054874360178397114 0.065113899234075179 0.0019830917271994805 -0.040834200442609409 -0.047361777294175865 0.040178835778580724 -0.052377983980681712 0.056587955814139883 -0.031209510214188354 -0.032874928818432438 -0.038927475811311604 0.013035792464372756 -0.045808090000064458 0.062912604157887617 -0.0054599880888228603 -0.050416412587405118 -0.017095112812061605 -0.0075329301873589593 -0.014926822844158317 -0.0099772507144154088 -0.062784073758820072 -0.037428666259229311 -0.044919779747503961 0.030210582127757814
leaf_weight=3007.3585664406419 4378.1865870952606 25.782619751989841 15.209408015012739 6980.5639345422387 46.681018993258476 10.284175470471384 64.02217024564743 8.8978266566991788 17.917270615696907 8.4667159020900709 23.171091385185719 7.4755912721157065 276.91761859506369 11.805441394448279 33.533212020993233 14.887767255306246 84.667994156479836 21.661039888858795 49.302856236696243 13.398319050669668 11.589949101209639 196.18233556300402 12.447797283530234 21.565594166517258 15.831288680434225 25.21005629748106 12.150126323103903 27.048675000667572 56.934788890182972 13.023339122533796
leaf_count=24227 38499 217 72 76921 370 53 452 41 99 72 187 31 2884 48 272 91 742 94 373 70 52 1740 83 112 102 166 80 203 544 64
internal_value=7.77783e-05 -0.0220198 -0.0513373 -0.0524295 0.0155093 -0.0527829 -0.020958 -0.0531886 -0.0121402 -0.0534705 -0.00730822 -0.0285583 -0.0537592 0.0120067 -0.0447287 -0.028515 -0.0479441 0.0295951 -0.0351555 0.0380851 -0.0339343 -0.05429 -0.04741 -0.022242 -0.0353311 -0.0186889 -0.0480752 -0.0316007 -0.0545136 0.0218119
internal_weight=15492.2 11114 8106.63 7976.51 130.118 7950.73 100.728 7850 53.853 7796.15 83.4369 90.4552 7705.69 48.6759 432.516 44.9552 377.417 33.4665 82.9796 36.7058 34.761 7273.18 235.679 55.0988 100.499 33.6768 27.0379 39.4965 7037.5 23.3075
internal_count=148961 110462 86235 85412 823 85195 639 84556 311 84245 453 642 83603 214 4112 270 3728 142 611 187 239 79491 2026 384 844 238 171 286 77465 117
is_linear=0
shrinkage=0.05


Tree=31
num_leaves=31
num_cat=0
split_feature=2 22 0 8 0 4 7 4 17 21 20 21 17 0 7 20 10 8 17 20 4 10 5 17 7 10 0 0 7 10
split_gain=7259.84 9710.16 213.712 121.679 60.0833 42.0407 27.3671 27.3334 16.0661 16.0581 43.6155 14.186 11.9881 10.7515 10.6081 9.41039 8.47082 7.63799 6.02627 5.51473 4.16954 6.78802 2.78599 2.60164 1.93725 1.89338 1.77999 1.58751 2.76517 1.94425
threshold=1.0000000180025095e-35 1.0000000180025095e-35 47.500000000000007 1.5000000000000002 36.500000000000007 1.0000000180025095e-35 1.0000000180025095e-35 3.5000000000000004 0.11451990632318503 1.0000000180025095e-35 3.5000000000000004 1.0000000180025095e-35 0.07634032634032635 52.500000000000007 1.5000000000000002 2.5000000000000004 4.0252000000000008 2.5000000000000004 0.1856158484065461 2.5000000000000004 1.0000000180025095e-35 4.1069500000000012 0.031373031496062999 0.18942218080149117 1.0000000180025095e-35 4.1472000000000007 40.500000000000007 32.500000000000007 1.0000000180025095e-35 4.2391500000000013
decision_type=2 2 2 2 2 2 2 2 2 2 2 2 2 2 2 2 2 2 2 2 2 2 2 2 2 2 2 2 2 2
left_child=1 -1 3 -3 7 6 17 9 -9 14 -11 12 -8 -4 20 -10 -14 -6 -19 -16 27 22 -22 -17 -7 -21 -18 -5 -29 -30
right_child=-2 2 13 4 5 24 11 8 15 10 -12 -13 16 -15 19 23 26 18 -20 25 21 -23 -24 -25 -26 -27 -28 28 29 -31
leaf_value=0.056607016486343066 0.055826695439754284 0.054197945852922903 0.010497971801642121 -0.054305430384184263 -0.050854701270028273 0.014801104668967783 -0.047444250640116682 0.043614114657256474 0.004236329053400989 0.023773097902859794 -0.054131673600568121 0.038098168965300536 0.028613464646117227 0.054249849689862878 -0.0093885118937846092 -0.02152424233057449 -0.025682902914810186 -0.038058660878019492 -0.0026563171147371421 -0.050052955175788817 -0.017357860609520086 -0.021822318543060756 -0.050630508121180057 -0.057569021484303179 0.044608869291151411 -0.018771492762801462 -0.0073225931463703669 -0.052230912586059497 -0.042585302277150246 -0.0081471156964489626
leaf_weight=2877.1663618087769 4183.4665229916573 26.31449518352747 21.658559337258339 6128.5610803961754 198.35347836464643 12.497833982110025 29.333292335271835 8.5327062457799894 14.09933580458164 24.987259760499001 58.872430086135864 10.265412688255308 11.237713620066641 42.141925260424614 20.596749007701874 9.4335647970438021 29.20135023444891 74.575951136648655 14.480583839118479 23.866847500205044 7.8679632917046538 27.481648795306683 197.85679430514574 16.711017169058323 11.303925417363642 8.1063471361994726 25.397459030151367 662.88035874068737 71.316681057214737 4.9103461503982535
leaf_count=24215 38446 230 109 70564 2105 60 193 41 79 123 439 58 57 339 157 57 194 575 97 206 53 185 1820 112 54 55 114 7397 748 50
internal_value=8.84899e-06 -0.0218792 -0.0508604 -0.0516137 -0.0519822 -0.0333669 -0.0372843 -0.053042 -0.0153577 -0.0532938 -0.0309122 -0.0153027 -0.021399 0.0397885 -0.0535518 -0.0286155 -0.0092583 -0.0452672 -0.0323957 -0.0302102 -0.0537203 -0.0462997 -0.0494481 -0.0458353 0.0301852 -0.0429318 -0.0174276 -0.0539655 -0.0510775 -0.0405011
internal_weight=14853.5 10670 7792.84 7729.04 7702.73 416.647 392.845 7286.08 48.7766 7237.3 83.8597 105.435 95.1698 63.8005 7153.44 40.2439 65.8365 287.41 89.0565 52.5699 7100.87 233.206 205.725 26.1446 23.8018 31.9732 54.5988 6867.67 739.107 76.227
internal_count=148932 110486 86271 85823 85593 3507 3393 82086 289 81797 562 616 558 448 81235 248 365 2777 672 418 80817 2058 1873 169 114 261 308 78759 8195 798
is_linear=0
shrinkage=0.05


Tree=32
num_leaves=31
num_cat=0
split_feature=2 22 0 8 4 21 20 7 4 4 20 17 17 0 8 4 17 7 10 7 8 8 10 7 10 20 10 10 17 20
split_gain=6850.49 9168.75 204.997 109.489 48.0393 45.0989 82.9966 37.892 27.7458 19.8593 15.4608 15.2716 14.5705 14.3764 14.0316 12.5412 10.4298 8.10115 7.89115 6.15083 6.09206 5.08057 4.52614 3.79173 3.48791 2.50717 2.04758 2.18398 2.00657 2.95585
threshold=1.0000000180025095e-35 1.0000000180025095e-35 42.500000000000007 1.5000000000000002 1.0000000180025095e-35 1.0000000180025095e-35 3.5000000000000004 1.5000000000000002 1.0000000180025095e-35 2.5000000000000004 2.5000000000000004 0.093933823529411778 0.093933823529411778 35.500000000000007 2.5000000000000004 1.0000000180025095e-35 0.17165178571428574 1.0000000180025095e-35 4.0005000000000015 1.0000000180025095e-35 2.5000000000000004 2.5000000000000004 3.9524000000000004 1.0000000180025095e-35 4.0324000000000009 3.5000000000000004 4.1648000000000005 4.2090500000000004 0.093933823529411778 2.5000000000000004
decision_type=2 2 2 2 2 2 2 2 2 2 2 2 2 2 2 2 2 2 2 2 2 2 2 2 2 2 2 2 2 2
left_child=1 -1 3 -3 10 7 23 9 16 13 12 -11 -4 25 -13 17 28 21 -16 -12 -14 -15 -23 -7 -19 -5 -26 -28 -9 -30
right_child=-2 2 4 5 -6 6 -8 8 -10 11 19 14 20 15 18 -17 -18 24 -20 -21 -22 22 -24 -25 26 -27 27 -29 29 -31
leaf_value=0.056246064331835391 0.055509082840279202 0.053635079718278904 -0.03164364534014303 -0.053554207291566458 0.054699576176944181 0.025983912273088262 -0.053916805791409776 -0.048409371240115767 0.045577204799304494 0.016058362015931558 -0.049884410593863684 -0.048149599882935171 0.051789036071122653 -0.051291158940036378 -0.032861594301236266 0.015842691096495717 0.0050985413932604449 -0.0024396812668596658 0.032425651703721407 -0.0045974936633979375 0.0088950828239876528 -0.013519316969622171 -0.042042240978557945 0.060508773505784631 -0.041375206650986575 -0.040801111720246544 0.0046900379796617538 -0.033219893690358264 -0.0033349997852315468 -0.038124537986680619
leaf_weight=2764.1318927705288 4005.7991896271706 23.988749414682388 15.047700300812719 6603.5499164536595 43.379433743655682 22.410117909312248 58.751878969371319 35.334105297923088 12.827784016728399 14.879496909677981 22.378268167376518 66.541556902229786 12.844166919589041 250.6310628131032 7.4899882823228863 8.2999885529279691 15.749895878136156 12.855656303465365 9.1845196783542615 11.359695650637148 21.902853742241859 18.683894440531731 72.356421865522861 14.45973266661167 24.188448578119278 55.584601722657681 6.7393094971775991 7.1082087382674217 8.6394771263003367 21.647852174937725
leaf_count=24293 38486 220 73 78692 372 112 439 281 55 99 192 511 54 2846 55 37 111 90 50 51 96 148 670 75 181 570 49 56 60 170
internal_value=6.36385e-05 -0.0215809 -0.0502724 -0.0513571 0.0126446 -0.0517071 -0.0173656 -0.0521574 -0.0203664 -0.0525729 -0.00958379 -0.0297274 0.00812862 -0.0528861 -0.0380076 -0.043344 -0.0311892 -0.0446324 0.00289938 -0.0352074 0.025756 -0.0474409 -0.0363991 0.0407642 -0.0252264 -0.0534539 -0.0326682 -0.0156966 -0.0398445 -0.0286246
internal_weight=14268.7 10262.9 7498.81 7371.9 126.912 7347.91 95.6217 7252.29 94.1991 7158.09 83.5327 98.0956 49.7947 7060 83.2161 400.863 81.3713 392.563 16.6745 33.738 34.747 341.671 91.0403 36.8699 50.8916 6659.13 38.036 13.8475 65.6214 30.2873
internal_count=149194 110708 86415 85577 838 85357 626 84731 677 84054 466 715 223 83339 616 4077 622 4040 105 243 150 3664 818 187 376 79262 286 105 511 230
is_linear=0
shrinkage=0.05


Tree=33
num_leaves=31
num_cat=0
split_feature=2 22 0 8 4 4 0 21 20 0 20 17 10 7 7 20 10 5 0 7 8 5 10 7 10 20 8 0 20 10
split_gain=6478.8 8619.6 204.622 102.612 44.9419 44.4184 35.8435 31.4696 62.4045 15.7625 13.7427 11.6442 11.3922 10.5744 10.2915 10.1369 8.05216 6.2136 5.73512 5.69924 5.69556 4.57164 3.74114 3.23714 3.01781 2.16473 1.82602 1.80984 2.05889 1.70461
threshold=1.0000000180025095e-35 1.0000000180025095e-35 42.500000000000007 1.5000000000000002 1.0000000180025095e-35 1.0000000180025095e-35 33.500000000000007 1.0000000180025095e-35 3.5000000000000004 36.500000000000007 2.5000000000000004 0.091507177033492829 4.0151500000000011 1.0000000180025095e-35 1.0000000180025095e-35 2.5000000000000004 3.8275000000000001 0.15376049340414599 35.500000000000007 1.0000000180025095e-35 2.5000000000000004 0.17311854811854813 3.8693500000000003 1.5000000000000002 4.2326500000000005 2.5000000000000004 2.5000000000000004 33.500000000000007 2.5000000000000004 4.1891500000000006
decision_type=2 2 2 2 2 2 2 2 2 2 2 2 2 2 2 2 2 2 2 2 2 2 2 2 2 2 2 2 2 2
left_child=1 -1 3 -3 7 10 12 9 18 23 11 -4 21 16 17 -8 -11 26 22 -12 -13 -6 -9 27 29 -25 -14 -5 -29 -15
right_child=-2 2 5 4 6 -7 15 8 -10 13 19 20 14 24 -16 -17 -18 -19 -20 -21 -22 -23 -24 25 -26 -27 -28 28 -30 -31
leaf_value=0.055902252714947337 0.05521031837973614 0.053242021533323983 -0.027109994821234107 -0.053410989135603076 -0.046789889040179861 0.05430229149017355 0.04562212138482892 0.034113142088368381 -0.053707753128356531 0.0011872408656950256 -0.046747262335430279 0.049728420682082032 -0.039079197044849467 -0.02160731525619701 0.023508088219509202 -0.0083712966806181541 -0.047844527088025418 0.017430245902964277 0.059865773038883047 -0.0033663117683417386 0.008387557886594248 -0.01892253087501751 -0.0064904736627215687 -0.022126995644112708 -0.049157780217730249 -0.046615818419838057 -0.01329021575906492 -0.042117841766415073 -0.051524095570251983 0.0025774048158687529
leaf_weight=2635.9436469078064 3832.4286222830415 22.810875222086906 15.108555398881434 5876.0782459750772 174.79277114570141 42.346347950398922 14.986103653907774 11.423754617571833 56.300328426063061 8.6527970358729345 21.918478600680828 12.570466384291647 39.144728980958462 50.378565467894077 10.70818720012903 18.491134285926819 220.3672201782465 5.9692963361740103 11.205034479498861 11.551722146570681 22.925956785678864 18.101708069443703 9.9404813051223737 17.732301339507103 8.805026136338709 27.812671825289726 9.9305394589900953 114.49875088781118 327.58963536471128 8.2570575103163701
leaf_count=24212 38505 218 73 73571 1701 379 69 53 438 80 190 53 343 321 56 94 2401 36 65 52 101 92 51 149 69 250 75 1326 3935 50
internal_value=7.8301e-05 -0.0214275 -0.0497798 -0.0509082 -0.0512531 0.0131767 -0.0318568 -0.0520878 -0.0221877 -0.0524834 -0.00793197 0.00850335 -0.0381447 -0.0408391 -0.0197352 0.0164211 -0.0459949 -0.028417 0.0322756 -0.032307 0.0239892 -0.0442858 0.0157754 -0.0530194 -0.0229146 -0.0377617 -0.0342303 -0.0531234 -0.0491885 -0.0182155
internal_weight=13658.8 9826.34 7190.4 7063.98 7041.17 126.422 292.124 6749.04 88.8696 6660.17 84.0752 50.605 258.647 296.461 65.7528 33.4772 229.02 55.0446 32.5693 33.4702 35.4964 192.894 21.3642 6363.71 67.4406 45.545 49.0753 6318.17 442.088 58.6356
internal_count=149008 110503 86291 85443 85225 848 2466 82759 607 82152 469 227 2303 2921 510 163 2481 454 169 242 154 1793 104 79231 440 399 418 78832 5261 371
is_linear=0
shrinkage=0.05


Tree=34
num_leaves=31
num_cat=0
split_feature=9 22 0 8 4 4 7 21 20 0 0 7 20 8 17 5 20 0 7 10 8 10 7 10 20 0 20 0 17 0
split_gain=6117.14 8157.8 189.796 98.383 53.0628 36.1394 29.3428 26.1359 55.8722 16.722 15.561 13.7568 12.1083 11.8302 9.75804 8.77277 8.62309 6.68079 5.68317 5.22754 4.143 5.01389 2.91454 2.75137 2.55254 4.06211 2.44216 2.43299 1.8165 1.774
threshold=2.5000000000000004 1.0000000180025095e-35 41.500000000000007 1.5000000000000002 1.0000000180025095e-35 1.0000000180025095e-35 1.5000000000000002 1.0000000180025095e-35 3.5000000000000004 33.500000000000007 35.500000000000007 1.0000000180025095e-35 2.5000000000000004 2.5000000000000004 0.15438786565547133 0.17311854811854813 2.5000000000000004 35.500000000000007 1.0000000180025095e-35 4.1063000000000009 2.5000000000000004 3.9524000000000004 1.5000000000000002 3.8667500000000001 2.5000000000000004 32.500000000000007 3.5000000000000004 38.500000000000007 0.11378020713463753 30.500000000000004
decision_type=2 2 2 2 2 2 2 2 2 2 2 2 2 2 2 2 2 2 2 2 2 2 2 2 2 2 2 2 2 2
left_child=1 -1 3 -3 12 7 9 10 17 15 22 20 13 -4 28 19 -11 23 -14 29 -12 -22 26 -9 25 -24 -5 -13 -15 -7
right_child=-2 2 4 5 -6 6 -8 8 -10 16 11 27 18 14 -16 -17 -18 -19 -20 -21 21 -23 24 -25 -26 -27 -28 -29 -30 -31
leaf_value=0.055582728822647177 0.054929072269386515 0.052889062765544337 0.030987881423348275 -0.052916520736702111 0.051273892466485699 -0.047503329231443403 0.043405189195277451 0.027158759237933663 -0.054545126431453532 0.03614946291587573 -0.050392632373735403 -0.029630445670207631 -0.044111847787864721 -0.042861357644342728 0.022449116159221884 -0.0075894203978222044 -0.021505458017113808 0.059305827989424867 -0.0071622058158449138 -0.021716338351227528 -0.012131241716337058 -0.042692008837434493 -0.043896282115130525 -0.0080671167938827174 -0.046839759695530857 0.0060728902853896477 -0.039752134799570522 -0.010881774626538138 -0.014825537297293419 -0.025431130027833367
leaf_weight=2529.4634892642498 3658.863198235631 22.130733624100685 21.2649876922369 5898.497499845922 44.603901140391827 182.08169758319855 11.209576696157454 11.041278809309011 52.932709723711014 10.142638653516769 226.01510663330555 46.968910932540894 30.795427523553371 14.40712906420231 11.426871985197065 19.260347336530685 14.527978256344795 10.595917522907255 16.132191196084023 27.73786898702383 18.378874853253365 61.330409899353981 6.9867176339030248 9.6060919612646085 24.464092873036861 7.855523444712162 50.770993366837502 29.748374313116074 11.754127025604246 13.512366726994513
leaf_count=24281 38454 221 94 76995 397 1840 48 51 427 47 2777 399 297 78 52 97 80 62 76 205 152 621 64 50 229 63 560 179 58 112
internal_value=5.80947e-05 -0.0212228 -0.0493576 -0.0505942 0.00615974 -0.0509421 -0.0330805 -0.0517074 -0.0236287 -0.0364383 -0.0520746 -0.0419671 -0.0131653 0.00199588 -0.014784 -0.0404114 0.0026826 0.0288175 -0.0318242 -0.0431955 -0.046739 -0.0358831 -0.052713 0.0111545 -0.0369555 -0.0187353 -0.0528109 -0.0225939 -0.0312746 -0.0461156
internal_weight=13094.5 9435.64 6906.18 6755.8 150.385 6733.66 278.472 6455.19 84.176 267.263 6371.02 382.442 105.781 58.8531 37.5881 242.592 24.6706 31.2433 46.9276 223.332 305.724 79.7093 5988.57 20.6474 39.3063 14.8422 5949.27 76.7173 26.1613 195.594
internal_count=149066 110612 86331 85279 1052 85058 2429 82629 590 2381 82039 4128 655 282 188 2254 127 163 373 2157 3550 773 77911 101 356 127 77555 578 136 1952
is_linear=0
shrinkage=0.05


Tree=35
num_leaves=31
num_cat=0
split_feature=2 22 0 12 5 0 21 20 4 0 7 7 20 20 5 17 12 17 10 10 10 0 10 17 10 10 12 7 0 0
split_gain=5818.54 7719.46 177.12 93.782 44.028 35.7985 28.6548 52.5142 25.0913 18.8218 15.6152 14.7472 11.546 9.59156 9.42086 10.8712 6.71119 6.32338 5.70198 4.77971 4.48842 4.05943 3.99065 3.19058 3.00809 2.98512 2.84699 1.98211 3.86418 1.78802
threshold=1.0000000180025095e-35 1.0000000180025095e-35 44.500000000000007 1.0000000180025095e-35 0.022857889237199586 33.500000000000007 1.0000000180025095e-35 3.5000000000000004 1.0000000180025095e-35 35.500000000000007 1.5000000000000002 1.0000000180025095e-35 2.5000000000000004 2.5000000000000004 0.15376049340414599 0.17274535809018571 1.5000000000000002 0.14670014347202298 3.8275000000000001 3.9277500000000005 3.8844000000000003 47.500000000000007 4.1716000000000006 0.11970149253731345 4.2524500000000005 3.8731500000000003 1.5000000000000002 1.0000000180025095e-35 33.500000000000007 39.500000000000007
decision_type=2 2 2 2 2 2 2 2 2 2 2 2 2 2 2 2 2 2 2 2 2 2 2 2 2 2 2 2 2 2
left_child=1 -1 3 -3 6 10 9 16 13 27 14 18 -7 17 22 -16 25 -4 -11 -13 -17 -15 -6 -14 29 -8 -20 -5 -29 -21
right_child=-2 2 8 4 5 12 7 -9 -10 11 -12 19 23 21 15 20 -18 -19 26 24 -22 -23 -24 -25 -26 -27 -28 28 -30 -31
leaf_value=0.055277552657751652 0.05466423536382034 0.052605859995595777 -0.0009201956028576521 -0.052716035115414964 -0.044831315474334749 0.044609783993144421 0.02691098316976287 -0.052728804824368182 0.053908655364271835 -0.012860744762084665 0.041781777900803285 0.012052523433325907 0.010023187295865762 -0.049661223650452203 0.030396892906105255 -0.052462594243573982 0.059202489658536986 0.043645910551301598 -0.050895326737085335 -0.029050417248965461 -0.0030163878580420937 -0.0036388161236633925 -0.013530989648974052 -0.029231593962392829 -0.052917671202799499 -0.0086330243009730256 -0.038744167010002641 -0.050045116426719119 -0.033087656777718043 -0.012762794795931823
leaf_weight=2416.7971778288484 3504.2261348292232 21.423819489777088 21.501728892326355 5312.6308114230633 198.52678414434195 16.773311242461205 12.060832515358927 51.81655602902174 34.844378776848316 13.207542359828947 5.278508022427558 8.1469755098223668 9.0674962848424929 9.4586425349116343 9.291450537741186 10.904591433703901 10.204174399375914 11.600141808390616 221.9128178730607 46.991179965436459 7.6780402660369864 9.15703536570072 11.851627640426157 9.9746872484683973 9.390256389975546 10.096931770443915 87.780037388205528 386.12885965406895 45.733113400638103 29.938392326235771
leaf_count=24266 38535 222 97 72489 2031 81 55 433 350 139 23 53 44 86 47 69 63 49 2836 390 50 42 83 57 72 52 833 5006 511 152
internal_value=-2.9649e-05 -0.0212108 -0.0490827 -0.0500225 -0.0503675 -0.0307532 -0.0512396 -0.0219065 0.0217585 -0.0516367 -0.0376006 -0.0411033 0.0155631 -0.000514248 -0.0395266 -0.0117023 0.0275462 0.0155193 -0.0462107 -0.0233443 -0.0332296 -0.0283624 -0.0431404 -0.0109718 -0.0267849 0.0110408 -0.047587 -0.0523948 -0.04833 -0.0229569
internal_weight=12554.4 9050.17 6633.37 6546.81 6525.38 279.346 6246.04 84.1785 86.5619 6161.86 243.531 417.367 35.8155 51.7175 238.252 27.8741 32.3619 33.1019 322.9 94.4668 18.5826 18.6157 210.378 19.0422 86.3198 22.1578 309.693 5744.49 431.862 76.9296
internal_count=149216 110681 86415 85791 85569 2485 83084 603 624 82481 2303 4475 182 274 2280 166 170 146 3808 667 119 128 2114 101 614 107 3669 78006 5517 542
is_linear=0
shrinkage=0.05


Tree=36
num_leaves=31
num_cat=0
split_feature=2 22 0 8 21 20 7 4 4 5 0 17 20 17 8 17 7 4 5 8 7 0 8 20 0 10 7 0 10 10
split_gain=5482.52 7252.47 177.509 86.555 45.1969 62.155 37.721 37.1513 24.7075 19.9766 16.5975 11.6591 11.6022 9.06573 8.54956 8.46727 7.12158 6.84112 13.9423 5.25222 4.70755 4.46262 7.442 6.38243 4.18263 3.79177 3.77854 2.37254 2.20615 2.15927
threshold=1.0000000180025095e-35 1.0000000180025095e-35 42.500000000000007 1.5000000000000002 1.0000000180025095e-35 3.5000000000000004 1.5000000000000002 1.0000000180025095e-35 1.0000000180025095e-35 0.15376049340414599 38.500000000000007 0.17274535809018571 2.5000000000000004 0.15849282296650721 2.5000000000000004 0.17165178571428574 1.0000000180025095e-35 1.0000000180025095e-35 0.029520697167755995 2.5000000000000004 1.0000000180025095e-35 33.500000000000007 2.5000000000000004 2.5000000000000004 33.500000000000007 4.2524500000000005 1.0000000180025095e-35 34.500000000000007 3.8936000000000006 3.8844000000000003
decision_type=2 2 2 2 2 2 2 2 2 2 2 2 2 2 2 2 2 2 2 2 2 2 2 2 2 2 2 2 2 2
left_child=1 -1 3 -3 6 24 9 12 15 10 17 -11 13 14 -4 -8 19 21 -19 -12 -14 -5 26 -24 28 -20 -23 -17 -6 -13
right_child=-2 2 7 4 5 -7 8 -9 -10 11 16 29 20 -15 -16 27 -18 18 25 -21 -22 22 23 -25 -26 -27 -28 -29 -30 -31
leaf_value=0.054992516997233211 0.054414611753615609 0.052166191605440053 0.023314999793954658 -0.052304198833789853 0.034193973515208795 -0.049134806430635503 -0.036956017722664977 0.05307679679387492 0.043792783468341513 0.027082577585210994 -0.046321565400096187 -0.04740335433121115 -0.04377471365228866 0.043982839690714967 -0.025187537194387807 -0.014167830089152001 -0.0051353031680230407 0.019839962599897374 -0.045704804706688175 -0.020816860148631947 -0.0034193869253911109 -0.052028730915901523 -0.039090136881579488 -0.00096470943518954782 0.059084374643591578 -0.0024540506546340008 -0.035226217791738547 0.02435163649259494 0.0039807660172527758 -0.012018769808944936
leaf_weight=2308.1254454925656 3344.8421831130981 20.072053641080856 14.96622648090124 5171.9753954783082 14.302651658654215 51.461753092706203 58.210674360394478 37.347343951463699 13.095471531152723 11.861258849501612 61.712437152862549 11.174370862543585 20.223849028348926 12.269000008702276 20.126684844493866 6.8930450901389104 20.866853110492229 8.2096891999244672 200.32513528317213 33.70006175339222 11.231694176793097 362.63974750041962 104.15683033317327 12.314135313034056 11.719020351767538 5.3181750625371924 46.946605376899242 7.1877457201480865 10.469685226678846 8.0384615808725339
leaf_count=24239 38496 218 66 73658 65 445 495 379 58 62 798 70 190 52 96 63 113 41 2085 281 51 4952 1247 123 70 34 518 43 54 53
internal_value=4.01198e-05 -0.0209244 -0.0484417 -0.0495795 -0.0499155 -0.0141343 -0.0504253 0.0127017 -0.017171 -0.050891 -0.0510973 -0.0105201 -0.00685516 0.00876168 -0.00442958 -0.0286614 -0.0318861 -0.0514698 -0.0420488 -0.0376226 -0.0299145 -0.0518159 -0.0469249 -0.0351018 0.0352191 -0.0446036 -0.0501933 0.00580591 0.0220747 -0.0339258
internal_weight=12021.8 8676.94 6368.82 6252.65 6232.58 87.9531 6144.63 116.165 85.3869 6059.24 6028.17 31.0741 78.8175 47.3619 35.0929 72.2915 116.279 5911.89 213.853 95.4125 31.4555 5698.03 526.057 116.471 36.4914 205.643 409.586 14.0808 24.7723 19.2128
internal_count=149115 110619 86380 85546 85328 634 84694 834 659 84035 83850 185 455 214 162 601 1192 82658 2160 1079 241 80498 6840 1370 189 2119 5470 106 119 123
is_linear=0
shrinkage=0.05


Tree=37
num_leaves=31
num_cat=0
split_feature=9 22 0 12 4 21 20 7 4 4 0 20 17 10 0 20 17 12 20 7 7 7 12 10 5 17 10 17 17 10
split_gain=5184.09 6858.56 171.156 80.9304 55.6739 40.26 55.4068 32.1114 17.2388 16.0036 15.6162 10.2979 14.3224 9.36964 8.2674 7.43111 13.9306 7.08688 6.85203 6.03546 5.66636 5.63204 5.09157 5.98037 4.34522 8.51918 3.73996 3.60545 3.07106 2.86583
threshold=2.5000000000000004 1.0000000180025095e-35 40.500000000000007 1.0000000180025095e-35 1.0000000180025095e-35 1.0000000180025095e-35 3.5000000000000004 1.5000000000000002 1.0000000180025095e-35 1.0000000180025095e-35 50.500000000000007 2.5000000000000004 0.18245838668373884 4.0815500000000009 34.500000000000007 2.5000000000000004 0.14760348583878 1.5000000000000002 2.5000000000000004 1.0000000180025095e-35 1.0000000180025095e-35 1.0000000180025095e-35 1.5000000000000002 4.0474000000000006 0.16021177058781519 0.1856158484065461 4.0271000000000008 0.11378020713463753 0.11970149253731345 3.8275000000000001
decision_type=2 2 2 2 2 2 2 2 2 2 2 2 2 2 2 2 2 2 2 2 2 2 2 2 2 2 2 2 2 2
left_child=1 -1 3 -3 10 7 21 8 14 15 11 12 17 24 -5 16 -9 -4 -15 -13 22 -7 -16 26 -10 -26 29 -19 -20 -24
right_child=-2 2 4 5 -6 6 -8 9 13 -11 -12 19 -14 18 20 -17 -18 27 28 -21 -22 -23 23 -25 25 -27 -28 -29 -30 -31
leaf_value=0.054723679868307888 0.054179235939849281 0.051772551306612194 0.0074742909422448314 -0.051868887388565203 0.050669225845971638 0.016622804964581361 -0.049011374986028027 -0.026830799965780385 -0.044715927202150729 0.038440387597732113 0.037976889622843145 -0.04689317153009176 0.045641200481076699 0.011814171701083807 -0.049969321441319117 -0.041151493917014503 0.051943908624682289 -0.047409026031953017 -0.0060538911092945236 -0.011056922903395756 -0.02784201626124146 0.058976076920756383 0.0066325308102708862 -0.047698743498733161 0.015733272954126489 -0.047353735835507171 0.015231914463084027 -0.013406427517118734 -0.038914004630948407 -0.03196913713979653
leaf_weight=2209.0291431620717 3190.6232135146856 18.915370441973209 18.369283087551594 5110.8572796806693 41.940134689211845 22.837059780955315 49.102205038070679 20.398082830011848 174.4587554037571 10.214482694864271 11.674834340810774 38.191558882594109 10.045928642153738 14.041754297912119 271.0250988304615 35.907192438840866 6.6191281080245963 15.739604428410528 10.711362376809118 17.862012058496475 52.841150864958763 12.020908005535601 5.2243159189820281 47.000380843877792 9.2208797186613101 10.606391794979571 5.4601360931992522 16.665810793638229 22.9350645840168 33.648132428526878
leaf_count=24272 38441 215 88 75884 408 112 441 177 1913 44 55 442 44 84 3815 338 45 96 74 90 514 72 50 560 47 65 61 90 180 371
internal_value=7.2739e-07 -0.0207712 -0.0480501 -0.0494666 0.00133652 -0.0497985 -0.0152003 -0.0502931 -0.0507113 -0.0170768 -0.0150255 -0.0205973 -0.00617145 -0.0372846 -0.0512924 -0.0265493 -0.0063661 -0.0171063 -0.0169364 -0.0358676 -0.0440883 0.0324659 -0.0463742 -0.0352804 -0.0421669 -0.0186677 -0.021353 -0.0308466 -0.0289296 -0.026745
internal_weight=11514.2 8323.56 6114.53 5944.05 170.489 5925.13 83.9602 5841.17 5768.03 73.1389 128.549 116.874 60.8206 241.974 5526.06 62.9244 27.0172 50.7747 47.6882 56.0536 415.199 34.858 362.358 91.333 194.286 19.8273 44.3326 32.4054 33.6464 38.8724
internal_count=149088 110647 86375 85062 1313 84847 625 84222 83618 604 905 850 318 2363 81255 560 222 274 338 532 5371 184 4857 1042 2025 112 482 186 254 421
is_linear=0
shrinkage=0.05


Tree=38
num_leaves=31
num_cat=0
split_feature=2 22 0 8 4 21 20 7 4 4 20 17 8 0 8 5 4 8 17 7 17 0 17 5 20 0 0 7 20 20
split_gain=4914.36 6461.66 162.43 78.6099 55.5214 37.1197 50.6386 31.3573 19.3998 16.7349 13.648 14.2099 13.9183 12.2739 12.1558 10.8209 10.7632 6.80778 6.65384 5.18915 4.90601 4.83097 4.78442 19.0728 7.4748 6.87349 3.89886 3.10293 2.46453 2.43412
threshold=1.0000000180025095e-35 1.0000000180025095e-35 40.500000000000007 1.5000000000000002 1.0000000180025095e-35 1.0000000180025095e-35 3.5000000000000004 1.5000000000000002 1.5000000000000002 1.0000000180025095e-35 2.5000000000000004 0.070505385252692634 2.5000000000000004 33.500000000000007 2.5000000000000004 0.025696049301199519 5.5000000000000009 2.5000000000000004 0.19859154929577469 1.0000000180025095e-35 0.15438786565547133 35.500000000000007 0.098746324098436783 0.14118503296515114 2.5000000000000004 30.500000000000004 36.500000000000007 1.0000000180025095e-35 2.5000000000000004 3.5000000000000004
decision_type=2 2 2 2 2 2 2 2 2 2 2 2 2 2 2 2 2 2 2 2 2 2 2 2 2 2 2 2 2 2
left_child=1 -1 3 -3 10 7 21 8 13 18 11 -4 -13 29 27 17 22 19 26 -15 -14 -7 23 -10 25 -24 -9 -12 -28 -5
right_child=-2 2 4 5 -6 6 -8 9 16 -11 14 12 20 15 -16 -17 -18 -19 -20 -21 -22 -23 24 -25 -26 -27 28 -29 -30 -31
leaf_value=0.054471397353181794 0.053957267507789279 0.051522013869717324 -0.050976432509951736 -0.051674488068152218 0.051093959936393013 0.016406932483014426 -0.048805392621608698 -0.042661920092844086 -0.035328102565232535 0.039940294906635448 -0.049221937754383327 0.040053235774874602 -0.022984026703220337 -0.049553549510653598 0.033089372364697167 0.012301145281879531 0.02909346394577865 -0.033599774351045469 0.016237049691984421 -0.031497149686643071 0.013530134176530449 0.057129823161751442 -0.032203856464491469 0.060265335719462777 -0.047877917317380669 0.019182259937906079 0.0046655786961213924 -0.021899465795820732 -0.029502988508575825 -0.037854003050284503
leaf_weight=2108.8247301802039 3056.6243958473206 18.632711157202721 10.62174693495035 4781.4889002814889 40.510072864592075 24.491649687290192 47.617597721517086 34.274860017001629 24.654108710587028 10.23333904147148 34.649202093482018 21.97463196516037 23.214368499815464 373.87686105072498 5.5392429977655402 8.1876096278429014 6.2446238845586768 128.55539654195309 7.3736601099371901 52.306099221110344 13.998428218066691 10.237484030425547 21.372007258236412 5.5945780947804442 76.214607141911983 8.4034330546855909 9.3351618424057961 18.327299222350121 10.469374902546406 45.212906077504158
leaf_count=24245 38560 221 64 74061 411 118 439 347 260 44 423 102 128 5525 26 41 30 1545 60 571 71 68 196 31 766 51 65 94 86 582
internal_value=5.57594e-05 -0.0205883 -0.047542 -0.0489721 0.0007859 -0.0493104 -0.0157483 -0.0498007 -0.0502272 -0.0166527 -0.0153678 -0.000364922 0.00941385 -0.0507135 -0.0329594 -0.0434374 -0.031607 -0.0442807 -0.0265654 -0.0474164 -0.00925378 0.0296743 -0.034581 -0.0162851 -0.0396014 -0.0175492 -0.0325903 -0.0403505 -0.013947 -0.0515529
internal_weight=11039.1 7982.44 5873.61 5704.78 168.835 5686.14 82.3467 5603.8 5532.11 71.6864 128.325 69.8092 59.1874 5389.63 58.5157 562.926 142.483 554.738 61.4531 426.183 37.2128 34.7291 136.239 30.2487 105.99 29.7754 54.0794 52.9765 19.8045 4826.7
internal_count=149231 110671 86426 85107 1319 84886 625 84261 83659 602 908 365 301 82325 543 7682 1334 7641 558 6096 199 186 1304 291 1013 247 498 517 151 74643
is_linear=0
shrinkage=0.05


Tree=39
num_leaves=31
num_cat=0
split_feature=2 22 0 8 4 4 21 20 7 0 4 0 7 17 20 4 17 0 10 10 7 7 17 10 7 0 20 8 10 17
split_gain=4621.8 6082.89 157.642 73.2973 50.4113 41.1154 27.1568 38.2111 23.9784 14.7495 12.2854 12.1311 9.24798 9.169 7.35851 5.74839 16.2463 5.66412 5.65763 5.5123 5.0341 9.18451 6.10432 4.29113 3.57163 3.47875 3.19012 3.16916 4.85989 2.58538
threshold=1.0000000180025095e-35 1.0000000180025095e-35 40.500000000000007 1.5000000000000002 1.0000000180025095e-35 1.0000000180025095e-35 1.0000000180025095e-35 3.5000000000000004 1.0000000180025095e-35 35.500000000000007 5.5000000000000009 52.500000000000007 1.0000000180025095e-35 0.17883795309168446 2.5000000000000004 2.5000000000000004 0.1082709215239336 35.500000000000007 4.0081500000000014 4.0695500000000004 2.5000000000000004 1.0000000180025095e-35 0.095564253098499682 3.8635500000000005 1.5000000000000002 30.500000000000004 2.5000000000000004 2.5000000000000004 4.0474000000000006 0.11378020713463753
decision_type=2 2 2 2 2 2 2 2 2 2 2 2 2 2 2 2 2 2 2 2 2 2 2 2 2 2 2 2 2 2
left_child=1 -1 3 -3 11 6 9 17 10 24 15 13 27 20 -15 25 23 -8 -10 -18 21 26 -23 -17 -5 -7 29 -11 -29 -4
right_child=-2 2 4 5 -6 8 7 -9 18 12 -12 -13 -14 14 -16 16 19 -19 -20 -21 -22 22 -24 -25 -26 -27 -28 28 -30 -31
leaf_value=0.054230847041722541 0.053747659487025569 0.05117059894699072 -0.036078416979855657 -0.0510658058771866 0.05072284433695589 -0.045946743161323626 0.0085271758991886867 -0.048179759940087663 -0.017997787351442758 -0.047429143400756546 0.033478287667443089 0.044177251430854603 -0.021348669176624605 0.037399841904138392 -0.019934689233770418 0.046537549361647668 -0.045764038969383053 0.054797035273875805 0.028272829268190216 -0.011674219709611196 -0.063307223469475302 -0.022307300714287034 0.019730462951498225 -0.0055583766504183089 -0.033123349690364047 -0.022317634832681954 -0.045163255416310992 -0.01805125946951705 -0.046094893234760938 -0.0056099159577230988
leaf_weight=2012.6390471830964 2910.8840623050928 17.609618820250034 12.473679892718794 4770.2918121889234 38.513824969530106 116.33724526315928 20.61913870275021 44.984905265271664 8.8605121970176715 171.73492307215929 5.7483622729778281 7.413606882095336 61.655626036226749 11.255182787775993 9.4314890131354332 7.250399209558962 41.638584658503532 9.0800403356552106 19.837484858930111 17.608989275991917 7.0134936273097983 15.182468757033346 17.517539218068123 7.2224188968539238 35.065771073102951 21.363570541143417 27.683752365410328 31.362324759364128 34.036046341061592 15.324553765356539
leaf_count=24228 38458 218 88 77126 402 1435 98 428 74 2593 27 37 529 49 98 49 408 64 97 131 37 73 77 59 362 168 336 327 411 90
internal_value=0.000168586 -0.020312 -0.0470879 -0.0485336 0.00153712 -0.0488667 -0.0498188 -0.0195396 -0.0286918 -0.0502579 -0.0343529 -0.0141115 -0.0391257 -0.0181866 0.011546 -0.0363461 -0.0244954 0.0239976 0.0138618 -0.0359941 -0.0247005 -0.0209545 0.000129746 0.0218609 -0.0509418 -0.0424681 -0.0331635 -0.0436387 -0.0331207 -0.0200599
internal_weight=10527.6 7616.76 5604.12 5442.31 161.81 5424.7 5178.83 74.6841 245.868 5104.15 217.17 123.296 298.789 115.882 20.6867 211.421 73.7204 29.6992 28.698 59.2476 95.1955 88.182 32.7 14.4728 4805.36 137.701 55.482 237.133 65.3984 27.7982
internal_count=148577 110119 85891 84604 1287 84386 81938 590 2448 81348 2277 885 3860 848 147 2250 647 162 171 539 701 664 150 108 77488 1603 514 3331 738 178
is_linear=0
shrinkage=0.05


Tree=40
num_leaves=31
num_cat=0
split_feature=2 22 0 8 5 5 21 20 7 0 21 0 5 17 7 20 17 10 10 7 0 20 8 0 8 10 17 10 10 8
split_gain=4417.84 5753.58 164.254 69.1949 43.0924 37.7535 26.403 37.0722 16.0082 15.5396 13.4585 12.8997 11.502 12.9597 10.0622 9.75716 13.7155 8.4305 7.28324 6.64671 5.53075 5.09405 4.89548 4.20473 4.23428 3.96323 3.77234 3.69885 3.65111 3.31489
threshold=1.0000000180025095e-35 1.0000000180025095e-35 40.500000000000007 1.5000000000000002 0.015038444142921758 0.024540800963565194 1.0000000180025095e-35 3.5000000000000004 1.5000000000000002 34.500000000000007 1.0000000180025095e-35 52.500000000000007 0.17311854811854813 0.17974358974358975 1.0000000180025095e-35 2.5000000000000004 0.11378020713463753 4.0815500000000009 3.8817500000000007 1.0000000180025095e-35 33.500000000000007 2.5000000000000004 2.5000000000000004 30.500000000000004 2.5000000000000004 4.0474000000000006 0.17883795309168446 4.2928500000000005 4.0271000000000008 2.5000000000000004
decision_type=2 2 2 2 2 2 2 2 2 2 2 2 2 2 2 2 2 2 2 2 2 2 2 2 2 2 2 2 2 2
left_child=1 -1 3 -3 11 6 9 20 10 27 12 15 17 -14 22 16 29 23 -16 -17 -8 -19 -11 -7 -25 28 -18 -5 -24 -4
right_child=-2 2 4 5 -6 8 7 -9 -10 14 -12 -13 13 -15 18 19 26 21 -20 -21 -22 -23 25 24 -26 -27 -28 -29 -30 -31
leaf_value=0.05400529467843504 0.053549838282809542 0.050841714293995255 -0.0078265632900368191 -0.05091382530231138 0.049179340120220259 -0.045229910963070726 0.0073353430258171291 -0.048536720933881394 0.033674726812995083 -0.048108516671628 0.041587099677511591 0.048482470472047928 0.042922716202717044 -0.033883771430433744 0.031831817593908178 -0.044097836550665293 0.0056379654181567757 0.01001038501062098 -0.027750992872738956 -0.0068817641491128248 0.052377163023983764 -0.027325129949660139 -0.026984271335933802 -0.03564510792490188 0.012503692112122048 -0.043712847085844699 0.039143341248686792 -0.0063850728307663267 0.014502082347085858 -0.044046284001117535
leaf_weight=1917.2912279441953 2787.3495938256383 16.777514562010765 11.327218577265741 4512.3384138122201 37.45637720823288 142.88733978569508 20.161003351211551 43.090076103806496 9.0044388920068723 236.7183360978961 5.3144148141145697 7.4570005238056174 9.4152192324399966 10.623538777232168 4.6829741969704619 34.084399983286858 25.075867101550102 12.060822144150732 75.047081515192986 18.875300511717796 9.6182470172643644 31.78950185328722 35.920222491025925 11.255868978798391 6.6240513175725928 43.538190439343452 11.961009100079535 4.9761579930782309 5.5445821955800048 14.918613538146017
leaf_count=24165 38575 217 56 76149 406 1794 96 426 40 3768 33 38 44 61 42 427 129 74 722 96 68 257 414 100 46 574 51 77 64 95
internal_value=-1.41109e-05 -0.0203988 -0.0467796 -0.0483063 0.00292354 -0.048634 -0.0495674 -0.0193397 -0.0290117 -0.0500112 -0.0316013 -0.0113649 -0.0335093 0.00252867 -0.0402881 -0.0155849 -0.00222896 -0.0370337 -0.0239004 -0.0312071 0.0231122 -0.0170619 -0.0442627 -0.042342 -0.0180897 -0.033118 0.0172031 -0.0508662 -0.0212259 -0.0292755
internal_weight=10113.2 7325.84 5408.54 5247.39 161.156 5230.61 4991.64 72.8693 238.975 4918.77 229.971 123.699 224.656 20.0388 401.451 116.242 63.2827 204.618 79.7301 52.9597 29.7793 43.8503 321.721 160.767 17.8799 85.003 37.0369 4517.31 41.4648 26.2458
internal_count=149104 110529 86364 85066 1298 84849 82400 590 2449 81810 2409 892 2376 105 5584 854 331 2271 764 523 164 331 4820 1940 146 1052 180 76226 478 151
is_linear=0
shrinkage=0.05


Tree=41
num_leaves=31
num_cat=0
split_feature=2 22 0 8 4 21 20 4 7 0 0 7 17 5 17 5 8 20 7 10 7 10 17 10 20 17 17 10 10 17
split_gain=4170.03 5450.75 146.159 66.3139 45.6838 35.2817 42.9164 25.6084 15.884 14.3233 13.9595 12.3519 10.4333 7.09874 11.7435 6.67089 5.91876 5.52133 5.16533 4.66026 4.35718 4.05284 4.0156 3.40968 3.12031 6.9056 3.02054 3.00895 4.01177 2.65265
threshold=1.0000000180025095e-35 1.0000000180025095e-35 40.500000000000007 1.5000000000000002 1.0000000180025095e-35 1.0000000180025095e-35 3.5000000000000004 1.0000000180025095e-35 1.5000000000000002 33.500000000000007 50.500000000000007 1.0000000180025095e-35 0.17883795309168446 0.17311854811854813 0.17974358974358975 0.029520697167755995 2.5000000000000004 2.5000000000000004 1.0000000180025095e-35 3.8731500000000003 1.0000000180025095e-35 4.1281500000000007 0.082272360999194202 4.3066000000000004 2.5000000000000004 0.11378020713463753 0.1283882783882784 4.0474000000000006 4.0271000000000008 0.32916666666666672
decision_type=2 2 2 2 2 2 2 2 2 2 2 2 2 2 2 2 2 2 2 2 2 2 2 2 2 2 2 2 2 2
left_child=1 -1 3 -3 10 7 18 9 13 23 12 16 20 15 -15 -9 -11 -14 -7 -13 24 29 -22 -5 25 -4 -24 28 -18 -17
right_child=-2 2 4 5 -6 6 -8 8 -10 11 -12 19 17 14 -16 21 27 -19 -20 -21 22 -23 26 -25 -26 -27 -28 -29 -30 -31
leaf_value=0.053794537993949648 0.053362862211425721 0.050574744963562325 -0.050234680831367388 -0.0505723975327022 0.049663355947078318 0.012669329929916455 -0.046815248174908647 0.0044978115773835941 0.029760657551874133 -0.048556005427003897 0.036428994359146191 0.015730920846460498 0.03342911078917201 0.033482182104689361 -0.039634606876104032 -0.043779750413956896 -0.0301125240302581 -0.016611576750202389 0.053964609394338774 -0.027813113950899818 -0.038175379505298451 -0.020068466403583604 0.010028432925794856 0.0013859698166106865 -0.048343936385925337 0.0014384532467514415 -0.022328259469863831 -0.042869334987920671 0.0093617502233837059 -0.0046061391455110073
leaf_weight=1837.8858769610524 2655.706978559494 16.283371828496456 10.862726494669916 4175.3714790195227 36.019948668777943 22.7574662566185 43.592973969876766 8.7702439725399 9.265914708375929 331.70966470986605 11.595511123538015 5.9590096473693839 11.852805554866791 9.2282391339540499 10.889806836843489 154.61495608091354 45.853265814483166 8.8299147710204124 11.057940438389776 91.323273159563541 10.612763844430445 25.737404264509678 16.961058512330059 3.1072077527642241 25.904322050511837 14.092922925949095 11.077259942889212 51.587218105792999 6.9879618734121314 4.7015384733676902
leaf_count=24248 38506 220 83 73784 408 110 443 44 40 5558 58 59 51 44 64 1934 580 96 72 975 57 193 75 49 346 82 52 729 87 53
internal_value=2.42342e-06 -0.020176 -0.0463929 -0.0478795 0.000982367 -0.0482093 -0.0144875 -0.0487352 -0.0319121 -0.0495252 -0.0137025 -0.0415475 -0.019258 -0.0347092 -0.00609829 -0.0376323 -0.04517 0.0122848 0.0273354 -0.0250129 -0.0266016 -0.0396424 -0.0134388 -0.0505334 -0.0361526 -0.0221227 -0.00308361 -0.034056 -0.0248153 -0.0426597
internal_weight=9680.2 7024.49 5186.61 5028.8 157.809 5012.52 77.4084 4935.11 223.208 4711.9 121.789 533.42 110.194 213.942 20.118 193.824 436.138 20.6827 33.8154 97.2823 89.5111 185.054 38.6511 4178.48 50.86 24.9556 28.0383 104.428 52.8412 159.316
internal_count=149100 110594 86346 85038 1308 84818 625 84193 2372 81821 900 7988 842 2332 108 2224 6954 147 182 1034 695 2180 184 73833 511 165 127 1396 667 1987
is_linear=0
shrinkage=0.05


Tree=42
num_leaves=31
num_cat=0
split_feature=2 22 0 8 4 4 0 21 10 20 8 7 7 20 7 21 20 5 0 20 10 10 5 7 20 20 10 0 10 4
split_gain=3928.43 5151.58 144.878 60.2647 42.9791 42.9544 25.9052 23.2144 16.7704 11.6009 12.2253 11.7809 9.13129 9.04095 8.97931 8.90195 12.615 7.1139 6.00248 5.97409 4.38014 4.00431 3.82816 3.56033 3.65139 3.60623 3.45142 2.4661 2.25108 2.16054
threshold=1.0000000180025095e-35 1.0000000180025095e-35 40.500000000000007 1.5000000000000002 1.0000000180025095e-35 1.0000000180025095e-35 35.500000000000007 1.0000000180025095e-35 4.0695500000000004 2.5000000000000004 2.5000000000000004 1.0000000180025095e-35 1.0000000180025095e-35 2.5000000000000004 1.0000000180025095e-35 1.0000000180025095e-35 3.5000000000000004 0.087082912032355922 30.500000000000004 2.5000000000000004 3.8275000000000001 4.1281500000000007 0.17311854811854813 1.5000000000000002 2.5000000000000004 3.5000000000000004 3.8731500000000003 32.500000000000007 3.7833500000000004 2.5000000000000004
decision_type=2 2 2 2 2 2 2 2 2 2 2 2 2 2 2 2 2 2 2 2 2 2 2 2 2 2 2 2 2 2
left_child=1 -1 3 -3 6 9 15 12 18 10 -4 -12 20 17 -11 23 26 -10 22 -20 -8 -15 28 25 27 -5 -17 -25 -6 -23
right_child=-2 2 5 4 8 -7 7 -9 13 14 11 -13 -14 21 -16 16 -18 -19 19 -21 -22 29 -24 24 -26 -27 -28 -29 -30 -31
leaf_value=0.053590554200310836 0.053186141622876826 0.050156813062157572 0.029024278598191362 -0.050300183177015151 -0.049419199547994383 0.050368394023776068 -0.0084405033080690722 0.032717798347158177 -0.0049113240658593543 -0.045069115446496645 3.1218475078073931e-05 -0.060823854470422462 -0.01904353856501708 -0.044814462119162457 -0.0023178972442830753 0.017253740974711506 -0.047001402708101964 0.053876851905643612 0.023716429188823423 -0.031716164094208757 -0.04333064682853744 0.0069577229380092019 -0.013384708208810126 -0.030482593365089052 -0.044506922048406262 -0.032568425866961868 -0.020784577338922097 0.011461025442463545 -0.034309179219585463 -0.019961630222203521
leaf_weight=1761.4747876524925 2529.9599385336041 15.013860024511812 24.435294553637505 4171.130232386291 48.011630780994892 34.299100749194622 9.9818127527832967 11.78744402527809 10.04400257766247 33.246560584753752 33.053417906165123 9.4722965806722623 59.167360782623291 8.6145666614174825 19.327304445207119 12.41549935936928 37.419278293848038 9.2336786091327649 8.1938927844166756 9.3617260232567787 202.67559288069606 13.664321303367617 16.463760443031788 5.7055424749851245 18.970411323010921 35.998433105647564 9.735835134983061 6.5282027572393417 87.911875121295452 14.43817590177059
leaf_count=24358 38439 212 118 76953 656 403 133 88 61 447 191 48 534 85 98 55 409 50 57 89 3204 95 90 66 226 542 51 61 1143 101
internal_value=7.40444e-05 -0.0198739 -0.0458838 -0.0474073 -0.0477223 0.00187116 -0.0487753 -0.03389 -0.0262488 -0.012347 0.00150584 -0.0146098 -0.0368877 -0.00245452 -0.0296895 -0.0497495 -0.029675 0.0245155 -0.0340286 -0.00595981 -0.0417401 -0.0168892 -0.0372023 -0.0500246 -0.0312675 -0.0501562 0.00035971 -0.00892577 -0.0399684 -0.00708327
internal_weight=9267.74 6737.78 4976.3 4822.47 4807.45 153.834 4581.52 283.612 225.938 119.535 66.961 42.5257 271.825 55.9947 52.5739 4297.9 59.5706 19.2777 169.943 17.5556 212.657 36.7171 152.387 4238.33 31.2042 4207.13 22.1513 12.2337 135.924 28.1025
internal_count=149063 110624 86266 84961 84749 1305 82322 3959 2427 902 357 239 3871 392 545 78363 515 111 2035 146 3337 281 1889 77848 353 77495 106 127 1799 196
is_linear=0
shrinkage=0.05


Tree=43
num_leaves=31
num_cat=0
split_feature=9 22 0 8 5 21 20 4 7 20 8 17 8 7 5 5 17 0 8 17 20 17 10 7 7 7 0 0 7 7
split_gain=3725.86 4833.84 134.067 60.2015 43.479 36.9092 37.7772 31.1233 17.9427 14.0571 21.2945 18.0519 14.739 12.334 9.31401 9.24058 9.5463 7.61816 8.21628 7.04278 6.47317 5.83192 3.88239 3.52239 3.47905 3.40485 3.29598 3.19911 2.46719 12.1009
threshold=2.5000000000000004 1.0000000180025095e-35 38.500000000000007 1.5000000000000002 0.075134408602150551 1.0000000180025095e-35 3.5000000000000004 1.0000000180025095e-35 1.5000000000000002 2.5000000000000004 2.5000000000000004 0.063164893617021281 2.5000000000000004 1.5000000000000002 0.029520697167755995 0.14793771043771045 0.26598639455782319 33.500000000000007 2.5000000000000004 0.19859154929577469 2.5000000000000004 0.19399641577060936 4.1716000000000006 1.0000000180025095e-35 1.0000000180025095e-35 1.0000000180025095e-35 42.500000000000007 36.500000000000007 1.0000000180025095e-35 1.5000000000000002
decision_type=2 2 2 2 2 2 2 2 2 2 2 2 2 2 2 2 2 2 2 2 2 2 2 2 2 2 2 2 2 2
left_child=1 -1 3 -3 9 7 25 13 14 11 28 -4 -13 17 -9 22 -17 -5 24 27 -20 23 -16 26 -19 -7 -14 -15 -11 -30
right_child=-2 2 4 5 -6 6 -8 8 -10 10 -12 12 21 19 15 16 -18 18 20 -21 -22 -23 -24 -25 -26 -27 -28 -29 29 -31
leaf_value=0.05340150290903363 0.053019138146731343 0.050015211656952809 -0.058173237828892256 -0.050035076915124155 0.051476622105346787 0.015410787569754322 -0.044736143825117328 0.017761284053101789 0.034596786457599442 -0.043036772386779616 0.033097295226326894 0.033619468200045612 -0.022697755787656027 -0.037781412645306323 -0.041761142668339829 0.0093167636615884494 -0.048450059165883297 -0.048481761862699847 -0.033596719964178026 0.025132988528243819 0.0066985709526889842 0.023656024323550212 -0.013085260187359855 -0.041725589998585173 -0.030767612856328255 0.050419144419590702 0.0068339422181841608 -0.0041804213034843168 0.022965730833830231 -0.045735179315407798
leaf_weight=1673.0145978294313 2420.3096114099026 15.111117362976072 11.560156516730784 3805.6713163480163 26.508419178426266 22.947798773646355 38.60990459471941 8.3039522618055326 9.7388847470283491 60.305755950510502 11.469513930380343 30.059068195521832 19.124393537640572 30.349341340363026 147.77722573280334 21.630812749266628 9.5098714753985387 271.52960509061813 83.622332282364368 5.9516621902585021 10.956081092357634 10.11598416417837 14.060811534523962 9.9201502203941327 38.569232791662216 9.9872943162918073 17.129051044583321 9.4998835846781713 8.8614055588841456 18.244835831224918
leaf_count=24231 38540 223 82 73515 345 110 422 42 43 940 80 178 198 354 1965 144 73 4959 1243 55 130 57 100 54 513 62 90 81 50 116
internal_value=0.000131491 -0.0197189 -0.0453324 -0.047187 -0.00746949 -0.0475216 -0.0117027 -0.0480925 -0.0291091 -0.0156299 -0.028828 -0.0021439 0.00593729 -0.0490267 -0.0323473 -0.0345839 -0.00928288 -0.0493097 -0.0423813 -0.0225124 -0.0289076 -0.00917401 -0.0393654 -0.0167156 -0.0463845 0.0271997 -0.0089357 -0.0300695 -0.0372358 -0.0232579
internal_weight=8870.45 6450.14 4777.13 4553.83 223.299 4538.72 71.545 4467.17 211.022 196.79 98.8815 97.9088 86.3486 4256.15 201.283 192.979 31.1407 4210.35 404.677 45.8009 94.5784 56.2896 161.838 46.1736 310.099 32.9351 36.2534 39.8492 87.412 27.1062
internal_count=148995 110455 86224 84034 2190 83811 594 83217 2367 1845 1186 659 577 80850 2324 2282 217 80360 6845 490 1373 399 2065 342 5472 172 288 435 1106 166
is_linear=0
shrinkage=0.05


Tree=44
num_leaves=31
num_cat=0
split_feature=2 22 0 8 4 4 21 20 7 0 7 5 0 8 10 20 8 10 10 10 0 10 10 20 7 10 0 8 0 7
split_gain=3530.76 4562.85 132.896 55.297 43.5412 38.3389 25.1535 32.2865 18.1755 16.279 12.5215 9.49863 9.48431 9.05022 6.38682 5.93375 5.98933 5.82657 5.30563 4.69092 4.61433 4.12912 3.98761 3.984 3.89395 3.87973 3.11514 4.0165 2.65692 2.09279
threshold=1.0000000180025095e-35 1.0000000180025095e-35 40.500000000000007 1.5000000000000002 1.0000000180025095e-35 1.0000000180025095e-35 1.0000000180025095e-35 3.5000000000000004 1.0000000180025095e-35 33.500000000000007 1.0000000180025095e-35 0.14793771043771045 48.500000000000007 2.5000000000000004 4.0474000000000006 2.5000000000000004 2.5000000000000004 4.0252000000000008 4.0271000000000008 4.0424500000000014 32.500000000000007 3.8817500000000007 4.3066000000000004 3.5000000000000004 1.0000000180025095e-35 4.1069500000000012 30.500000000000004 2.5000000000000004 38.500000000000007 1.5000000000000002
decision_type=2 2 2 2 2 2 2 2 2 2 2 2 2 2 2 2 2 2 2 2 2 2 2 2 2 2 2 2 2 2
left_child=1 -1 3 -3 6 12 9 20 11 22 13 25 15 -11 18 16 -4 -10 -15 -13 -8 -12 23 29 -17 26 -6 -28 -23 -5
right_child=-2 2 5 4 8 -7 7 -9 17 10 21 19 -14 14 -16 24 -18 -19 -20 -21 -22 28 -24 -25 -26 -27 27 -29 -30 -31
leaf_value=0.053222822483198144 0.052861111693015751 0.049658493013290506 0.014478711823052728 -0.049843844238949712 -0.041470797297871648 0.049491579253000316 0.0075003413086924143 -0.0472118078470097 -0.018209045445253064 -0.04789266907871817 0.015226209216656248 -0.015458176624192039 0.020662200546968278 -0.022499675844597399 -0.042402063058219558 -0.042250230822437396 -0.019002727974294524 0.02872593477263672 0.024263634300099507 0.028179714710674864 0.049318811235925034 -0.029897833469185071 0.0089373261409364368 -0.030718327825169561 -0.011559778886541642 -0.015685481363668426 -0.035992900217878813 0.01114825046324908 -0.0079674664416381335 -0.030450138565463587
leaf_weight=1596.2615142986178 2308.5618164204061 14.152772441506384 20.499029144644737 3610.8609122745693 116.32889847457409 31.51136489957571 20.465006068348888 38.082630880177021 9.2323535084724444 291.71275798976421 6.0730220265686503 23.72461532056332 18.226135566830635 41.110478453338146 46.902786303311586 27.968014344573021 34.528308182954788 18.285447522997856 6.2424448430538169 7.2212698832154265 9.0676099658012372 69.048667423427105 2.6311330348253241 33.619326144456863 17.601519145071507 23.859583057463169 10.094565585255625 6.9873318001627913 18.31761434674263 19.605581313371658
leaf_count=24219 38533 218 95 73021 1690 401 96 434 85 5527 63 169 90 566 728 419 205 90 80 48 68 851 45 543 93 195 101 51 134 244
internal_value=0.000101955 -0.0195792 -0.0448818 -0.0464457 -0.0467639 0.00134472 -0.0478884 -0.0173088 -0.0246791 -0.0483828 -0.0394711 -0.0302113 -0.0117301 -0.0434705 -0.0294252 -0.0177446 -0.00649427 0.0128927 -0.0159606 -0.00471186 0.0215349 -0.0226656 -0.0495369 -0.0495814 -0.0308986 -0.0351673 -0.0385088 -0.0171597 -0.025442 -0.0497475
internal_weight=8498.78 6190.22 4593.96 4443.63 4429.47 150.334 4213.74 67.6152 215.734 4146.12 479.408 188.216 118.823 385.968 94.2557 100.597 55.0273 27.5178 47.3529 30.9459 29.5326 93.4393 3666.72 3664.09 45.5695 157.27 133.411 17.0819 87.3663 3630.47
internal_count=149102 110569 86350 85047 84829 1303 82400 598 2429 81802 7949 2254 902 6901 1374 812 300 175 646 217 164 1048 73853 73808 512 2037 1842 152 985 73265
is_linear=0
shrinkage=0.05


Tree=45
num_leaves=31
num_cat=0
split_feature=2 4 21 20 8 8 1 0 20 8 0 7 21 17 4 0 1 0 1 0 1 0 1 0 1 0 1 0 1 0
split_gain=3349.31 380.27 328.403 121.429 87.1883 53.5769 50.0854 66.8596 48.6075 38.9981 31.7245 27.2575 23.4453 19.6108 16.132 16.108 103.163 21.0339 128.145 26.2951 153.769 26.83 177.307 39.7683 168.474 39.4988 184.76 41.852 185.575 46.2581
threshold=1.0000000180025095e-35 1.0000000180025095e-35 1.0000000180025095e-35 3.5000000000000004 1.5000000000000002 2.5000000000000004 25.500000000000004 33.500000000000007 3.5000000000000004 2.5000000000000004 17.500000000000004 1.0000000180025095e-35 1.0000000180025095e-35 0.085236118318630011 4.5000000000000009 32.500000000000007 24.500000000000004 31.500000000000004 23.500000000000004 30.500000000000004 22.500000000000004 29.500000000000004 21.500000000000004 28.500000000000004 20.500000000000004 27.500000000000004 19.500000000000004 26.500000000000004 18.500000000000004 25.500000000000004
decision_type=2 2 2 2 2 2 2 2 2 2 2 2 2 2 2 2 2 2 2 2 2 2 2 2 2 2 2 2 2 2
left_child=1 2 3 4 -1 12 10 -8 -4 11 -6 -9 14 -13 -3 16 17 18 19 20 21 22 23 24 25 26 27 28 29 -12
right_child=-2 5 8 -5 6 -7 7 9 -10 -11 15 13 -14 -15 -16 -17 -18 -19 -20 -21 -22 -23 -24 -25 -26 -27 -28 -29 -30 -31
leaf_value=0.051413687570809809 0.05271154600449042 0.00010310611883320764 0.046340296547358141 0.026359085079341111 0.027890221559929668 0.041148129770895096 0.051872861744717037 -0.034152573904360502 -0.0040818387249551922 -0.0015745887788025548 -0.02853444700391768 -0.033042578881601864 0.050847291123624162 0.0080597230006593731 0.037339325099222574 -0.046557602239464632 0.052080407364345938 -0.047297977610910633 0.052463701268122845 -0.047397074652051639 0.052665219050168494 -0.046668595086017436 0.052362631918586325 -0.049481429179371067 0.052344385848350217 -0.048680708412661311 0.05224377311971639 -0.048705668932598277 0.052246247956285047 -0.049192278703532773
leaf_weight=34.10634096339345 2199.1322869881988 266.51816208660603 180.03500408679247 107.1359725035727 22.930170994251966 201.75420303270221 33.992210373282433 351.08594577014446 64.73566560447216 219.64895072206855 1891.1604464873672 44.444359499961138 28.595366388559341 79.507130421698093 31.651079345494509 146.79862369596958 37.462316520512104 176.61312979459763 46.189212128520012 220.13941572606564 55.182783223688602 249.75814432278275 63.858586151152849 274.02830623090267 60.698394864797592 293.25610420107841 66.869875572621822 309.14819052070379 67.262991104274988 318.4693907238543
leaf_count=589 38482 3565 2803 1712 382 3150 498 6523 862 2818 38109 490 426 705 444 2984 538 3615 638 4508 758 5132 979 5762 923 6250 1072 6601 1079 6806
internal_value=7.89491e-06 -0.0194999 -0.0234516 -0.0261323 -0.0272481 0.0209521 -0.0277918 -0.0156366 0.0330426 -0.0190097 -0.0298476 -0.0270512 0.00839504 -0.00682452 0.00416738 -0.0301636 -0.0295697 -0.0303297 -0.0295525 -0.0305447 -0.0295155 -0.0307915 -0.0295923 -0.0312029 -0.0295212 -0.0312251 -0.0292779 -0.0314052 -0.0290359 -0.0315327
internal_weight=8142.17 5943.04 5414.52 5169.75 5062.61 528.519 5028.5 728.679 244.771 694.686 4299.83 475.037 326.765 123.951 298.169 4276.9 4130.1 4092.63 3916.02 3869.83 3649.69 3594.51 3344.75 3280.89 3006.87 2946.17 2652.91 2586.04 2276.89 2209.63
internal_count=149203 110721 103136 99471 97759 7585 97170 11034 3665 10536 86136 7718 4435 1195 4009 85754 82770 82232 78617 77979 73471 72713 67581 66602 60840 59917 53667 52595 45994 44915
is_linear=0
shrinkage=0.05


Tree=46
num_leaves=31
num_cat=0
split_feature=2 22 0 8 4 4 21 20 7 7 0 21 17 5 5 17 0 8 20 7 17 10 10 7 20 10 20 20 20 0
split_gain=3173.56 4215.2 127.952 51.3382 39.8347 32.8666 20.445 20.169 15.3876 11.1509 10.7492 9.32742 8.67523 8.38053 9.71986 19.2666 6.35516 8.51868 6.05791 5.56479 7.00733 7.26809 5.24581 4.11596 3.94794 3.94449 3.91578 3.81429 3.5625 3.7378
threshold=1.0000000180025095e-35 1.0000000180025095e-35 38.500000000000007 1.5000000000000002 1.0000000180025095e-35 1.0000000180025095e-35 1.0000000180025095e-35 3.5000000000000004 1.5000000000000002 1.5000000000000002 49.500000000000007 1.0000000180025095e-35 0.17883795309168446 0.029520697167755995 0.14118503296515114 0.098746324098436783 33.500000000000007 2.5000000000000004 2.5000000000000004 1.0000000180025095e-35 0.070505385252692634 4.1949500000000013 4.2928500000000005 1.0000000180025095e-35 2.5000000000000004 4.2524500000000005 2.5000000000000004 3.5000000000000004 2.5000000000000004 32.500000000000007
decision_type=2 2 2 2 2 2 2 2 2 2 2 2 2 2 2 2 2 2 2 2 2 2 2 2 2 2 2 2 2 2
left_child=1 -1 3 -3 10 6 9 -8 11 16 12 13 19 -7 25 -16 27 23 -14 22 -21 -22 -4 -18 -19 -15 -17 -5 29 -11
right_child=-2 2 4 5 -6 8 7 -9 -10 28 -12 -13 18 14 15 26 17 24 -20 20 21 -23 -24 -25 -26 -27 -28 -29 -30 -31
leaf_value=0.053003634618413009 0.052570080358929183 0.049171770533100262 -0.035780833961848384 -0.049431809343709839 0.041790233323078296 0.015355923692192944 0.01146326517251834 -0.043616212807296939 0.035143436296746038 -0.037295069391559917 0.024698068313776744 0.033422791140916945 0.027808690992343312 -0.041011216676811992 0.057328051743604329 -0.0029340534812022771 -0.048657835870929311 -0.031577702653033744 -0.017365886661177606 -0.040114454246169148 0.013423874258245967 -0.030572066861060478 0.01707063849332895 -0.029147100442780467 0.0015118363776886936 0.0049462259716447892 -0.041953467436765937 -0.030779007085993234 -0.034582190578750234 0.0089226948011906556
leaf_weight=1499.173044193536 2104.8393213227391 13.244336009025572 79.993562396615744 3332.444781113416 34.318964719772339 8.4874012470245344 28.811420530080795 37.217168152332306 8.7006108313798887 5.2832402363419559 13.945902615785597 4.877761833369731 14.008481293916702 144.08725260198116 7.3211365193128577 9.8338332101702708 243.90014277771115 79.694699268788099 13.738530382514 15.086824387311934 27.523280195891857 12.993361800909041 4.41634752228856 36.637579385191202 10.047636978328226 4.6142091751098624 18.486058615148067 33.736004695296288 23.313174113631248 13.536587588489054
leaf_count=24222 38619 222 1092 72938 432 43 155 439 39 69 71 32 78 1969 42 70 4993 1247 187 104 145 77 43 513 122 31 155 547 286 121
internal_value=1.97305e-05 -0.0191245 -0.0443938 -0.0463865 -0.00686207 -0.046711 -0.0477589 -0.01977 -0.027056 -0.0482426 -0.0162295 -0.0299564 -0.019758 -0.0317237 -0.0339625 -0.0101597 -0.0485335 -0.0418681 0.00561514 -0.0247904 -0.0121941 -0.00108181 -0.0328481 -0.0462224 -0.0278971 -0.0395616 -0.0289665 -0.0492541 -0.021919 -0.00527897
internal_weight=7884.31 5779.47 4280.3 4064.28 216.025 4051.03 3844.62 66.0286 206.408 3778.59 181.706 197.708 167.76 192.83 184.342 35.641 3736.46 370.28 27.747 140.013 55.6035 40.5166 84.4099 280.538 89.7423 148.701 28.3199 3366.18 42.133 18.8198
internal_count=149103 110484 86262 84033 2229 83811 81430 594 2381 80836 1797 2342 1726 2310 2267 267 80360 6875 265 1461 326 222 1135 5506 1369 2000 225 73485 476 190
is_linear=0
shrinkage=0.05


Tree=47
num_leaves=31
num_cat=0
split_feature=2 22 0 12 4 0 21 20 7 20 12 17 0 12 7 5 21 17 12 7 0 17 10 10 10 10 17 12 17 5
split_gain=2985 3968.36 126.387 48.0035 37.1108 35.339 19.0537 20.5399 13.5121 12.0375 18.1254 13.8715 11.5858 10.3273 9.40419 8.54846 10.5336 8.04253 7.23273 6.44975 6.23856 7.64271 6.20361 5.86684 4.50536 4.32803 3.99428 3.75417 9.92626 3.83001
threshold=1.0000000180025095e-35 1.0000000180025095e-35 38.500000000000007 1.0000000180025095e-35 1.0000000180025095e-35 52.500000000000007 1.0000000180025095e-35 3.5000000000000004 1.5000000000000002 2.5000000000000004 1.5000000000000002 0.063164893617021281 33.500000000000007 1.5000000000000002 1.0000000180025095e-35 0.15376049340414599 1.0000000180025095e-35 0.21913109756097562 1.5000000000000002 1.0000000180025095e-35 40.500000000000007 0.14670014347202298 4.1614500000000012 3.8817500000000007 4.3150500000000012 4.0474000000000006 0.13840996168582378 1.5000000000000002 0.21702898550724639 0.037210107303565255
decision_type=2 2 2 2 2 2 2 2 2 2 2 2 2 2 2 2 2 2 2 2 2 2 2 2 2 2 2 2 2 2
left_child=1 -1 3 -3 6 9 12 -8 15 11 -11 -4 24 26 18 16 22 -17 -14 20 -15 -22 27 -16 -5 -20 -13 -6 29 -29
right_child=-2 2 5 4 8 -7 7 -9 -10 10 -12 13 14 19 23 17 -18 -19 25 -21 21 -23 -24 -25 -26 -27 -28 28 -30 -31
leaf_value=0.052846309101858585 0.052436003483483186 0.048863663786215955 -0.050328406326490806 -0.048717986456434617 -0.041637931404501345 0.050376404285919676 0.012861340121696258 -0.044186704598284901 0.032590446905026438 -0.03489139408903974 0.029627541670912722 0.013857755713072835 -0.047318936458742994 -0.026177017143449607 0.024875353779888466 0.020030347351477747 0.038433805501532199 -0.032551187055804842 -0.016805948939040097 -0.039268551084465537 -0.0088992609831984159 0.037367010104745343 -0.0058933094712250722 -0.026300354814365951 0.015701595580896916 -0.041326698335877848 0.052650262792372504 0.0046044223776328897 0.03966344238127386 -0.043470494789025753
leaf_weight=1434.9686041809618 2004.7338873445988 12.601272996515034 11.521186612546442 3242.6367453299463 116.94568879529834 23.555836901068687 27.356107853353024 35.15559671074152 8.8812309652566892 79.531800027936697 11.807676516473292 17.236975051462654 233.47742022573948 13.029772862792013 5.3382117860019198 16.303557589650158 4.3505367487668982 11.548956774175165 39.994935255497694 10.778213787823914 18.113805130124092 16.030240058898926 17.687119551002979 65.26956020668149 2.2880535200238219 35.657796256244183 10.958422623574732 5.0177156552672448 4.8120846152305594 18.715169377624989
leaf_count=24297 38572 221 85 73804 1736 332 148 427 40 1112 92 113 4988 154 58 95 28 84 588 59 123 89 125 847 42 615 59 46 45 221
internal_value=0.000155474 -0.0187297 -0.0436864 -0.0457303 -0.0460491 -0.00610921 -0.047202 -0.0194122 -0.0251101 -0.013377 -0.0263203 -0.00112837 -0.0476758 0.00595356 -0.0390935 -0.0278855 -0.0321269 -0.00214495 -0.0428824 -0.00616604 0.00205532 0.0132674 -0.0342308 -0.0221379 -0.0486677 -0.0287518 0.0302218 -0.037612 -0.0202672 -0.0335311
internal_weight=7556.3 5551.57 4116.6 3904.04 3891.44 212.564 3687.17 62.5117 204.262 189.008 91.3395 97.6686 3624.66 86.1474 379.738 195.381 167.528 27.8525 309.13 57.952 47.1738 34.144 163.178 70.6078 3244.92 75.6527 28.1954 145.491 28.545 23.7329
internal_count=149245 110673 86376 84158 83937 2218 81517 575 2420 1886 1204 682 80942 597 7096 2380 2201 179 6191 425 366 212 2173 905 73846 1203 172 2048 312 267
is_linear=0
shrinkage=0.05


Tree=48
num_leaves=31
num_cat=0
split_feature=2 4 21 20 8 1 8 20 0 8 1 7 21 0 5 17 0 1 1 0 1 0 1 0 1 0 1 0 0 1
split_gain=2829.42 329.189 276.399 101.577 73.1093 52.4299 47.8536 41.5648 26.8166 20.6277 27.9341 22.181 18.4619 16.0212 13.709 13.4337 12.1932 9.90399 9.72291 14.0554 9.59094 25.6883 9.42248 28.1545 11.8343 31.1066 10.5618 23.3142 9.01255 30.1132
threshold=1.0000000180025095e-35 1.0000000180025095e-35 1.0000000180025095e-35 3.5000000000000004 1.5000000000000002 30.500000000000004 2.5000000000000004 3.5000000000000004 17.500000000000004 2.5000000000000004 23.500000000000004 1.0000000180025095e-35 1.0000000180025095e-35 31.500000000000004 0.17029156816390861 0.26975051975051983 38.500000000000007 39.500000000000007 24.500000000000004 32.500000000000007 15.500000000000002 23.500000000000004 16.500000000000004 24.500000000000004 17.500000000000004 25.500000000000004 18.500000000000004 26.500000000000004 30.500000000000004 22.500000000000004
decision_type=2 2 2 2 2 2 2 2 2 2 2 2 2 2 2 2 2 2 2 2 2 2 2 2 2 2 2 2 2 2
left_child=1 2 3 4 -1 8 12 -4 -6 11 20 -10 14 -12 -3 -16 -7 -18 -15 -20 -11 -22 -23 -24 -25 -26 -27 -28 29 -29
right_child=-2 6 7 -5 5 16 -8 -9 9 10 13 -13 -14 18 15 -17 17 -19 19 -21 21 22 23 24 25 26 27 28 -30 -31
leaf_value=0.050849606352417503 0.052308951365252293 -0.00022915894117007539 0.044860325224329485 0.024845108870246203 0.02825963568143617 0.048421835271936359 0.040767242220899051 -0.0037346020585936079 -0.031175995786029278 -0.039621079589173665 0.04875553078992604 -0.017538400496681952 0.049664869301751506 -0.035079045528474705 0.041985490425648128 -0.031721346298521545 -0.0095043551494923082 0.023212727786891291 0.04819342385479207 -0.0077929823994400266 0.048896208857104217 -0.048514985301137022 0.049288502050825002 -0.05015060830216516 0.049397401484436311 -0.048619123066265972 0.048269078918717567 -0.025635737065871272 -0.049319634957810062 0.049207768978150206
leaf_weight=29.598219625651836 1907.0663496144116 233.24875710904598 162.11308945715427 98.360648509114981 20.299543928354979 10.239655975252388 182.71075101569295 60.060102216899395 3198.3808921165764 113.91165033355355 12.04920385032892 333.64940082281828 23.800003860145807 28.233474772423506 36.460235074162483 6.6398525498807421 170.82772225886583 25.762236885726452 11.090648286044596 153.81876169890165 11.166105657815931 38.716026153415442 12.268992424011229 41.332947466522455 13.78382685780525 40.8157051615417 10.652431081980465 190.0422591753304 31.079153832048178 13.542624801397322
leaf_count=586 38483 3404 2825 1724 376 160 3172 862 72810 2519 208 6486 401 645 529 64 2000 185 209 2678 167 888 182 948 224 971 183 4245 713 231
internal_value=7.89818e-05 -0.0186691 -0.0226031 -0.0252299 -0.026327 -0.0268479 0.0206627 0.0317658 -0.0280372 -0.0283124 -0.0205545 -0.0298931 0.0083296 -0.00491324 0.00460344 0.0301686 -0.00225012 -0.00512115 -0.00849525 -0.00375994 -0.0267372 -0.0230101 -0.0251763 -0.0224907 -0.0252079 -0.0216151 -0.0251961 -0.0211175 -0.0244587 -0.0204409
internal_weight=7221.72 5314.65 4831.8 4609.62 4511.26 4481.66 482.86 222.173 4274.83 4254.53 722.504 3532.03 300.149 205.192 276.349 43.1001 206.83 196.59 193.143 164.909 517.312 403.4 392.234 353.518 341.249 299.916 286.132 245.316 234.664 203.585
internal_count=149078 110595 103025 99338 97614 97028 7570 3687 94683 94307 15011 79296 4398 3740 3997 593 2345 2185 3532 2887 11271 8752 8585 7697 7515 6567 6343 5372 5189 4476
is_linear=0
shrinkage=0.05


Tree=49
num_leaves=31
num_cat=0
split_feature=2 22 0 4 4 21 20 7 7 17 20 17 10 7 5 17 10 0 0 17 20 10 10 20 17 20 10 17 0 7
split_gain=2673.24 3698.84 121.783 39.575 34.0108 17.3198 14.2958 12.7734 12.377 11.6613 10.2154 9.65269 9.39278 7.57603 7.26928 15.8367 7.05008 6.00485 5.33906 8.87471 4.45542 14.052 4.59808 4.16356 4.05782 6.12977 4.40402 4.63078 3.81669 3.41723
threshold=1.0000000180025095e-35 1.0000000180025095e-35 37.500000000000007 1.0000000180025095e-35 1.0000000180025095e-35 1.0000000180025095e-35 3.5000000000000004 1.0000000180025095e-35 1.0000000180025095e-35 0.07185886402753873 2.5000000000000004 0.14670014347202298 4.2456000000000005 1.0000000180025095e-35 0.13025804171085192 0.098746324098436783 4.0151500000000011 42.500000000000007 32.500000000000007 0.10557275541795667 2.5000000000000004 4.0391500000000011 4.1852500000000008 3.5000000000000004 0.17595459236326114 2.5000000000000004 4.1313500000000012 0.1856158484065461 42.500000000000007 1.0000000180025095e-35
decision_type=2 2 2 2 2 2 2 2 2 2 2 2 2 2 2 2 2 2 2 2 2 2 2 2 2 2 2 2 2 2
left_child=1 -1 3 5 8 13 -7 14 10 -10 11 -4 -11 23 24 -16 -9 -13 -15 -20 21 -21 -22 -3 -5 -26 27 -27 -6 -8
right_child=-2 2 4 7 28 6 29 16 9 12 -12 17 -14 18 15 -17 -18 -19 19 20 22 -23 -24 -25 25 26 -28 -29 -30 -31
leaf_value=0.052709313911130151 0.052188668825240675 -0.048169223700702674 -0.025262989760525489 -0.039751667076845569 0.012330090252290211 0.0077698292520034674 -0.04837516409152564 -0.025944034702662173 -0.034512851356804403 0.017021492039339 -0.037568781838408109 -0.0064591731194530259 -0.03427088690857414 -0.043118243389309259 0.048992331686328591 -0.025234267997896295 0.028749609005780392 0.044882589405534606 -0.044773119428611723 0.073724100867812531 -0.032339212576599274 -0.02318157289264915 0.020591196651165697 -0.028772893905879122 0.012519594026923341 0.0048419504811506101 0.011186088533159421 -0.048377916937854135 0.048964022221065662 -0.0080269255204127605
leaf_weight=1361.2622410133481 1822.2478229552507 3033.5159416571259 36.249031219631433 92.815830375999212 11.610119532793759 26.366145890206099 27.361729651689529 8.0784410238266009 19.3424326851964 54.379293568432331 78.574043959379196 12.524425372481348 9.6821016818284971 207.59856756404042 8.1779654547572118 32.449740126729012 16.057687137275934 9.1260543316602689 34.651477262377739 4.7882860749959937 20.287290673702959 9.6841564550995809 4.3535165935754767 33.161748308688402 10.264678988605736 4.7932641915977063 4.8008510544896117 21.329427886754274 21.611300941556692 6.9895034208893767
leaf_count=24162 38570 73972 361 1322 65 142 390 80 152 317 1435 138 64 4746 55 305 85 39 558 61 313 139 65 563 118 74 45 344 366 51
internal_value=6.37107e-05 -0.0181325 -0.0431186 -0.0454705 -0.00954862 -0.0467383 -0.0198243 -0.0236033 -0.0167012 -0.00148716 -0.0259206 -0.00974363 0.00886168 -0.0472204 -0.0282981 -0.00947517 0.0101396 0.0162084 -0.0389206 -0.0266883 -0.00994979 0.0115729 -0.0225492 -0.0479689 -0.0338925 -0.0200597 -0.0309274 -0.0387941 0.0368957 -0.0406247
internal_weight=7044.14 5221.89 3860.63 3607.53 253.099 3408.76 60.7174 198.768 219.877 83.4038 136.474 57.8995 64.0614 3348.04 174.632 40.6277 24.1361 21.6505 281.363 73.7647 39.1132 14.4724 24.6408 3066.68 134.004 41.1882 30.9235 26.1227 33.2214 34.3512
internal_count=149097 110527 86365 83428 2937 81000 583 2428 2506 533 1973 538 381 80417 2263 360 165 177 5882 1136 578 200 378 74535 1903 581 463 418 431 441
is_linear=0
shrinkage=0.05


Tree=50
num_leaves=31
num_cat=0
split_feature=2 22 0 8 0 4 7 8 7 7 21 7 21 0 0 10 10 5 21 20 0 10 20 4 20 8 10 21 10 7
split_gain=2518.02 3500.34 111.929 43.2114 36.1498 32.7803 17.4995 19.1074 11.9632 10.8125 8.31236 7.70788 7.41545 6.97757 6.06165 6.0551 5.76163 5.26312 4.56777 8.88411 4.53405 4.21047 3.80099 8.12304 3.14204 3.05956 2.91728 2.62725 2.52951 2.21526
threshold=1.0000000180025095e-35 1.0000000180025095e-35 36.500000000000007 1.5000000000000002 52.500000000000007 1.0000000180025095e-35 1.0000000180025095e-35 2.5000000000000004 1.5000000000000002 1.0000000180025095e-35 1.0000000180025095e-35 2.5000000000000004 1.0000000180025095e-35 32.500000000000007 40.500000000000007 4.0151500000000011 4.0474000000000006 0.12864214992927867 1.0000000180025095e-35 3.5000000000000004 42.500000000000007 4.2090500000000004 2.5000000000000004 2.5000000000000004 3.5000000000000004 3.5000000000000004 3.8868500000000004 1.0000000180025095e-35 3.9583500000000007 1.5000000000000002
decision_type=2 2 2 2 2 2 2 2 2 2 2 2 2 2 2 2 2 2 2 2 2 2 2 2 2 2 2 2 2 2
left_child=1 -1 3 -3 6 9 7 27 12 18 13 20 15 29 16 17 25 -7 24 -20 21 -8 23 -17 -5 28 -15 -4 -9 -11
right_child=-2 2 4 5 -6 8 11 14 -10 10 -12 -13 -14 26 -16 22 -18 -19 19 -21 -22 -23 -24 -25 -26 -27 -28 -29 -30 -31
leaf_value=0.052568107243241895 0.052074520724157781 0.048400578741249034 -0.042441365723861244 -0.048196258019109789 0.047523395369230455 -0.041839052163743042 0.0025087959134133505 0.027329121281654118 0.032157453581747604 -0.044448408644558568 0.01040072773158137 -0.038014041413813614 0.029564880557605061 0.008488662594843769 0.0059973039911272868 -0.024397016670160285 -0.040475432081653308 -0.017485992718437517 -0.00603231846251134 -0.050274982514444733 0.020883572069904446 -0.029819242505486804 -0.023596473290411438 0.04374022188010078 -0.030273732406741506 -0.033078349074887436 -0.026548275621667436 0.0012338800542047259 -0.011873786043238584 -0.020211561815085776
leaf_weight=1303.7232674434781 1733.6567686125636 11.491036068648098 104.52307136356831 2844.9341004043818 21.425823599100113 91.190114587545395 52.020040579140186 7.7693071365356463 7.879598230123519 184.00723012536764 8.630421429872511 11.768477641046045 4.6976948082447043 6.1999495737254611 37.515221286565065 9.2037828676402551 19.379728361964226 32.030366357415915 20.73368775844574 24.909508664160967 25.500465024262667 11.453522138297556 38.079226911067963 6.6725257039070121 30.983996082097292 4.8662212789058676 53.411942940205336 3.5018586069345465 6.940237358212471 12.477597277611492
leaf_count=24254 38494 211 2135 72693 338 1482 406 73 35 4485 52 74 30 88 246 82 281 298 96 371 134 96 417 42 540 53 906 20 86 190
internal_value=0.000169659 -0.0178417 -0.0426976 -0.0453163 -0.0137166 -0.0456496 -0.0184666 -0.0275777 -0.0252483 -0.0468562 -0.0368007 -0.00167379 -0.0278976 -0.0384256 -0.00829422 -0.0295786 -0.021863 -0.0357004 -0.0477545 -0.0307377 0.00350197 -0.00369668 -0.0152028 0.00513478 -0.0480138 -0.00236531 -0.0228243 -0.0410272 0.00925404 -0.0430194
internal_weight=6731.58 4997.92 3694.2 3387.53 306.664 3376.04 285.238 184.496 189.753 3186.29 264.727 100.743 181.874 256.097 76.4707 177.176 38.9555 123.22 2921.56 45.6432 88.974 63.4736 53.9555 15.8763 2875.92 19.5758 59.6119 108.025 14.7095 196.485
internal_count=148708 110214 85960 82018 3942 81807 3604 2894 2386 79421 5721 710 2351 5669 739 2321 493 1780 73700 467 636 502 541 124 73233 212 994 2155 159 4675
is_linear=0
shrinkage=0.05


Tree=51
num_leaves=31
num_cat=0
split_feature=2 22 0 4 8 4 7 8 17 10 21 20 7 10 7 0 10 21 0 17 17 20 20 21 0 0 17 20 5 17
split_gain=2377.24 3303.16 115.283 46.4368 41.9788 28.9639 24.0319 12.6276 12.3827 11.6157 11.2038 10.9524 7.97195 9.0811 7.59467 7.22167 5.90409 5.50328 5.98646 5.27865 4.94267 4.76742 4.54529 4.30789 3.95492 3.45543 3.97638 3.42755 3.29399 9.89198
threshold=1.0000000180025095e-35 1.0000000180025095e-35 35.500000000000007 1.0000000180025095e-35 1.5000000000000002 1.0000000180025095e-35 1.0000000180025095e-35 2.5000000000000004 0.07634032634032635 4.1614500000000012 1.0000000180025095e-35 3.5000000000000004 2.5000000000000004 4.0252000000000008 1.5000000000000002 42.500000000000007 3.8333500000000007 1.0000000180025095e-35 30.500000000000004 0.19859154929577469 0.14670014347202298 2.5000000000000004 3.5000000000000004 1.0000000180025095e-35 26.500000000000004 46.500000000000007 0.091507177033492829 2.5000000000000004 0.13025804171085192 0.098746324098436783
decision_type=2 2 2 2 2 2 2 2 2 2 2 2 2 2 2 2 2 2 2 2 2 2 2 2 2 2 2 2 2 2
left_child=1 -1 4 6 -3 10 7 23 -8 17 14 -12 13 -10 22 16 -9 18 28 -16 -17 -5 24 -4 -6 26 -15 -20 -7 -30
right_child=-2 2 3 21 5 9 8 15 12 -11 11 -13 -14 25 19 20 -18 -19 27 -21 -22 -23 -24 -25 -26 -27 -28 -29 29 -31
leaf_value=0.05243272377115088 0.051966321669076491 0.048211045644557436 -0.041669594106438335 0.048236826318121429 -0.04953066750788284 -0.040051040518222836 -0.030643494442043326 0.0266753627325047 0.050550718131615005 0.01039879594655934 0.0045907479185875169 -0.042144044531450514 -0.032113364797783719 0.033659595786711509 -0.029507980050245543 -0.011960406096664848 -0.029004412452370155 0.023206245034105288 0.014603174083235368 0.02529098598270605 0.031670494942747762 0.010160442085991036 -0.026877087380551487 0.0084872520684488237 -0.045434881857268232 0.033913067178520877 -0.0056919449527822229 -0.024840971815519836 0.028936187581313229 -0.034082011913461045
leaf_weight=1248.7263519652188 1652.5401896238327 11.24377443641424 135.25693428516388 25.314289268106222 1431.8755369074643 101.80172936990857 27.313972253352404 4.4197479933500281 12.58581832051277 19.298183605074883 21.368469342589378 28.725754056125879 9.966382220387457 6.4958916418254367 21.788688294589523 14.054386280477049 56.528817228972912 4.0248975157737723 9.8018750473856926 4.6300316676497451 10.492431327700613 12.890240889042614 31.394826572388411 4.1011192947626105 1461.3013129122555 7.8063775748014441 43.706970620900393 10.324663929641247 7.0198168084025374 29.266797620803118
leaf_count=24361 38496 215 3034 367 38467 1688 257 41 87 135 96 401 63 48 315 75 785 26 71 50 46 99 561 25 38511 39 339 110 54 289
internal_value=0.000242814 -0.0175216 -0.042034 -0.015596 -0.0450986 -0.0454433 -0.0216077 -0.030881 -0.00217261 -0.0258176 -0.0466215 -0.0225089 0.00773767 0.0137337 -0.047023 -0.0154933 -0.0246013 -0.0301628 -0.0316577 -0.019332 0.00719911 0.0359767 -0.0472665 -0.0401436 -0.0474784 0.00502447 -4.22034e-05 -0.00584923 -0.0353502 -0.0214418
internal_weight=6466.07 4813.53 3564.8 370.933 3193.87 3182.62 332.729 224.853 107.875 181.538 3001.08 50.0942 80.5614 70.5951 2950.99 85.4954 60.9486 162.24 158.215 26.4187 24.5468 38.2045 2924.57 139.358 2893.18 58.0092 50.2029 20.1265 138.088 36.2866
internal_count=149151 110655 86294 5305 80989 80774 4839 4006 833 2373 78401 497 576 513 77904 947 826 2238 2212 365 121 466 77539 3059 76978 426 387 181 2031 343
is_linear=0
shrinkage=0.05


Tree=52
num_leaves=31
num_cat=0
split_feature=2 22 0 4 8 4 7 8 10 21 20 7 7 20 20 10 0 21 0 7 5 21 20 0 8 0 10 10 10 7
split_gain=2271.66 3132.67 108.287 42.8745 40.107 29.1171 19.0372 14.836 9.72644 8.76106 11.6429 8.22375 6.79215 6.20352 6.05858 5.95653 5.03191 5.12321 4.9409 3.742 3.62348 3.53789 3.46577 2.83491 3.1281 5.69569 2.97252 2.82418 4.09274 2.56907
threshold=1.0000000180025095e-35 1.0000000180025095e-35 35.500000000000007 1.0000000180025095e-35 1.5000000000000002 1.0000000180025095e-35 1.0000000180025095e-35 2.5000000000000004 4.0695500000000004 1.0000000180025095e-35 3.5000000000000004 1.5000000000000002 2.5000000000000004 2.5000000000000004 2.5000000000000004 3.9524000000000004 46.500000000000007 1.0000000180025095e-35 40.500000000000007 1.0000000180025095e-35 0.13025804171085192 1.0000000180025095e-35 2.5000000000000004 26.500000000000004 2.5000000000000004 31.500000000000004 4.0981500000000013 4.0837000000000012 4.1313500000000012 1.0000000180025095e-35
decision_type=2 2 2 2 2 2 2 2 2 2 2 2 2 2 2 2 2 2 2 2 2 2 2 2 2 2 2 2 2 2
left_child=1 -1 4 6 -3 9 7 21 20 11 -11 23 16 -10 -5 -9 17 -8 -17 -15 -7 -4 -13 27 29 -26 -27 -6 -29 -25
right_child=-2 2 3 14 5 8 12 15 13 10 -12 22 -14 19 -16 18 -18 -19 -20 -21 -22 -23 -24 24 25 26 -28 28 -30 -31
leaf_value=0.052305137870435094 0.051863711386411798 0.047945560157048539 -0.04202003177109491 0.047623037119248798 -0.049078284529722072 -0.036417342047525586 -0.0071610886637428848 0.012905686341242967 0.021115383716617472 0.0015419359025738712 -0.045849840107258164 0.0044540591102637033 -0.037911382370181025 -0.028422251405597562 0.0054570051063097692 -0.032414210568855177 0.035061396782267544 0.035719249075766443 -0.0052077313697848548 0.014487519958540505 -0.016984181649398328 0.0028691054786015992 -0.032366262149345397 -0.047264130114997478 -0.045014676689887463 -0.021256417034962068 -0.043223808134922721 0.02831870554553826 -0.037735829973618448 -0.038273924699686046
leaf_weight=1189.1188195236027 1576.7795813083649 10.831285823136566 129.61201404035091 25.030157558619976 1379.4233727566898 104.24535187706351 78.959260247647762 16.418857630342245 14.794419404119251 22.856019973754883 28.741376884281635 10.482415787875652 12.259024642407892 20.020345401018862 13.086384665220974 36.033540207892656 8.3967181444168073 6.6381760388612738 31.197064474225044 6.0102873966097823 34.656546197831631 4.4141296893358222 14.550779014825821 1062.2148250974715 158.04888722300529 57.970111969858408 22.87783956900239 2.5351954959332925 6.6347590498626232 116.84647289663553
leaf_count=24325 38540 217 3020 382 38582 1729 642 165 93 103 416 130 83 211 104 586 43 65 193 30 322 28 221 29646 4317 1393 541 71 189 2950
internal_value=5.63464e-05 -0.0176139 -0.0418209 -0.0159003 -0.0448678 -0.0452115 -0.0218172 -0.0302552 -0.0254568 -0.0464337 -0.0252266 -0.0468111 -0.00440986 -0.00388233 0.033656 -0.0135061 0.000312615 -0.0034616 -0.0200509 -0.0183453 -0.0317248 -0.0405313 -0.0173693 -0.0470675 -0.0452497 -0.0393716 -0.0279248 -0.0488897 -0.018485 -0.0464064
internal_weight=6201.68 4624.9 3435.79 362.045 3073.74 3062.91 323.929 217.676 179.727 2883.18 51.5974 2831.58 106.253 40.8251 38.1165 83.6495 93.9942 85.5974 67.2306 26.0306 138.902 134.026 25.0332 2806.55 1417.96 238.897 80.848 1388.59 9.16995 1179.06
internal_count=149337 110797 86472 5311 81161 80944 4825 3992 2385 78559 519 78040 833 334 486 944 750 707 779 241 2051 3048 351 77689 38847 6251 1934 38842 260 32596
is_linear=0
shrinkage=0.05


Tree=53
num_leaves=31
num_cat=0
split_feature=2 22 0 12 0 4 21 7 12 7 20 7 17 5 17 7 17 17 10 17 0 12 7 10 10 20 17 12 10 10
split_gain=2149.96 2936.93 102.744 38.9519 33.5019 32.4727 14.7517 14.1056 12.4607 10.472 10.4365 7.22544 6.99628 6.71909 6.82563 5.84002 7.13286 5.73055 5.56594 5.46373 4.96337 4.80873 4.99826 4.48367 4.28165 4.14654 6.10437 3.84187 3.68177 3.50392
threshold=1.0000000180025095e-35 1.0000000180025095e-35 36.500000000000007 1.0000000180025095e-35 50.500000000000007 1.0000000180025095e-35 1.0000000180025095e-35 1.0000000180025095e-35 1.5000000000000002 1.0000000180025095e-35 3.5000000000000004 1.5000000000000002 0.19859154929577469 0.14793771043771045 0.26598639455782319 2.5000000000000004 0.07634032634032635 0.1856158484065461 4.0324000000000009 0.21244358478401035 32.500000000000007 1.5000000000000002 1.0000000180025095e-35 4.1852500000000008 4.0271000000000008 2.5000000000000004 0.23368794326241138 1.5000000000000002 3.9077500000000005 4.2723500000000012
decision_type=2 2 2 2 2 2 2 2 2 2 2 2 2 2 2 2 2 2 2 2 2 2 2 2 2 2 2 2 2 2
left_child=1 -1 3 -3 7 6 11 8 29 13 -8 20 -13 25 -15 16 27 28 -18 -19 -5 22 -22 -24 -11 26 -7 -9 -10 -4
right_child=-2 2 4 5 -6 9 10 15 17 24 -12 12 -14 14 -16 -17 18 19 -20 -21 21 -23 23 -25 -26 -27 -28 -29 -30 -31
leaf_value=0.052181502755771929 0.051766202372204945 0.04781394864546467 -0.040298225394157935 -0.047268247110790196 0.042693410783303409 -0.025413172906477058 0.004946044026668624 -0.033880495752101857 0.01453825847391034 -0.021439687158441523 -0.039353951427425815 -0.031479542184822844 0.029360586265074859 0.0097019447620628196 -0.042938091135558687 -0.035194165002659802 0.039604853908790899 0.043763221688702232 0.003050413447532666 -0.015038390873312317 -0.046119613320592452 -0.027745606611150234 -0.031067663767595767 0.019789177431820189 0.022336931783483813 -0.038852828308236137 0.034089302208791555 0.0097638068016624221 -0.022195443863206304 0.0032447458524955289
leaf_weight=1126.3655645698309 1498.4213832616806 10.732163362205027 92.829828575253487 2423.569916356355 23.928193297237158 34.108834933489561 24.473346874117851 16.217575974762443 7.1341561004519454 7.5260529145598438 27.596542458981276 23.723818134516481 5.006401576101779 20.325841274112467 7.6809462718665591 11.052838966250418 12.211810559034346 7.5109774805605394 50.114628482609987 6.6497620083391666 216.67748352885246 70.156572703272104 24.967133436352018 4.4880927652120581 15.447803959250448 90.114917412400246 4.0352171100676051 6.5997914969921103 51.690743416547775 4.7088846862316123
leaf_count=24183 38432 224 2091 70658 365 488 110 147 60 80 406 347 52 144 63 74 75 55 346 56 6041 1555 514 85 80 1487 48 59 565 76
internal_value=1.71374e-05 -0.0175037 -0.0412883 -0.044029 -0.0128454 -0.0443734 -0.0456888 -0.0179688 -0.0265645 -0.0235348 -0.0188317 -0.0461869 -0.0202468 -0.0281466 -0.00571732 -0.00261484 0.00197386 -0.0107292 0.0107249 0.0169799 -0.0464514 -0.0400632 -0.0434476 -0.0229233 0.00769995 -0.0329621 -0.0184084 -0.0213767 -0.0175719 -0.0381845
internal_weight=5926.07 4427.65 3301.28 3010.63 290.649 2999.9 2820.66 266.721 170.524 179.24 52.0699 2768.59 28.7302 156.266 28.0068 96.1966 85.1438 72.9856 62.3264 14.1607 2739.86 316.289 246.133 29.4552 22.9739 128.259 38.1441 22.8174 58.8249 97.5387
internal_count=148966 110534 86351 82382 3969 82158 79768 3604 2903 2390 516 79252 399 2230 207 701 627 736 421 111 78853 8195 6640 599 160 2023 536 206 625 2167
is_linear=0
shrinkage=0.05


Tree=54
num_leaves=31
num_cat=0
split_feature=2 22 0 4 8 4 21 20 0 7 17 21 7 8 7 7 17 8 0 20 10 10 5 17 7 17 17 10 1 17
split_gain=2034.04 2771.86 109.501 42.2865 34.1263 24.1882 19.1236 15.4487 13.129 11.6236 9.02677 8.78406 8.75468 8.91585 8.21031 7.93454 9.741 6.50767 6.02088 6.80779 5.85714 5.26519 5.63536 14.7278 4.24287 3.90535 3.7475 3.49279 3.4277 3.35945
threshold=1.0000000180025095e-35 1.0000000180025095e-35 38.500000000000007 1.0000000180025095e-35 1.5000000000000002 1.0000000180025095e-35 1.0000000180025095e-35 3.5000000000000004 33.500000000000007 1.5000000000000002 0.063164893617021281 1.0000000180025095e-35 1.0000000180025095e-35 2.5000000000000004 2.5000000000000004 1.0000000180025095e-35 0.1082709215239336 2.5000000000000004 30.500000000000004 2.5000000000000004 4.1949500000000013 4.1313500000000012 0.13025804171085192 0.098746324098436783 1.5000000000000002 0.14670014347202298 0.11970149253731345 4.0474000000000006 32.500000000000007 0.26138716356107666
decision_type=2 2 2 2 2 2 2 2 2 2 2 2 2 2 2 2 2 2 2 2 2 2 2 2 2 2 2 2 2 2
left_child=1 -1 3 4 -3 10 8 -8 24 11 -4 18 13 -12 20 17 -17 -10 21 -20 -14 22 -5 -24 -6 -15 -21 -19 -7 -25
right_child=-2 2 5 9 6 28 7 -9 15 -11 12 -13 14 25 -16 16 -18 27 19 26 -22 -23 23 29 -26 -27 -28 -29 -30 -31
leaf_value=0.052066103248182921 0.051673699231497831 0.047071449442438629 -0.047839921200801196 -0.039181418339056653 -0.046969206600320466 -0.0068944602446728148 0.0099481907739299314 -0.040884273194699894 -0.044712941853878585 0.032211162226258486 -0.033175636824111149 0.036194798880522232 0.026677074592030021 -0.013817383321929971 -0.034733381895928749 -0.040057540623861007 -0.0013992400177692485 -0.014077515945256731 0.020393312340565989 0.0050326448026092614 -0.009833274415619429 0.0021651801605782218 0.0420527845246415 -0.017699319050639636 -0.018784977187015998 0.015234431013857064 -0.038346121958042767 -0.037938967140512092 0.046438806433003604 -0.055929528649653393
leaf_weight=1075.23798744753 1427.4224221408367 9.3490435704588872 14.079984735697506 88.124894101172686 2417.5850021615624 3.1706144064664867 28.522129163146019 29.688773732632399 176.41557700559497 9.3686749301850778 42.592388737946749 5.287338074296712 34.88907939940691 26.151222206652164 8.6528138965368253 29.617337606847286 34.995860125869513 34.949142511934042 13.854189321398733 7.2776953056454685 15.205557271838186 11.867532286792992 7.8234684541821471 16.998145766556267 15.217517193406819 19.162562109529972 13.43761984631419 29.329191707074642 23.06506072729826 9.0416081286966783
leaf_count=24220 38421 208 151 1640 73504 15 152 438 4962 46 894 39 190 234 54 449 473 598 93 58 92 112 55 176 240 127 134 621 403 96
internal_value=5.25965e-05 -0.0172892 -0.0407806 -0.0431021 -0.0446237 -0.0036391 -0.0449469 -0.0162301 -0.0455513 -0.0196695 -0.0109615 -0.0226359 -0.0071208 -0.0170314 0.00774572 -0.0354753 -0.0194598 -0.0396762 -0.0246855 -0.005877 0.0156193 -0.0294634 -0.0325329 -0.0146035 -0.0468007 -0.00146811 -0.0235764 -0.0253795 0.0399769 -0.0325512
internal_weight=5678.38 4250.96 3175.72 2988.75 2805.67 186.969 2796.32 58.2109 2738.11 183.081 160.734 173.712 146.654 87.9062 58.7475 305.307 64.6132 240.694 168.425 34.5695 50.0946 133.856 121.988 33.8632 2432.8 45.3138 20.7153 64.2783 26.2357 26.0398
internal_count=148895 110474 86254 84094 81645 2160 81437 590 80847 2449 1742 2403 1591 1255 336 7103 922 6181 2364 285 282 2079 1967 327 73744 361 192 1219 418 272
is_linear=0
shrinkage=0.05


Tree=55
num_leaves=31
num_cat=0
split_feature=2 22 0 4 0 8 7 21 7 8 20 21 17 0 17 20 17 8 8 17 7 0 5 20 17 5 7 17 17 0
split_gain=1926.93 2623.63 104.238 37.794 31.0748 29.2876 13.9796 10.8848 10.4393 11.5511 9.79653 9.53834 7.22339 6.87268 5.92176 5.86013 10.5812 6.80773 5.68472 13.2297 4.52334 4.43523 4.31874 4.03365 3.53358 9.3369 2.86104 2.72345 4.56275 2.71783
threshold=1.0000000180025095e-35 1.0000000180025095e-35 36.500000000000007 1.0000000180025095e-35 48.500000000000007 1.5000000000000002 1.5000000000000002 1.0000000180025095e-35 1.0000000180025095e-35 2.5000000000000004 3.5000000000000004 1.0000000180025095e-35 0.15438786565547133 32.500000000000007 0.037749287749287756 2.5000000000000004 0.16552511415525115 2.5000000000000004 2.5000000000000004 0.23368794326241138 2.5000000000000004 40.500000000000007 0.037210107303565255 3.5000000000000004 0.23582887700534763 0.15376049340414599 1.0000000180025095e-35 0.133739837398374 0.063164893617021281 54.500000000000007
decision_type=2 2 2 2 2 2 2 2 2 2 2 2 2 2 2 2 2 2 2 2 2 2 2 2 2 2 2 2 2 2
left_child=1 -1 3 5 8 -3 11 13 9 -4 -9 18 27 23 -10 16 -15 -17 24 22 -16 -14 -20 -7 25 -5 -18 28 -11 -6
right_child=-2 2 4 6 29 7 -8 10 14 12 -12 -13 21 15 20 17 26 -19 19 -21 -22 -23 -24 -25 -26 -27 -28 -29 -30 -31
leaf_value=0.051958121345769749 0.051585959426423113 0.046256839015865886 -0.036689062246026277 -0.03236329841676399 0.017937468166757217 -0.046816334755249975 0.04393976762790211 0.0019951743092155826 -0.039691426487588756 -0.047698902604761277 -0.042012411233348888 0.039100686556788444 -0.012012370266165662 -0.03581979412900145 0.004561075446685792 -0.044189052810126611 -0.0056694123065100842 0.0060725502844334112 0.013587266026158815 0.053785515688838714 -0.03146058473810262 0.032106580257472463 -0.033550527017172337 -0.025445426016484286 -0.049241206255928933 0.0081857866902040177 0.035817842575116436 -0.039592414613474881 -0.003193176668340611 0.04915510034502521
leaf_weight=1028.9542025141418 1363.7076737433672 8.0435277111828309 90.024405840784311 91.646156013011932 14.809477288275959 2199.3377376701683 7.1541660130023947 23.784312516450882 9.3034924082458001 6.2837511710822573 25.795659691095352 5.0263168364763251 9.0377145484089869 69.924707926809788 75.438656114041805 214.66096410155296 14.982012871652843 6.7204677648842326 5.7577389292419019 6.2164579927921286 8.8368094563484174 12.701982032507656 19.502048157155514 26.158610042184591 21.092542249709368 16.345832698047161 4.645478267222642 12.414214778691528 28.316143780946732 16.060608144849539
leaf_count=24302 38524 187 2163 1576 105 70056 33 107 83 78 412 37 113 1649 543 6208 373 127 51 45 62 71 244 543 309 103 65 143 317 318
internal_value=0.000154934 -0.0170482 -0.0403376 -0.0432947 -0.0113993 -0.0448055 -0.0204798 -0.0451065 -0.0172175 -0.0249871 -0.0212792 -0.02351 -0.00935852 -0.0455637 -0.00390985 -0.0381872 -0.0268233 -0.0426428 -0.0256999 -0.00640143 0.000459343 0.0140436 -0.0226976 -0.0465767 -0.0303204 -0.0262069 0.00541027 -0.020247 -0.0123888 0.0352116
internal_weight=5442.68 4078.98 3050.02 2766.79 283.227 2594.05 172.741 2586.01 252.357 158.778 49.58 165.587 68.7538 2536.43 93.579 310.934 89.5522 221.381 160.561 31.4762 84.2755 21.7397 25.2598 2225.5 129.085 107.992 19.6275 47.0141 34.5999 30.8701
internal_count=148947 110423 86121 82125 3996 79727 2398 79540 3573 2885 519 2365 722 79021 688 8422 2087 6335 2328 340 605 184 295 70599 1988 1679 438 538 395 423
is_linear=0
shrinkage=0.05


Tree=56
num_leaves=31
num_cat=0
split_feature=2 22 0 8 4 4 7 21 8 7 17 20 10 17 21 20 0 5 0 10 7 17 8 21 10 10 0 10 17 20
split_gain=1830.08 2474.9 97.3413 32.5848 31.9356 27.5004 18.1533 11.9187 10.9643 8.61338 8.44845 7.8977 7.64954 6.8537 6.28227 5.75842 5.75605 5.62198 5.16249 5.60175 5.13776 4.89096 4.51203 4.17295 3.99707 3.88257 6.76922 3.6959 4.01437 3.23779
threshold=1.0000000180025095e-35 1.0000000180025095e-35 35.500000000000007 1.5000000000000002 1.0000000180025095e-35 1.0000000180025095e-35 1.0000000180025095e-35 1.0000000180025095e-35 2.5000000000000004 1.5000000000000002 0.07634032634032635 3.5000000000000004 4.0815500000000009 0.16035714285714289 1.0000000180025095e-35 3.5000000000000004 40.500000000000007 0.17311854811854813 33.500000000000007 4.3150500000000012 1.0000000180025095e-35 0.15438786565547133 2.5000000000000004 1.0000000180025095e-35 4.0151500000000011 3.9900500000000005 39.500000000000007 4.2524500000000005 0.11378020713463753 2.5000000000000004
decision_type=2 2 2 2 2 2 2 2 2 2 2 2 2 2 2 2 2 2 2 2 2 2 2 2 2 2 2 2 2 2
left_child=1 -1 3 -3 6 7 8 15 23 14 -8 -9 21 29 17 18 -6 24 19 -5 22 -12 -20 -4 -7 -15 -27 28 -14 -10
right_child=-2 2 4 5 16 9 10 11 13 -11 12 -13 27 25 -16 -17 -18 -19 20 -21 -22 -23 -24 -25 -26 26 -28 -29 -30 -31
leaf_value=0.051853767659459975 0.051502458587676575 0.046929496036990634 -0.040158208494780932 -0.046307926306144206 0.0038536359430508074 -0.03723425739863323 -0.027119767782625523 0.0012703667698260948 -0.027653461817056264 0.028456898463650876 0.012849278738788281 -0.038853901571287486 0.020237939441680494 0.040330986233642785 0.027228715457676973 -0.020687066338222038 0.045791239006059997 -0.00083726268254612907 -0.045810984842080876 0.030803039454472221 -0.015707999885544704 0.061438084917511564 -0.021986009078153387 0.0087833249391203443 -0.018324120223669312 -0.045753836826073049 0.018515649233246344 -0.031152588166220033 -0.010417768137770879 0.0069551919947495522
leaf_weight=978.94777731224895 1297.5967864505947 9.230577562004326 113.52896055579185 2207.6049771923572 13.200827918946741 89.778547260910273 26.168585266917944 23.486295074224472 49.549031291157007 6.8508354872465125 19.088359437882904 24.526157595217228 15.96248487383127 6.0177880004048374 4.6337546184658995 25.813958439975977 21.40239129960537 17.386083640158176 92.572394028306007 1.71789240092039 27.702382765710354 6.5330212861299506 29.001688499003649 4.189452748745679 45.219033174216747 5.2825926914811161 10.807966813445089 10.249134272336958 27.836068961769342 7.3913343027234069
leaf_count=24263 38475 217 3049 73248 69 1688 262 106 647 32 145 408 109 54 30 547 395 97 2911 42 508 40 666 27 517 86 67 79 212 73
internal_value=5.41921e-05 -0.0169777 -0.0398854 -0.0431571 -0.0145527 -0.0434954 -0.0197705 -0.0448358 -0.0287155 -0.0234465 -0.00302732 -0.0196008 0.00512432 -0.0140574 -0.0258768 -0.0453355 0.03035 -0.0276587 -0.0455964 -0.0462341 -0.0359146 0.0270811 -0.0403532 -0.0383571 -0.0310814 0.00926997 -0.00402682 -0.00558718 0.000957135 -0.0231185
internal_weight=5219.28 3921.68 2942.73 2605.52 337.208 2596.29 302.605 2432.43 196.767 163.868 105.838 48.0125 79.6691 79.0487 157.017 2384.41 34.6032 152.384 2358.6 2209.32 149.276 25.6214 121.574 117.718 134.998 22.1083 16.0906 54.0477 43.7986 56.9404
internal_count=149069 110594 86331 81017 5314 80800 4850 78436 4003 2364 847 514 585 927 2332 77922 464 2302 77375 73290 4085 185 3577 3076 2205 207 153 400 321 720
is_linear=0
shrinkage=0.05


Tree=57
num_leaves=31
num_cat=0
split_feature=2 22 0 4 4 8 7 8 7 7 17 21 0 5 17 21 0 17 20 21 20 0 21 20 17 20 8 7 17 7
split_gain=1725.28 2334.54 100.791 34.7926 32.82 26.4467 14.3922 11.5854 10.0438 9.50219 7.69139 7.18695 6.00118 5.42681 7.60037 5.38573 5.25174 7.64695 6.13873 5.93481 4.75977 4.15494 3.78913 3.80349 3.35797 4.99675 2.78504 2.56486 2.35371 2.31376
threshold=1.0000000180025095e-35 1.0000000180025095e-35 35.500000000000007 1.0000000180025095e-35 1.0000000180025095e-35 1.5000000000000002 1.0000000180025095e-35 2.5000000000000004 1.0000000180025095e-35 1.5000000000000002 0.07634032634032635 1.0000000180025095e-35 43.500000000000007 0.15376049340414599 0.15331196581196585 1.0000000180025095e-35 32.500000000000007 0.12933094384707292 2.5000000000000004 1.0000000180025095e-35 2.5000000000000004 26.500000000000004 1.0000000180025095e-35 3.5000000000000004 0.17274535809018571 2.5000000000000004 2.5000000000000004 1.5000000000000002 0.20722186076772939 2.5000000000000004
decision_type=2 2 2 2 2 2 2 2 2 2 2 2 2 2 2 2 2 2 2 2 2 2 2 2 2 2 2 2 2 2
left_child=1 -1 3 5 6 -3 7 15 22 11 26 13 -9 21 -15 -4 19 -18 -19 27 -6 -5 -7 -24 -23 -26 -8 -10 -27 -12
right_child=-2 2 4 9 20 8 10 12 16 -11 29 -13 -14 14 -16 -17 17 18 -20 -21 -22 24 23 -25 25 28 -28 -29 -30 -31
leaf_value=0.051755949678671948 0.051423108144579677 0.045656404673187823 -0.038991177069978102 -0.037676817991526418 0.047163281006865038 -0.045886332036095809 -0.035756324775986711 -0.01956675962210459 -0.041417034742756577 0.033673966802783416 0.0078889294359040102 0.032718623899843167 0.01162834636691777 0.034538545353565521 -0.021581594531093116 0.0153858818470373 -0.033646225324254507 0.043369015515160127 -0.015651302885586676 0.0096390595694396189 0.007761305177744638 -0.027904415421479912 -0.012861545776359291 -0.044686125151338352 0.02653807206252691 0.0037503689239501482 0.0014617236925500276 -0.014200059457521706 -0.036411811536771838 -0.017741034177529688
leaf_weight=936.25652119517326 1235.5593042373657 7.391744475811719 108.74479181692004 65.639825135469437 20.910261195152998 2096.9818737208843 19.070079155266288 60.756376419216394 137.27117092162371 6.9894933775067321 67.517322387546301 4.821353390812873 19.800433143973351 7.916315250098708 17.694587100297213 4.2478270828723899 25.22709659487009 6.6159713901579389 9.5926581956446171 6.0249488726258269 12.490748349577187 36.204305622726679 20.414697378873825 18.410222347825766 7.9795454591512689 5.7677183225750932 6.6040222868323317 10.662273671478031 8.1828573197126371 9.1468891054391843
leaf_count=24341 38456 187 3026 1340 370 72349 196 863 4487 33 505 33 94 43 134 27 532 110 202 41 101 492 95 354 70 85 64 192 134 59
internal_value=0.000179326 -0.016645 -0.039292 -0.0427172 -0.0132392 -0.0442688 -0.018562 -0.0265477 -0.0445734 -0.0200721 -0.00334828 -0.0227095 -0.0118506 -0.0247041 -0.00358885 -0.0368299 -0.0333137 -0.0169182 0.00955964 -0.0375886 0.0330823 -0.0290094 -0.0455874 -0.0286954 -0.0187513 -0.00308255 -0.026487 -0.0395639 -0.020667 0.00464193
internal_weight=5000.89 3765.33 2829.08 2499.79 329.289 2338.59 295.888 193.549 2331.2 161.196 102.338 154.207 80.5568 149.385 25.6109 112.993 195.394 41.4357 16.2086 153.958 33.401 123.774 2135.81 38.8249 58.1344 21.9301 25.6741 147.933 13.9506 76.6642
internal_count=149015 110559 86218 80913 5305 78549 4834 4010 78362 2364 824 2331 957 2298 177 3053 5564 844 312 4720 471 2121 72798 449 781 289 260 4679 219 564
is_linear=0
shrinkage=0.05


Tree=58
num_leaves=31
num_cat=0
split_feature=9 22 0 4 8 4 21 10 7 8 0 7 17 8 17 20 10 17 10 17 10 0 21 10 0 20 4 17 20 7
split_gain=1633.44 2199.41 100.955 32.4738 26.3739 24.4082 13.9471 13.0095 10.6324 14.2512 9.71094 8.76248 8.33801 8.10552 7.23129 7.20136 7.11347 6.9714 7.89565 5.71147 7.89361 5.61463 5.60584 5.60329 5.21393 4.9414 6.90925 6.3011 4.64998 4.01144
threshold=2.5000000000000004 1.0000000180025095e-35 36.500000000000007 1.0000000180025095e-35 1.5000000000000002 3.5000000000000004 1.0000000180025095e-35 4.0151500000000011 1.0000000180025095e-35 2.5000000000000004 32.500000000000007 1.0000000180025095e-35 0.037749287749287756 2.5000000000000004 0.16552511415525115 3.5000000000000004 4.0837000000000012 0.11451990632318503 3.9022500000000004 0.063164893617021281 3.9304500000000004 40.500000000000007 1.0000000180025095e-35 4.0424500000000014 30.500000000000004 2.5000000000000004 2.5000000000000004 0.08842144452717797 3.5000000000000004 2.5000000000000004
decision_type=2 2 2 2 2 2 2 2 2 2 2 2 2 2 2 2 2 2 2 2 2 2 2 2 2 2 2 2 2 2
left_child=1 -1 3 4 -3 8 10 22 9 -4 28 13 -10 -12 -15 -8 -14 -13 -19 -11 -21 -22 -5 -16 -17 26 -9 -27 -6 -18
right_child=-2 2 5 7 6 -7 15 25 12 19 11 17 16 14 23 24 29 18 -20 20 21 -23 -24 -25 -26 27 -28 -29 -30 -31
leaf_value=0.051661524058849745 0.051347638130954491 0.045671976539543184 -0.03579067495296822 -0.032657915541658818 -0.045881329900299792 0.045850597543123227 0.0034267571900088141 -0.0097415352140537859 -0.045736371193701213 -0.047504986157172455 -0.044583789599146779 -0.035824304157268914 0.022710024787242319 -0.032489844613487549 0.036290937662421439 -0.048039523455549411 -0.0011137005111040775 0.070501151916493102 -0.0083663229482322122 0.041649804201011886 -0.024734582679865762 0.0064243047538549997 0.025513352070182568 -0.022905934163376707 0.0065209404099966124 0.027213855392177168 0.047190578495634405 -0.021729813768610984 -0.022014930047494555 -0.038042386515443227
leaf_weight=892.0193596277386 1175.6379486992955 7.508584100753068 83.112673789262772 103.26602129265666 1939.4335211329162 17.487199179828167 23.377246022224426 10.204624861478807 8.3665936328470689 6.2295698523521414 175.64166625589132 22.064418595284224 31.222885482013226 39.354173447936773 7.4208843000233156 17.592342641204599 51.160180263221264 2.6276043169200447 24.372241701930761 8.4768963977694494 25.176037907600403 31.586912702769041 3.6085746176540843 6.6818205248564482 5.4401619099080554 7.433747097849845 9.5445733293890935 30.007810533046722 23.360886767506599 7.6014135144650927
leaf_count=24345 38412 198 2163 1817 70266 363 105 87 80 81 6024 481 211 1029 178 324 372 33 457 68 388 204 26 176 77 72 59 374 526 56
internal_value=0.000165235 -0.0164601 -0.0387346 -0.0419229 -0.0434626 -0.0096955 -0.043775 -0.0202547 -0.0137013 -0.021836 -0.0443387 -0.0352468 -0.000824557 -0.0393606 -0.0216953 -0.0161915 0.00380805 -0.0156357 0.00155279 -0.0053379 -0.000655108 -0.00758453 -0.0304755 0.00858406 -0.0354175 -0.000959343 0.0187214 -0.0115573 -0.0456086 -0.00644744
internal_weight=4797.02 3621.38 2729.36 2458.94 2294.88 270.42 2287.37 164.065 252.933 154.582 2240.96 278.163 98.3511 229.099 53.4569 46.4098 89.9845 49.0643 26.9998 71.4694 65.2398 56.763 106.875 14.1027 23.0325 57.1908 19.7492 37.4416 1962.79 58.7616
internal_count=149052 110640 86295 82309 79874 3986 79676 2435 3623 2904 79170 8378 719 7407 1383 506 639 971 490 741 660 592 1843 354 401 592 146 446 70792 428
is_linear=0
shrinkage=0.05


Tree=59
num_leaves=31
num_cat=0
split_feature=2 22 0 5 5 8 7 8 7 7 21 17 20 10 17 10 17 10 17 0 17 21 0 8 5 21 21 20 10 20
split_gain=1562.49 2078.84 92.4581 29.4977 25.7823 25.2847 10.9852 10.7234 8.89374 8.15792 7.52417 7.50482 6.55038 5.88068 5.8664 5.22809 3.86406 3.81622 3.76021 3.63813 4.01193 3.55716 3.55713 3.15519 3.15098 3.43897 2.96224 4.44052 3.90312 3.1185
threshold=1.0000000180025095e-35 1.0000000180025095e-35 35.500000000000007 0.02788888888888889 0.015038444142921758 1.5000000000000002 1.0000000180025095e-35 2.5000000000000004 1.0000000180025095e-35 1.5000000000000002 1.0000000180025095e-35 0.07634032634032635 2.5000000000000004 4.0779000000000005 0.1856158484065461 4.0837000000000012 0.1283882783882784 4.1614500000000012 0.21244358478401035 30.500000000000004 0.17274535809018571 1.0000000180025095e-35 41.500000000000007 2.5000000000000004 0.17311854811854813 1.0000000180025095e-35 1.0000000180025095e-35 3.5000000000000004 3.8333500000000007 3.5000000000000004
decision_type=2 2 2 2 2 2 2 2 2 2 2 2 2 2 2 2 2 2 2 2 2 2 2 2 2 2 2 2 2 2
left_child=1 -1 3 5 6 -3 7 21 26 17 13 23 -6 -10 22 -13 -17 19 -16 24 -21 -4 -9 -8 25 -5 27 -7 29 -28
right_child=-2 2 4 9 12 8 11 14 10 -11 -12 15 -14 -15 18 16 -18 -19 -20 20 -22 -23 -24 -25 -26 -27 28 -29 -30 -31
leaf_value=0.051572340030516507 0.051275847427769354 0.045364906414416872 -0.037414427927325772 -0.034170863696586375 0.045200277596542528 -0.045478092494310313 -0.038593139414777128 -0.026195916710507462 -0.039858888219136204 0.03036895348431817 0.014879402369882623 0.0196096605770716 -0.0010164581888385238 -0.016952221943288253 0.038209930557693762 0.0061659869774371521 -0.020781317489990868 0.0013648049370011827 -0.01006444615159632 -0.02326796608427642 0.02233898210012825 0.0081411583759627478 -0.0015925292584029957 0.001576455295809513 -0.0080209148441610506 0.011159184870905199 0.006418913164232801 -0.022188542955670954 -0.044707193336690709 -0.033778145288696014
leaf_weight=844.38902591541409 1118.8369294591248 7.1993182301521292 103.45925521664321 97.482651170343161 20.145435158163309 1900.9896984901279 18.362483412027363 41.519732814282179 136.08993229083717 6.5848371088504782 7.3795429170131674 27.784060932695866 11.959700975567101 37.960134718567133 7.8396277017891389 26.829711444675922 24.72339104115963 14.067122172564266 6.8033075667917728 10.662975493818523 7.2492108270525923 4.1306319609284392 22.654140755534172 6.4373102672398081 16.236786060035229 3.9219451285898677 10.29886442422867 23.545081946998835 18.722927868366241 7.6654829978942862
leaf_count=24180 38378 199 3085 1933 370 71748 199 678 4419 32 50 198 99 1066 74 196 187 115 66 114 70 27 134 63 97 31 44 541 257 150
internal_value=-8.47423e-05 -0.0166403 -0.0385627 -0.0420702 -0.0134413 -0.0435983 -0.0181546 -0.0253929 -0.0439183 -0.0208947 -0.0328896 -0.00507963 0.0284731 -0.0349884 -0.0111792 0.0025079 -0.0069067 -0.0233374 0.0165714 -0.0258921 -0.00460522 -0.0356066 -0.0176683 -0.0285093 -0.0290672 -0.0323258 -0.0449212 -0.0452048 -0.0292389 -0.0116101
internal_weight=4591.93 3473.09 2628.71 2306.06 322.649 2149.85 290.544 186.407 2142.65 156.206 181.43 104.137 32.1051 174.05 78.8168 79.3372 51.5531 149.621 14.6429 135.554 17.9122 107.59 64.1739 24.7998 117.641 101.405 1961.22 1924.53 36.6873 17.9643
internal_count=148800 110422 86242 80866 5376 78474 4907 4064 78275 2392 5535 843 469 5485 952 581 383 2360 140 2245 184 3112 812 262 2061 1964 72740 72289 451 194
is_linear=0
shrinkage=0.05


Tree=60
num_leaves=31
num_cat=0
split_feature=9 22 0 4 8 0 7 7 8 21 7 5 17 0 17 17 10 21 20 21 10 7 17 10 0 10 5 20 0 20
split_gain=1473.67 1958 86.0549 35.6383 24.3076 22.1713 13.51 8.82466 12.5569 7.82243 7.08062 5.84961 13.2846 5.81464 7.28562 5.26154 7.83344 5.18759 5.24525 4.90274 4.74547 4.32532 4.83299 5.60395 4.19335 3.87492 3.8128 3.67233 3.08388 5.46431
threshold=2.5000000000000004 1.0000000180025095e-35 36.500000000000007 1.0000000180025095e-35 1.5000000000000002 52.500000000000007 1.0000000180025095e-35 1.0000000180025095e-35 2.5000000000000004 1.0000000180025095e-35 1.0000000180025095e-35 0.12864214992927867 0.082272360999194202 32.500000000000007 0.11451990632318503 0.063164893617021281 3.9277500000000005 1.0000000180025095e-35 3.5000000000000004 1.0000000180025095e-35 3.8936000000000006 2.5000000000000004 0.037749287749287756 4.0815500000000009 40.500000000000007 4.0271000000000008 0.031373031496062999 2.5000000000000004 29.500000000000004 2.5000000000000004
decision_type=2 2 2 2 2 2 2 2 2 2 2 2 2 2 2 2 2 2 2 2 2 2 2 2 2 2 2 2 2 2
left_child=1 -1 3 4 -3 7 17 8 -4 13 11 19 -13 -8 -15 -10 -17 28 -19 26 -16 22 -9 -24 27 -12 -5 -18 -6 -30
right_child=-2 2 5 10 6 -7 9 21 15 -11 25 12 -14 14 20 16 24 18 -20 -21 -22 -23 23 -25 -26 -27 -28 -29 29 -31
leaf_value=0.0514880955707415 0.051207644231684314 0.045208297509125833 -0.035595893190765622 0.0020847704740382194 -0.046064773601849442 0.045137702388323618 -0.037521571546030391 -0.034542394091696557 -0.047336294969776004 0.017728690890178197 -0.019952124475146545 0.063012154730007972 -0.017363606297128156 -0.03792498011457647 0.053834022924164497 0.040716562390767833 -0.031993413248970141 -0.0064756324104154692 -0.043919485676928827 0.027998818405923831 -0.0071691042824859373 -0.031176085895494227 0.023105296299079571 -0.0046285030907870879 0.0031671829039071988 0.023107704751869584 -0.033400815135372318 0.019149357919664833 -0.031164817769868288 -0.043923206926374816
leaf_weight=807.64282893575728 1067.4879662841558 7.0698860697448245 78.441735496744514 8.1527776345610601 1358.6584930997342 15.750408720225094 133.03175904974341 7.4867822639644137 6.0888842754065982 7.6356174722313872 7.0373834706842926 5.0971033722162238 31.929254256188869 21.638573912903666 2.6333146803081062 8.2809188440442068 20.610214054584507 19.780667170882225 17.466713488101959 2.9867489896714678 25.011089965701103 10.609711267054079 27.107945065945387 51.025319792330265 31.677726395428181 14.246585499495266 87.575627148151398 3.4988827034831038 122.32794411294162 398.31517528742552
leaf_count=24268 38444 203 2157 76 54009 330 4717 77 80 51 83 36 336 494 31 65 342 91 371 22 482 75 185 384 212 78 1781 40 4236 15095
internal_value=9.70976e-05 -0.0162544 -0.0378814 -0.0410041 -0.0427138 -0.0106186 -0.0430302 -0.0143745 -0.0219736 -0.0299839 -0.0178669 -0.0220516 -0.00493287 -0.032068 -0.0168933 -0.00645635 -0.00190341 -0.0443069 -0.0247237 -0.0283587 0.000318377 -0.00253478 0.00133329 0.00516399 -0.00883546 0.00861385 -0.0303884 -0.0241042 -0.0446817 -0.040991
internal_weight=4406.3 3338.82 2531.17 2270.59 2113.57 260.579 2106.5 244.828 148.598 189.95 157.025 135.742 37.0264 182.315 49.283 70.1566 64.0677 1916.55 37.2474 98.7152 27.6444 96.2298 85.62 78.1333 55.7868 21.284 95.7284 24.1091 1879.3 520.643
internal_count=148851 110407 86139 82192 79780 3947 79577 3617 2896 5775 2412 2251 372 5724 1007 739 659 73802 462 1879 513 721 646 569 594 161 1857 382 73340 19331
is_linear=0
shrinkage=0.05


Tree=61
num_leaves=31
num_cat=0
split_feature=2 22 0 4 4 8 7 8 21 7 0 17 20 17 7 10 20 4 17 10 20 0 10 8 21 5 17 7 10 10
split_gain=1403.43 1842.93 86.6761 31.3708 23.3276 22.3975 12.9178 12.0662 10.7939 8.93492 7.52359 7.18208 7.08826 12.7932 10.2198 6.20178 6.18954 5.22901 8.42078 7.22611 8.55441 4.52429 5.36719 4.49634 4.37186 3.81699 3.21183 3.11788 4.96065 3.27047
threshold=1.0000000180025095e-35 1.0000000180025095e-35 35.500000000000007 1.0000000180025095e-35 3.5000000000000004 1.5000000000000002 1.0000000180025095e-35 2.5000000000000004 1.0000000180025095e-35 1.0000000180025095e-35 29.500000000000004 0.070505385252692634 2.5000000000000004 0.12208672086720869 1.5000000000000002 4.2524500000000005 3.5000000000000004 2.5000000000000004 0.082272360999194202 4.0695500000000004 2.5000000000000004 43.500000000000007 3.8275000000000001 2.5000000000000004 1.0000000180025095e-35 0.21064432381401937 0.22611077297626295 1.0000000180025095e-35 4.0815500000000009 4.1158500000000009
decision_type=2 2 2 2 2 2 2 2 2 2 2 2 2 2 2 2 2 2 2 2 2 2 2 2 2 2 2 2 2 2
left_child=1 -1 3 5 6 -3 7 24 10 17 -7 -8 13 -12 26 -13 -10 -5 -19 25 -21 22 -9 27 -4 -20 -15 -14 -29 -30
right_child=-2 2 4 9 -6 8 11 21 16 -11 12 15 23 14 -16 -17 -18 18 19 20 -22 -23 -24 -25 -26 -27 -28 28 29 -31
leaf_value=0.051405945491883334 0.051142680843391443 0.044702347102589989 -0.037343977087698051 -0.031878631003472616 0.043305431908854962 -0.045524572017044934 -0.028452108533931809 0.035444202598706766 0.00064485112802143785 0.012042961031925791 -0.041572553022299556 0.0089501243033449206 -0.0442135377788632 -0.020338953660169266 0.064228719757364869 -0.027928800901754564 -0.036440728167956335 0.037506567773391522 -0.037538200023274126 0.054810801610006649 -0.018981214868995153 0.011258035685682597 -0.020047212858951603 -0.0091851062802721893 0.010299216820632399 0.013056563285577645 0.014598237868197018 -0.041697367453193364 0.028779847981434483 -0.018819371235632751
leaf_weight=766.71151459030807 1017.637482881546 6.5533563718199721 99.997447920963168 76.796132568269968 16.632286041975021 1394.4568532537669 20.497732616961002 3.8151746802031985 22.462735578417778 19.755754459649324 77.64007849059999 78.113569416105747 348.40965082123876 52.29852631315589 3.2540218494832507 12.332458782941101 21.472664561122656 6.718233458697795 29.253410279750824 5.3873295933008167 9.3114090785384178 19.585823070257902 55.815558928996325 10.991956543177364 4.6539733260869971 3.7508820742368689 6.779499113559722 25.981515081599355 3.9467102326452759 12.582937374711035
leaf_count=24198 38480 197 3086 1586 365 57520 211 34 103 151 2765 588 13970 1830 30 102 409 63 435 30 109 106 825 312 30 16 238 798 117 342
internal_value=-4.42218e-06 -0.0161999 -0.0373756 -0.0409655 -0.0126818 -0.0426381 -0.0159761 -0.0240711 -0.0429496 -0.0188181 -0.0435087 -0.00246498 -0.0382468 -0.0281368 -0.0110093 0.0036712 -0.0178877 -0.0235204 -0.0113634 -0.0188747 0.00983337 -0.00918224 -0.0159708 -0.0416892 -0.0351478 -0.0315733 -0.0161535 -0.0425774 -0.0284597 -0.00646087
internal_weight=4233.6 3215.96 2449.25 2137.8 311.444 1986.83 294.812 183.868 1980.28 150.973 1936.34 110.944 541.885 139.972 62.332 90.446 43.9354 131.217 54.4213 47.703 14.6987 79.2166 59.6307 401.913 104.651 33.0043 59.078 390.921 42.5112 16.5296
internal_count=149046 110566 86368 81021 5347 78631 4982 4081 78434 2390 77922 901 20402 4863 2098 690 512 2239 653 590 139 965 859 15539 3116 451 2068 15227 1257 459
is_linear=0
shrinkage=0.05


Tree=62
num_leaves=31
num_cat=0
split_feature=2 22 0 4 8 0 7 8 7 10 21 10 20 10 21 10 21 10 21 20 0 20 10 0 8 0 10 4 7 8
split_gain=1316.38 1728.57 93.3553 34.514 20.7505 20.7462 9.99614 9.73633 9.6464 9.2718 6.3483 6.651 5.62331 5.05805 4.30082 4.11952 3.85954 3.81266 3.7661 5.16029 3.64113 3.48016 3.32173 3.2519 4.40217 4.91406 4.56024 3.22556 3.52674 3.82623
threshold=1.0000000180025095e-35 1.0000000180025095e-35 35.500000000000007 1.0000000180025095e-35 1.5000000000000002 48.500000000000007 1.0000000180025095e-35 2.5000000000000004 1.0000000180025095e-35 4.0695500000000004 1.0000000180025095e-35 4.0779000000000005 2.5000000000000004 3.9524000000000004 1.0000000180025095e-35 4.1556500000000005 1.0000000180025095e-35 3.9277500000000005 1.0000000180025095e-35 3.5000000000000004 40.500000000000007 3.5000000000000004 4.1281500000000007 26.500000000000004 2.5000000000000004 31.500000000000004 4.0981500000000013 1.0000000180025095e-35 2.5000000000000004 2.5000000000000004
decision_type=2 2 2 2 2 2 2 2 2 2 2 2 2 2 2 2 2 2 2 2 2 2 2 2 2 2 2 2 2 2
left_child=1 -1 3 4 -3 6 7 14 18 -5 11 -10 -11 -9 -4 -7 17 -8 19 23 -15 -20 -14 -6 -25 -26 -27 28 29 -19
right_child=-2 2 5 9 8 15 16 13 10 12 -12 -13 22 20 -16 -17 -18 27 21 -21 -22 -23 -24 24 25 26 -28 -29 -30 -31
leaf_value=0.051329886171495399 0.051080730683230435 0.044269321638531763 -0.034710771145770834 -0.024127979960306526 -0.046656642506802848 0.0022489167254963645 0.0269837236509059 0.01521971315274538 -0.038343744508097272 0.028852030823505005 0.010966743157008184 -0.013429095187536256 -0.041968014870970766 -0.026668686377696212 0.011929938429112694 0.043285329883104462 0.032283329707026062 -0.0010386010907781336 -0.010739715571812275 -0.017961702655711103 -0.0021625175275686668 -0.042714823294122573 0.00041991589384740536 -0.04352654322820463 -0.040100637106812193 -0.011004378988534864 -0.044319608563928178 0.019565705645057028 -0.041516981508412439 -0.027655561320957533
leaf_weight=733.07287637144327 968.72368820942938 6.1583662014454594 93.926135513931513 109.23269587382674 845.39263796433806 9.1424550302326697 7.5371113158762446 16.643647868186235 122.8308202791959 13.786056283861397 8.2749849706888181 36.037493150681257 5.1651308275759247 31.640904985368252 4.7476873546838751 18.197215525433421 6.4593319147825232 55.935432594269514 19.102200552821159 20.735013913363218 28.655495338141918 15.805001825094221 18.386538360267878 684.17386712506413 95.653621042147279 38.563261639326811 13.549390224739907 8.6103109382092935 7.6228771284222594 16.833516504615545
leaf_count=24277 38463 193 3057 2020 36754 54 59 175 4441 89 57 1069 82 593 30 364 65 467 90 527 201 367 172 29376 3979 1259 454 66 64 138
internal_value=0.000251229 -0.0156857 -0.0365259 -0.0403652 -0.0421649 -0.0107177 -0.0148191 -0.0220395 -0.0424682 -0.0168305 -0.0305918 -0.0328115 0.00459104 -0.00854618 -0.0323695 0.0301262 -0.00241462 -0.0050434 -0.0435954 -0.0439415 -0.0152476 -0.0260035 -0.0102069 -0.0442517 -0.0417549 -0.0333144 -0.0203378 -0.00802528 -0.0111845 -0.00748728
internal_weight=4060.6 3091.87 2358.8 2052.85 1906.28 305.952 278.612 175.614 1900.12 146.57 167.143 158.868 37.3377 76.94 98.6738 27.3397 102.999 96.5392 1732.97 1698.07 60.2964 34.9072 23.5517 1677.33 831.94 147.766 52.1127 89.0021 80.3918 72.7689
internal_count=149002 110539 86262 80929 78566 5333 4915 4056 78373 2363 5567 5510 343 969 3087 418 859 794 72806 72349 794 457 254 71822 35068 5692 1713 735 669 605
is_linear=0
shrinkage=0.05


Tree=63
num_leaves=31
num_cat=0
split_feature=2 22 0 4 8 4 21 7 8 7 10 20 0 10 0 10 21 20 10 0 8 10 20 4 0 10 0 7 10 10
split_gain=1251.23 1629.87 86.4155 33.2288 19.85 19.7598 12.7807 12.4215 11.0593 8.79504 8.03255 6.05352 5.99875 4.73642 4.44197 4.38557 3.9491 3.94707 3.92132 3.69008 3.99232 3.65955 4.65766 3.60076 3.506 3.63205 2.93222 3.60754 2.79036 4.76807
threshold=1.0000000180025095e-35 1.0000000180025095e-35 35.500000000000007 1.0000000180025095e-35 1.5000000000000002 4.5000000000000009 1.0000000180025095e-35 1.0000000180025095e-35 2.5000000000000004 1.0000000180025095e-35 4.1614500000000012 3.5000000000000004 32.500000000000007 3.9524000000000004 40.500000000000007 3.8441500000000004 1.0000000180025095e-35 3.5000000000000004 3.8731500000000003 26.500000000000004 2.5000000000000004 3.8494000000000006 2.5000000000000004 4.5000000000000009 31.500000000000004 4.0981500000000013 50.500000000000007 2.5000000000000004 4.0474000000000006 4.0271000000000008
decision_type=2 2 2 2 2 2 2 2 2 2 2 2 2 2 2 2 2 2 2 2 2 2 2 2 2 2 2 2 2 2
left_child=1 -1 3 4 -3 7 9 8 16 17 15 18 -11 -10 28 -5 -4 19 -8 -6 -21 -17 -23 -24 -22 -26 27 -9 29 -15
right_child=-2 2 5 10 6 -7 11 26 13 12 -12 -13 -14 14 -16 21 -18 -19 -20 20 24 22 23 -25 25 -27 -28 -29 -30 -31
leaf_value=0.051255829953660619 0.051021758272727973 0.044025323043122976 -0.03524648205666759 -0.032717796173751978 -0.046591426797271407 0.048939513137898877 0.020981606517316401 0.00059216915662023677 0.014928316615249427 -0.036159457521952425 0.014136673234773155 -0.034281311546387035 -0.012361297151364223 -0.027897310466620195 -0.0010848378574067721 0.033512759071363134 0.010256677843330213 -0.020549681191340565 -0.018712923141334641 -0.043063691206356815 -0.039045261545990223 0.0021228707232675546 -0.028182754972490731 0.018098584069187906 -0.013446601384902999 -0.043915289636376059 0.030701557802750318 -0.029479018520690362 -0.037725742733618783 0.036591222063884023
leaf_weight=697.55685920454562 923.31015229225159 5.972702817991375 93.489767292514443 48.764157429337502 808.18106598034501 12.184786550700663 12.635801464319231 93.961534652858973 16.943023506551981 119.00057431124151 17.899191241711378 19.413061685860157 35.762577289715409 7.2140907198190707 32.393662760034204 3.0533382855355731 4.6035225689411154 20.708427961915731 10.461086124181746 657.82432715781033 92.540914535522461 24.528378769755363 46.416692078113556 3.9384566545486441 38.08583876490593 12.961334580555556 6.0571358241140834 10.153157915920017 20.533942848443985 3.4200820624828339
leaf_count=24262 38496 195 3073 982 36728 331 53 775 173 4683 136 401 837 133 230 45 29 536 53 29433 3998 288 906 19 1262 455 47 77 412 52
internal_value=0.000202813 -0.0155722 -0.0360395 -0.0398364 -0.0416583 -0.011034 -0.0419623 -0.0137247 -0.0218328 -0.0426093 -0.0166066 -0.0144371 -0.0307749 -0.00795249 -0.0141884 -0.0210264 -0.0330291 -0.0437132 0.00297261 -0.0439983 -0.0413284 -0.0133895 -0.0157183 -0.024281 -0.0331356 -0.021878 -0.000502697 -0.00259289 -0.02735 -0.00579455
internal_weight=3899.97 2976.66 2279.1 1978.15 1833.55 300.955 1827.58 288.77 178.598 1785.07 144.6 42.5099 154.763 80.5048 63.5618 126.701 98.0933 1630.3 23.0969 1609.59 801.412 77.9369 74.8835 50.3551 143.588 51.0472 110.172 104.115 31.1681 10.6342
internal_count=149100 110604 86342 81010 78634 5332 78439 5001 4102 77932 2376 507 5520 1000 827 2240 3102 72412 106 71876 35148 1258 1213 925 5715 1717 899 852 597 185
is_linear=0
shrinkage=0.05


Tree=64
num_leaves=31
num_cat=0
split_feature=9 22 0 4 4 8 21 7 8 7 17 7 7 20 0 0 21 8 17 5 17 17 20 10 10 10 7 0 20 10
split_gain=1192.2 1540.62 87.4807 28.8501 20.8852 18.4634 11.1439 8.86534 9.37856 7.42736 7.15904 7.05196 5.53624 4.96468 4.85535 4.47741 4.34663 5.0448 12.1192 4.2871 6.01835 4.1972 4.12012 3.99478 3.99428 3.73028 3.39794 3.31671 3.30528 3.02164
threshold=2.5000000000000004 1.0000000180025095e-35 35.500000000000007 1.0000000180025095e-35 1.0000000180025095e-35 1.5000000000000002 1.0000000180025095e-35 1.0000000180025095e-35 2.5000000000000004 1.0000000180025095e-35 0.07634032634032635 1.5000000000000002 1.0000000180025095e-35 3.5000000000000004 32.500000000000007 45.500000000000007 1.0000000180025095e-35 2.5000000000000004 0.23368794326241138 0.15376049340414599 0.21913109756097562 0.12933094384707292 2.5000000000000004 3.8275000000000001 3.8333500000000007 4.0252000000000008 1.5000000000000002 26.500000000000004 3.5000000000000004 4.1063000000000009
decision_type=2 2 2 2 2 2 2 2 2 2 2 2 2 2 2 2 2 2 2 2 2 2 2 2 2 2 2 2 2 2
left_child=1 -1 3 5 7 -3 9 8 -4 13 -9 16 24 27 26 23 17 19 29 -5 -21 -16 -6 -10 28 -12 -11 -7 -8 -19
right_child=-2 2 4 11 22 6 12 10 15 14 25 -13 -14 -15 21 -17 -18 18 -20 20 -22 -23 -24 -25 -26 -27 -28 -29 -30 -31
leaf_value=0.051185549531553201 0.050965468761557414 0.043568118309391016 -0.032584152988571473 -0.031863000612567575 0.043637620835623059 -0.046235117621493016 0.011892002409557468 -0.026463973122808095 0.028904751657043204 -0.038564855252406015 0.026517359899493709 0.031898226590735053 0.023072320106469903 -0.017875138489120406 -0.028370972174696907 0.019579517994199939 0.022890267129797134 -0.029746495567084613 0.059429470514846539 0.013269392880394113 -0.039233629068778954 0.0062289454035582828 0.0053353126538466106 -0.017155054455074377 -0.039958195918331239 -0.00097204833932903404 -0.005325342708434145 -0.04109525233524032 -0.030773163129898071 0.011564534803178402
leaf_weight=663.0043439026922 879.1349370777607 5.6089633777737609 90.884677067399025 84.972112700343132 17.634743167087439 772.03167262487113 10.196550190448763 23.693890292197466 4.2087603397667399 106.8699953481555 14.362781953066586 5.9166146144270888 6.8937514945864669 20.736375756561756 20.269215809181333 11.074565805494784 4.8328647799789897 16.221687387675054 5.2118241749703875 13.730384677648546 7.708507612347602 14.391368143260477 11.765007581561802 59.303674653172493 17.175187479704618 62.415455672889948 8.6537812910974008 770.34300527535379 6.6841093301773062 5.3484732136130324
leaf_count=24213 38492 191 3068 1829 366 36669 43 260 37 4513 100 30 45 546 518 51 35 259 39 86 76 307 97 867 259 469 191 35130 155 36
internal_value=7.1636e-05 -0.0155732 -0.035714 -0.0396409 -0.0103529 -0.0414042 -0.0417005 -0.0147944 -0.0218747 -0.042319 -0.00303296 -0.0179457 -0.0154337 -0.0433654 -0.0312133 -0.00856683 -0.0202964 -0.0220223 -0.0025089 -0.0268644 -0.00651561 -0.014233 0.0289897 -0.0137021 -0.023664 0.00444517 -0.036142 -0.0436963 -0.00577803 -0.0194446
internal_weight=3741.28 2862.14 2199.14 1903.8 295.344 1759.85 1754.25 265.944 165.472 1713.3 100.472 143.942 40.9496 1563.11 150.184 74.587 138.026 133.193 26.782 106.411 21.4389 34.6606 29.3998 63.5124 34.0558 76.7782 115.524 1542.37 16.8807 21.5702
internal_count=148977 110485 86272 80957 5315 78567 78376 4852 4023 77874 829 2390 502 72345 5529 955 2360 2325 334 1991 162 825 463 904 457 569 4704 71799 198 295
is_linear=0
shrinkage=0.05


Tree=65
num_leaves=31
num_cat=0
split_feature=2 22 0 4 0 8 7 20 8 17 17 8 10 10 7 17 0 10 10 17 5 5 8 17 20 17 0 5 10 10
split_gain=1135.04 1454.83 81.0701 35.6709 17.8009 16.9678 10.4667 8.09715 24.1861 14.7432 9.33048 8.70893 8.79174 6.70523 5.21827 4.65373 7.04404 4.48717 4.44954 3.64089 3.14422 4.11485 3.94023 3.28973 3.03982 5.41305 4.14714 3.50012 3.02515 2.68969
threshold=1.0000000180025095e-35 1.0000000180025095e-35 35.500000000000007 1.0000000180025095e-35 52.500000000000007 1.5000000000000002 1.0000000180025095e-35 2.5000000000000004 2.5000000000000004 0.1856158484065461 0.056470900876959877 2.5000000000000004 3.9077500000000005 4.0695500000000004 1.0000000180025095e-35 0.12933094384707292 32.500000000000007 4.0005000000000015 4.2928500000000005 0.21244358478401035 0.17311854811854813 0.037210107303565255 2.5000000000000004 0.32916666666666672 2.5000000000000004 0.08842144452717797 30.500000000000004 0.10268392044092979 4.3150500000000012 4.0939500000000004
decision_type=2 2 2 2 2 2 2 2 2 2 2 2 2 2 2 2 2 2 2 2 2 2 2 2 2 2 2 2 2 2
left_child=1 -1 3 5 7 -3 28 9 -9 10 -4 -12 -13 20 -10 -8 29 -11 -14 -19 21 22 -5 -23 -15 -26 27 -27 -7 -17
right_child=-2 2 4 13 -6 6 15 8 14 17 11 12 18 24 -16 16 -18 19 -20 -21 -22 23 -24 -25 25 26 -28 -29 -30 -31
leaf_value=0.051118925948267516 0.050911763215942499 0.043011457402548338 -0.050117614077653486 -0.016817672519316453 0.043524767388163611 -0.042798601664391624 -0.035506658936589545 -0.029057437801473848 0.0037131825713928551 0.063089764061974071 0.015571553934215058 0.036413232441235656 -0.026962736340983035 0.020219969064323818 0.055401387796745596 -0.032315183168752502 0.01232849756787071 0.033326544359864589 0.017920953694952228 -0.014281207887189321 -0.00066555008193550016 -0.031224004875526807 0.03889474462249512 0.01816725483401677 0.033787442092681925 0.024700094084732532 -0.050263307850092448 -0.027314959925047195 0.020975074011261512 0.00078302189446415081
leaf_weight=630.9189823884517 836.96757974103093 5.2041957769542924 13.022729471325873 8.5729095749557001 13.389040188863872 1534.7162019312382 95.213007336482406 131.26667851768434 9.6989716403186339 6.8504343181848553 30.111818475648761 6.1556495614349833 53.504542700946331 14.687085166573523 9.1592464074492437 36.771070709452033 14.622016832232474 9.176880067214368 5.4540547206997863 5.892092812806367 15.710767805576323 74.47319782525301 3.7496961355209342 2.907865095883607 4.907906316220763 5.4150326699018496 6.40902991965413 5.5264048799872398 1.3116627894341935 7.2734503597021094
leaf_count=24189 38485 185 200 185 326 72885 3558 3342 96 59 297 57 687 95 90 1489 300 79 55 58 95 1675 43 56 35 71 67 68 49 257
internal_value=-6.16623e-05 -0.0155205 -0.0352636 -0.0391615 -0.0108258 -0.0411818 -0.0414663 -0.0135675 -0.0214443 -0.00438887 -0.0120065 -0.0063279 -0.0165376 -0.0149859 0.0303433 -0.0286526 -0.0171202 0.0321132 -0.0225811 0.0149812 -0.0213595 -0.0249365 0.00178225 -0.0291599 0.0032833 -0.00828114 -0.0213738 -0.00165948 -0.0427305 -0.0269534
internal_weight=3599.04 2762.07 2131.15 1837.47 293.682 1695.11 1689.91 280.293 150.125 130.168 108.249 95.2261 65.1142 142.36 18.8582 153.88 58.6665 21.9194 58.9586 15.069 105.414 89.7037 12.3226 77.3811 36.9455 22.2584 17.3505 10.9414 1536.03 44.0445
internal_count=149133 110648 86459 81113 5346 78723 78538 5020 3528 1492 1296 1096 799 2390 186 5604 2046 196 742 137 2054 1959 228 1731 336 241 206 139 72934 1746
is_linear=0
shrinkage=0.05


Tree=66
num_leaves=31
num_cat=0
split_feature=2 21 4 20 12 1 4 20 0 12 20 7 17 20 0 12 12 17 17 17 7 1 20 7 1 10 1 0 1 0
split_gain=1063.66 113.197 104.805 45.4183 29.5045 30.0858 22.6337 20.2058 19.2773 11.9589 21.9378 21.0047 11.855 15.4856 10.5601 8.64388 9.48773 8.01262 7.4056 8.67239 5.86515 5.82235 5.03327 4.98075 4.46958 4.32873 4.32315 12.1506 4.23977 41.0276
threshold=1.0000000180025095e-35 1.0000000180025095e-35 1.0000000180025095e-35 3.5000000000000004 1.0000000180025095e-35 25.500000000000004 5.5000000000000009 3.5000000000000004 33.500000000000007 1.5000000000000002 2.5000000000000004 1.0000000180025095e-35 0.085236118318630011 2.5000000000000004 17.500000000000004 1.5000000000000002 2.5000000000000004 0.13840996168582378 0.19399641577060936 0.21244358478401035 1.0000000180025095e-35 26.500000000000004 2.5000000000000004 1.5000000000000002 23.500000000000004 3.9793500000000006 26.500000000000004 34.500000000000007 12.500000000000002 20.500000000000004
decision_type=2 2 2 2 2 2 2 2 2 2 2 2 2 2 2 2 2 2 2 2 2 2 2 2 2 2 2 2 2 2
left_child=1 2 3 4 -1 14 15 22 -7 11 18 26 -13 17 -6 -4 -17 -14 -11 -20 28 -18 -3 -15 -5 -21 -10 -28 -16 -30
right_child=-2 7 6 24 5 8 -8 -9 9 10 -12 12 13 23 20 16 21 -19 19 25 -22 -23 -24 -25 -26 -27 27 -29 29 -31
leaf_value=0.048705402012038844 0.050860374525127386 0.052725693074158121 -0.00013977574473053643 0.017742411656788793 0.026239235608043483 0.047577305665671005 0.045568684583982638 -0.0020109564430639639 -0.045117111625759918 -0.01614492025159554 0.035863273431868431 -0.026799477327107132 0.012510545050838224 0.007667770166852491 -0.035729403851116025 0.032919415954128492 -0.03835433107451991 0.066345348898901882 0.05826342486383447 0.025562679374133413 -0.015819217023993921 0.024348683702331394 0.028846677872233058 -0.026655404738898221 0.055106539528898213 -0.0372177277982828 0.043391309220354668 -0.028239754816006452 0.048700635992808036 -0.026459611810769751
leaf_weight=13.807821601629255 795.41982340067625 49.144342260435224 155.04668985679746 40.518098609521985 9.1840096674859506 13.005556438118218 42.858314959332347 37.036359885707498 35.726064749062061 96.83970114402473 31.157334806397557 28.371912917122245 14.764285208657386 21.750260749831796 116.64877557009459 45.668040497228503 8.2366922814398986 13.030815619975327 6.8878283426165607 3.7969743534922582 151.11362780071795 5.3060798104852429 48.92907197214663 18.954835779964924 9.6467866245657188 5.6009882669895887 5.357330545783042 119.8591430708766 17.498010464012623 1496.9582069851458
leaf_count=593 38412 2171 3634 1440 382 484 1680 989 1699 1714 851 479 109 309 5550 1304 169 85 86 52 6246 196 1138 203 302 89 164 4662 538 73446
internal_value=0.000161743 -0.0149967 -0.0173829 -0.0208088 -0.0218745 -0.022338 0.0128327 0.0294446 -0.0101757 -0.0121571 -0.000618279 -0.0185873 -0.000168722 0.0110883 -0.025149 0.00610316 0.0221814 0.0391768 -0.0108923 0.0194681 -0.0254284 -0.0138022 0.0412238 -0.00857115 0.0258642 -0.0118341 -0.029604 -0.0248555 -0.0263084 -0.0255596
internal_weight=3458.12 2662.7 2527.59 2270.48 2220.31 2206.51 257.116 135.11 415.103 402.097 144.283 257.815 96.8721 68.5002 1791.4 214.258 59.2108 27.7951 113.125 16.2858 1782.22 13.5428 98.0734 40.7051 50.1649 9.39796 160.943 125.216 1631.1 1514.46
internal_count=149176 110764 106466 99483 97741 97148 6983 4298 10986 10502 2792 7710 1185 706 86162 5303 1669 194 1941 227 85780 365 3309 512 1742 141 6525 4826 79534 73984
is_linear=0
shrinkage=0.05


Tree=67
num_leaves=31
num_cat=0
split_feature=22 2 0 4 4 8 7 8 21 17 17 10 20 10 21 20 7 10 17 17 10 10 0 0 10 10 17 10 20 17
split_gain=1034.58 1311.32 80.0372 29.7387 22.1664 15.6629 11.3155 15.3977 9.43989 7.59912 7.48981 6.68883 6.08837 5.97428 5.96965 5.82246 5.68347 3.93461 4.15907 3.89613 3.83036 3.46136 3.44144 3.29307 3.06417 2.8247 4.42826 2.53811 2.56261 7.46217
threshold=1.0000000180025095e-35 1.0000000180025095e-35 33.500000000000007 1.0000000180025095e-35 1.0000000180025095e-35 1.5000000000000002 1.0000000180025095e-35 2.5000000000000004 1.0000000180025095e-35 0.07634032634032635 0.1623310810810811 4.3150500000000012 3.5000000000000004 4.0916500000000005 1.0000000180025095e-35 2.5000000000000004 1.0000000180025095e-35 4.0151500000000011 0.042403356308061142 0.11970149253731345 4.1232500000000014 3.8333500000000007 25.500000000000004 43.500000000000007 3.6537500000000005 4.2201500000000012 0.11726508785332317 3.7833500000000004 2.5000000000000004 0.19859154929577469
decision_type=2 2 2 2 2 2 2 2 2 2 2 2 2 2 2 2 2 2 2 2 2 2 2 2 2 2 2 2 2 2
left_child=-1 2 3 5 6 -2 7 25 11 -8 -9 12 22 -12 17 -6 21 18 24 -17 -11 -10 -7 -22 -5 -4 -27 -20 29 -29
right_child=1 -3 4 14 15 8 9 10 16 20 13 -13 -14 -15 -16 19 -18 -19 27 -21 23 -23 -24 -25 -26 26 -28 28 -30 -31
leaf_value=0.051020628508841565 0.04241329249794118 0.050792020333183363 -0.036425723832681167 -0.0243575457157558 0.038320040163983667 -0.04564587481319942 -0.028346130180941703 -0.017334326610353796 -0.0091230906928271623 0.010727084770621361 0.032402847762937441 0.048642808925232622 -0.013897430967702471 -0.013436382146211427 0.03445679530854686 0.023435644906763003 0.021777529772028389 -0.0044182555188062942 -0.039158608356872661 -0.021036499167640294 -0.017616977970692109 -0.042628044481198897 -0.040162878743911022 0.010519525691801338 0.034266085398295225 0.026768188241000357 -0.032719580630284559 -0.024610875032683433 -0.026259402441554721 0.051279300085961432
leaf_weight=771.99576279520988 4.842533439397811 587.50342333316803 134.15436933003366 2.8788003772497168 21.314371820539236 600.66978055424988 27.321557888761163 67.248204581439495 16.829632267355922 49.348864924162626 15.839420832693579 1.2470609173178662 20.052099492400885 11.544972956180571 4.7658661771565667 8.3295146655291337 7.1322470381855956 37.810573525726795 28.641070771962404 9.431519187986849 32.655967254191637 14.413602638989685 814.79589323140681 14.26111466437578 4.4170740470290184 4.3247628081589919 6.7131087798625231 9.1612917482852918 37.049942545592785 3.7550007812678805
leaf_count=32855 187 29798 5619 61 405 31541 382 1219 205 532 235 40 549 170 36 66 49 491 617 82 382 233 41491 72 85 144 260 171 812 45
internal_value=0.000236106 -0.0148657 -0.0340635 -0.039053 -0.0140765 -0.0410582 -0.0179302 -0.0242453 -0.0413608 -0.00557911 -0.00842757 -0.0420178 -0.0421304 0.013285 -0.0158154 0.021317 -0.0163201 -0.0180128 -0.0238768 -4.26124e-05 0.00110748 -0.0254228 -0.0425202 -0.00902344 0.0109866 -0.0344268 -0.00912416 -0.02721 -0.0197271 -0.000448767
internal_weight=3370.45 2598.45 2010.95 1608.46 402.488 1479.98 363.412 239.825 1475.14 123.588 94.6326 1436.76 1435.52 27.3844 128.48 39.0754 38.3755 123.714 85.9032 17.761 96.2659 31.2432 1415.47 46.9171 7.29587 145.192 11.0379 78.6073 49.9662 12.9163
internal_count=148834 115979 86181 76613 9568 74295 9015 7647 74108 1368 1624 73621 73581 405 2318 553 487 2282 1791 148 986 438 73032 454 146 6023 404 1645 1028 216
is_linear=0
shrinkage=0.05


Tree=68
num_leaves=31
num_cat=0
split_feature=22 2 0 4 5 8 21 7 10 0 0 8 7 21 10 5 10 7 20 0 8 10 20 10 10 10 20 8 0 20
split_gain=989.572 1241.66 81.2766 35.0483 14.5874 14.4752 13.3933 7.86953 7.85488 9.35558 7.02027 8.801 6.2607 5.83382 4.82503 4.84527 4.40799 4.29135 4.24228 4.94645 6.70714 5.52077 4.16437 3.89039 3.45287 3.23448 3.32485 3.1079 2.97834 2.80882
threshold=1.0000000180025095e-35 1.0000000180025095e-35 36.500000000000007 1.0000000180025095e-35 0.075134408602150551 1.5000000000000002 1.0000000180025095e-35 1.0000000180025095e-35 3.8275000000000001 43.500000000000007 31.500000000000004 2.5000000000000004 1.0000000180025095e-35 1.0000000180025095e-35 4.1069500000000012 0.12864214992927867 4.2456000000000005 1.0000000180025095e-35 2.5000000000000004 24.500000000000004 3.5000000000000004 3.9133500000000008 3.5000000000000004 4.0981500000000013 4.1852500000000008 4.1472000000000007 3.5000000000000004 2.5000000000000004 27.500000000000004 3.5000000000000004
decision_type=2 2 2 2 2 2 2 2 2 2 2 2 2 2 2 2 2 2 2 2 2 2 2 2 2 2 2 2 2 2
left_child=-1 2 3 5 7 -2 10 8 -4 -10 25 17 22 14 15 18 -9 29 19 -5 21 -21 -8 -13 -19 26 -7 -11 -27 -12
right_child=1 -3 4 13 -6 6 12 16 9 27 11 23 -14 -15 -16 -17 -18 24 -20 20 -22 -23 -24 -25 -26 28 -28 -29 -30 -31
leaf_value=0.050963988867970537 0.04207613954173562 0.05074426252611533 0.038734183255141663 -0.037410119588745169 0.041596035675609655 -0.043019197249983182 -0.0053270040937147727 0.0061433848169703369 -0.027236286516928016 -0.020481321413051479 -0.042292539054591703 -0.0082188973956635308 0.028141916119352794 0.032473861096905317 0.001697052964980838 -0.0041304342328562201 -0.024454797517402073 -0.028772759899487195 -0.036217836758321485 0.060129168177210646 -0.044045749770316528 -0.0030446974605538822 -0.040806343994811783 -0.034988983570639724 0.010048771961295271 0.028636015505821157 -0.020196597953456422 0.015072069534913607 -0.027604419487664341 0.018924370323502637
leaf_weight=737.99182055704296 4.6358514335006467 559.42061072774231 5.0870602019131175 9.9659451879560965 13.988455381244419 1205.7133628185838 19.946442693471909 80.181286731734872 96.317042587324977 7.5945865437388447 168.41361310333014 45.231375934556127 7.2817135229706755 5.6273718066513529 30.432843420654535 31.583713945001364 12.770603647455571 36.878678122535348 49.024255111813545 4.825164087116721 4.1200314685702315 8.2890443727374059 13.57252475991845 18.97397799603641 6.23208681680262 1.8255405854433799 18.772188249975443 20.839174980297685 20.814920535311103 1.3675456978380669
leaf_count=32974 184 29801 87 260 371 65445 95 602 2572 136 8623 1548 50 39 266 345 111 1001 1281 80 75 96 367 655 135 95 522 117 1043 38
internal_value=0.000107017 -0.014862 -0.0336966 -0.0374892 -0.00620836 -0.0396551 -0.0399239 -0.00938235 -0.0172859 -0.0198601 -0.0406817 -0.0331401 -0.0113197 -0.0137474 -0.0158487 -0.0207717 0.00172397 -0.0380441 -0.0275242 -0.0111266 0.00529028 0.0228125 -0.0204593 -0.0165453 -0.0230601 -0.0423294 -0.0426861 0.00520263 -0.0220502 -0.0416915
internal_weight=3247.72 2509.73 1950.31 1713.53 236.778 1569.66 1565.02 222.79 129.838 124.751 1524.22 277.097 40.8007 143.868 138.241 107.808 92.9519 212.892 76.2244 27.2002 17.2342 13.1142 33.519 64.2054 43.1108 1247.13 1224.49 28.4338 22.6405 169.781
internal_count=149014 116040 86239 82243 3996 79801 79617 3625 2912 2825 79105 12000 512 2442 2403 2137 713 9797 1792 511 251 176 462 2203 1136 67105 65967 253 1138 8661
is_linear=0
shrinkage=0.05


Tree=69
num_leaves=31
num_cat=0
split_feature=22 2 0 4 8 7 0 17 0 10 8 20 17 5 17 0 20 8 17 7 17 10 7 8 0 17 10 10 10 5
split_gain=935.652 1175.73 74.6093 36.045 15.2745 14.0623 13.6519 5.77383 6.79685 5.48515 4.79903 5.36128 8.44738 8.91553 6.49565 4.75699 9.55097 12.4199 5.40472 4.61463 5.73075 4.56782 4.1956 6.21837 4.19169 4.40397 3.80412 3.54779 4.76727 3.47386
threshold=1.0000000180025095e-35 1.0000000180025095e-35 36.500000000000007 1.0000000180025095e-35 1.5000000000000002 1.0000000180025095e-35 54.500000000000007 0.17883795309168446 39.500000000000007 3.8441500000000004 3.5000000000000004 2.5000000000000004 0.082272360999194202 0.086785347483738465 0.20722186076772939 29.500000000000004 2.5000000000000004 3.5000000000000004 0.11451990632318503 1.5000000000000002 0.19859154929577469 4.0939500000000004 1.0000000180025095e-35 2.5000000000000004 28.500000000000004 0.055175038051750384 4.0779000000000005 4.1069500000000012 4.0695500000000004 0.034602490421455946
decision_type=2 2 2 2 2 2 2 2 2 2 2 2 2 2 2 2 2 2 2 2 2 2 2 2 2 2 2 2 2 2
left_child=-1 2 3 4 -2 15 7 22 -9 24 11 14 13 21 29 -6 18 -18 -17 26 -21 -13 23 -4 25 -5 -7 28 -20 -11
right_child=1 -3 6 9 5 19 -8 8 -10 10 -12 12 -14 -15 -16 16 17 -19 27 20 -22 -23 -24 -25 -26 -27 -28 -29 -30 -31
leaf_value=0.050908866212847653 0.042499191090852033 0.050698948562313322 -0.032368358010116956 0.010255191200891177 -0.043013575872615582 -0.033096186568811602 0.047109240910119296 -0.015359597817036991 0.025141047884111891 -0.036578450685936209 -0.047768778919785405 -0.034108606337951583 -0.019735013411300933 0.078182486205153556 0.049266515926036175 -0.033544328628760549 -0.041274375046735534 0.084534044165974653 -0.0093256356231801191 -0.015946279234561003 0.044063336518051915 0.036813246839746065 -0.0045207967877874712 -0.0074534539982198181 0.026288838177958157 -0.036476458302477199 -0.012708056024048592 -0.036138248010768169 0.040365601296777548 0.010235327847385109
leaf_weight=700.62852995097637 4.9389592781662932 535.28756688535213 49.311448007822037 5.3610307648777953 976.16046726889908 98.19809977337718 10.284571554511784 17.414408331736922 22.865526052191854 4.2289014756679597 5.2969047874212256 4.8260916061699373 49.80633071064949 3.9845918007194996 8.4469892494380456 47.210219103842974 289.19636631757021 1.0798938758671273 33.200541185215116 17.290694225579504 4.0882487371563903 2.7441015839576721 80.895772226154804 51.420475633814931 2.757280431687831 37.485922588035464 32.031330870464444 8.8451194372028095 4.6228232365101567 15.376364562660454
leaf_count=32882 204 29951 1741 114 54544 4343 314 395 234 35 87 121 864 39 58 2239 15178 30 1419 351 46 18 650 628 39 845 1070 363 201 192
internal_value=5.72907e-05 -0.0146517 -0.0331836 -0.0369011 -0.0391444 -0.039439 -0.00660688 -0.00929659 0.00768331 -0.0125443 -0.00556749 -0.00256677 -0.0108055 0.0261908 0.0152061 -0.0410617 -0.0360031 -0.0405177 -0.021764 -0.0247058 -0.00301459 -0.00710455 -0.0130837 -0.0198484 -0.0266032 -0.0305288 -0.0282166 -0.00939318 -0.00236902 -0.00114765
internal_weight=3125.29 2424.66 1889.37 1657.18 1516.86 1511.92 232.192 221.908 40.2799 140.315 94.7103 89.4134 61.3611 11.5548 28.0523 1360.32 384.155 290.276 93.8787 151.608 21.3789 7.57019 181.628 100.732 45.6042 42.847 130.229 46.6685 37.8234 19.6053
internal_count=149195 116313 86362 82400 79988 79784 3962 3648 629 2412 1414 1327 1042 178 285 73974 19430 15208 4222 5810 397 139 3019 2369 998 959 5413 1983 1620 227
is_linear=0
shrinkage=0.05


Tree=70
num_leaves=31
num_cat=0
split_feature=22 2 1 4 1 8 7 21 17 7 8 17 1 21 17 10 10 10 1 20 1 20 8 1 5 10 20 1 10 21
split_gain=880.747 1096.62 76.2235 32.7701 14.8204 13.9862 11.9754 7.88364 7.35693 6.91375 7.04182 6.4499 6.22299 5.79609 5.38889 5.29454 5.16916 5.10418 4.54752 5.36841 4.41648 4.35135 6.48853 4.34561 4.24217 4.31845 3.88901 3.78155 3.71386 3.4474
threshold=1.0000000180025095e-35 1.0000000180025095e-35 27.500000000000004 1.0000000180025095e-35 44.500000000000007 1.5000000000000002 1.0000000180025095e-35 1.0000000180025095e-35 0.12933094384707292 1.0000000180025095e-35 2.5000000000000004 0.1856158484065461 24.500000000000004 1.0000000180025095e-35 0.095564253098499682 4.1614500000000012 3.8275000000000001 4.0467500000000012 15.500000000000002 3.5000000000000004 32.500000000000007 2.5000000000000004 3.5000000000000004 23.500000000000004 0.025696049301199519 4.0695500000000004 3.5000000000000004 22.500000000000004 4.0939500000000004 1.0000000180025095e-35
decision_type=2 2 2 2 2 2 2 2 2 2 2 2 2 2 2 2 2 2 2 2 2 2 2 2 2 2 2 2 2 2
left_child=-1 2 3 5 7 -2 13 9 29 10 24 16 28 18 -11 27 -12 -16 -7 21 -19 23 -23 -20 25 -4 -15 -5 -10 -8
right_child=1 -3 4 15 -6 6 8 -9 12 14 11 -13 -14 26 17 -17 -18 20 19 -21 -22 22 -24 -25 -26 -27 -28 -29 -30 -31
leaf_value=0.05085673368782706 0.041889473646891398 0.050654788563372299 -0.019846623499559915 -0.020462582707250057 0.044721457332522301 -0.046667610508020027 -0.03631375973247529 0.029704229876656187 -0.027207522323830943 -0.018542248461850392 0.034568157483132342 0.019961665893512181 0.017604948027884818 -0.0041371102882923252 0.029387387801605755 0.012271317515622536 -0.019472173752830706 -0.01578003926296918 -0.036861885342406385 -0.0066965404554738461 0.01284293742107917 -0.042060582861487852 0.046594220069403926 -0.01924362679548966 0.017382485155772613 -0.044982148309208353 -0.039489258071595527 0.0044138536965134005 0.01228000626587053 0.0060530965060864523
leaf_weight=667.05851927213371 4.5798167344182721 508.40443946421146 38.041377276182175 99.730794381350279 11.74578191898763 317.71189500205219 78.81016268581152 10.728829596191643 31.43884839117527 32.704066082835197 3.8942130804061881 15.429451515898107 14.261063512414692 19.368697077035904 16.276513427495956 17.428479634225368 55.695073276758194 26.829066604375839 187.43692814931273 12.94205756857991 25.148659273982048 679.83832797408104 1.2938042767345894 47.508530478924513 3.951617080718278 34.966228634119034 12.310057716444136 17.633573807775974 6.6779427118599406 4.8281484916806212
leaf_count=32873 199 29880 1598 2059 337 18662 3520 96 1463 334 32 148 299 94 99 136 805 261 11046 378 151 40121 43 2081 24 1442 363 185 254 33
internal_value=0.000224861 -0.014239 -0.0322931 -0.0365884 -0.00801557 -0.0388271 -0.0391179 -0.010525 -0.0246873 -0.0123417 -0.0190448 -0.00798268 -0.00973485 -0.0406327 -0.0021632 -0.0129081 -0.0154283 0.00583926 -0.0411756 -0.0392492 -0.00195022 -0.0397013 -0.0418241 -0.0333959 -0.0295873 -0.0323302 -0.0186626 -0.0167193 -0.0201524 -0.0338254
internal_weight=3004.67 2337.61 1829.21 1553.8 275.411 1419.01 1414.43 263.665 136.016 252.936 151.978 75.0187 52.3779 1278.41 100.958 134.793 59.5893 68.2542 1246.73 929.02 51.9777 916.078 681.132 234.945 76.9592 73.0076 31.6788 117.364 38.1168 83.6383
internal_count=149016 116143 86263 80936 5327 78556 78357 4990 5569 4894 4049 985 2016 72788 845 2380 837 511 72331 53669 412 53291 40164 13127 3064 3040 457 2244 1717 3553
is_linear=0
shrinkage=0.05


Tree=71
num_leaves=31
num_cat=0
split_feature=22 2 1 4 4 8 7 7 10 8 17 10 1 20 17 5 17 17 10 5 7 1 17 21 1 8 1 17 10 17
split_gain=839.053 1034.9 71.9805 32.4484 13.5099 13.169 11.2317 8.19041 6.91703 6.23584 5.31156 5.1451 4.22152 4.87014 7.33805 8.08372 7.01801 3.98268 3.87151 3.82053 3.71947 3.5983 3.5891 3.54009 4.15198 6.09972 5.76728 8.31092 3.605 4.72515
threshold=1.0000000180025095e-35 1.0000000180025095e-35 27.500000000000004 1.0000000180025095e-35 4.5000000000000009 1.5000000000000002 1.0000000180025095e-35 1.0000000180025095e-35 4.0779000000000005 2.5000000000000004 0.16035714285714289 4.2874500000000006 12.500000000000002 2.5000000000000004 0.1082709215239336 0.11433842909857671 0.19859154929577469 0.06872933396315542 3.9486000000000003 0.025696049301199519 2.5000000000000004 32.500000000000007 0.12933094384707292 1.0000000180025095e-35 18.500000000000004 2.5000000000000004 23.500000000000004 0.24357284113381678 4.0981500000000013 0.12933094384707292
decision_type=2 2 2 2 2 2 2 2 2 2 2 2 2 2 2 2 2 2 2 2 2 2 2 2 2 2 2 2 2 2
left_child=-1 2 3 5 7 -2 23 9 -8 19 -11 12 -5 16 15 -15 -14 -9 -19 -4 21 -20 -10 24 -7 -26 27 -27 29 -28
right_child=1 -3 4 11 -6 6 8 17 22 10 -12 -13 13 14 -16 -17 -18 18 20 -21 -22 -23 -24 -25 25 26 28 -29 -30 -31
leaf_value=0.050806598146201747 0.041494035501636807 0.050612500530619824 -0.029760605848942724 -0.043919160227989446 0.047577337856902539 -0.04379569310555495 -0.031025039774171294 -0.021686818183807709 -0.018876916131472302 -0.015839908348914959 0.012395278321731549 0.045242839783040709 -0.011088327798726868 -0.013936960651804428 -0.028575392484082987 0.045720404530531805 0.032191241293953315 0.039440540100444926 -0.0044217447783705798 0.018782988163786041 -0.026337147358394992 0.017340247778615207 0.013477576208921972 -0.022320371033274146 -0.039909741948971816 -0.038975663044933134 -0.021455047094125587 0.03954850868322541 -0.036198274986390319 0.015681614294201177
leaf_weight=635.66984673030674 4.3690935261547557 483.58198550716043 76.15136145055294 10.070995058864353 9.4755685292184335 597.75709698349237 100.42991086095572 16.391667909920216 18.067639810964465 53.861962888389826 23.055362423881888 2.7935763075947753 29.028199696913362 18.414079315960411 55.193539625033736 7.0330318324267855 12.61981840059161 6.2630351819097987 42.252263709902763 3.6286908686161032 9.6327452231198532 33.051155460998416 14.631441259756683 30.965641682967544 491.15968702919781 65.876854371279478 16.14308463037014 2.7698552664369336 10.023832892999051 16.143569691106677
leaf_count=32912 198 29854 3068 249 339 37136 4525 191 650 775 233 18 440 399 1125 59 117 43 428 22 70 182 441 466 29593 3805 660 156 447 607
internal_value=0.0001016 -0.0141711 -0.0318169 -0.0361089 -0.00820017 -0.038418 -0.0387042 -0.0103718 -0.0245743 -0.0176285 -0.00732617 -0.0126194 -0.0141707 -0.0113845 -0.0184841 0.00365636 0.00247318 0.000262056 0.00439946 -0.0273475 0.00138671 0.00523181 -0.00442933 -0.0402113 -0.0406541 -0.0374678 -0.0263984 -0.0352849 -0.0114986 -0.00297317
internal_weight=2896.51 2260.84 1777.25 1503.49 273.764 1368.34 1363.97 264.288 133.129 156.697 76.9173 135.153 132.36 122.289 80.6407 25.4471 41.648 107.591 91.1992 79.7801 84.9362 75.3034 32.6991 1230.84 1199.87 602.117 110.957 68.6467 42.3105 32.2867
internal_count=149208 116296 86442 81091 5351 78684 78486 5012 5616 4098 1008 2407 2389 2140 1583 458 557 914 723 3090 680 610 1091 72870 72404 35268 5675 3961 1714 1267
is_linear=0
shrinkage=0.05


Tree=72
num_leaves=31
num_cat=0
split_feature=22 2 0 4 0 7 21 8 17 20 8 8 21 10 10 10 10 20 21 17 20 0 8 0 17 10 17 0 17 0
split_gain=793.461 976.194 69.8447 29.4705 14.7587 13.2769 12.1809 8.58858 6.48437 7.94739 9.74496 8.74904 6.23238 6.19211 6.00532 5.86174 5.61036 5.57854 5.57122 4.70505 4.64674 4.14118 4.29209 4.98228 5.16121 4.07361 5.44413 5.22772 4.00354 4.48979
threshold=1.0000000180025095e-35 1.0000000180025095e-35 35.500000000000007 1.0000000180025095e-35 48.500000000000007 1.0000000180025095e-35 1.0000000180025095e-35 1.5000000000000002 0.06472559698366151 2.5000000000000004 2.5000000000000004 2.5000000000000004 1.0000000180025095e-35 4.0779000000000005 3.8002500000000006 3.9379500000000003 4.0151500000000011 3.5000000000000004 1.0000000180025095e-35 0.095564253098499682 3.5000000000000004 26.500000000000004 2.5000000000000004 31.500000000000004 0.26138716356107666 4.0981500000000013 0.12933094384707292 34.500000000000007 0.052289815447710192 32.500000000000007
decision_type=2 2 2 2 2 2 2 2 2 2 2 2 2 2 2 2 2 2 2 2 2 2 2 2 2 2 2 2 2 2
left_child=-1 2 3 5 6 7 8 -2 -4 11 -11 19 20 18 17 -13 -5 -14 -7 -10 21 -9 -23 24 -24 26 28 -28 29 -25
right_child=1 -3 4 16 -6 13 -8 12 9 10 -12 15 14 -15 -16 -17 -18 -19 -20 -21 -22 22 23 25 -26 -27 27 -29 -30 -31
leaf_value=0.050758857917514756 0.037712729004401813 0.050572091691472545 -0.037839891626674185 -0.02082641550552089 0.029636633534641389 -0.031629968791090056 0.038685727128518602 -0.043999533396814984 -0.010637208757223737 -0.024865149517798585 0.024935122681709266 0.025077850640136456 0.026778623123087326 -0.0033570811314693472 -0.037226465287583124 -0.016355670146972787 0.00039938121191655383 -0.033557607760071967 0.016402498891256941 0.032225836596076259 -0.013315252823204721 -0.039659069201702611 -0.038764705706259929 0.050489552459038835 0.03734823252008912 -0.041015632317813099 7.8877899526128386e-05 0.065949616806314282 -0.042019072761325618 -0.026580009113126579
leaf_weight=603.9452008837834 2.8498876504600039 461.09825482033193 24.289986977353692 83.932218113914132 23.101799540221691 92.896964905783534 10.635219287127255 561.8177589289844 8.1813991218805331 99.601782288402319 10.084956683218477 9.0300594791769964 9.9617738574743289 32.343141969293356 15.888953408226369 59.352735478430986 49.087535969913006 4.9110249839723101 5.8556228447705498 22.916004545986652 16.874533992260695 467.08764732163399 64.942755358293653 2.3598694708198336 1.5482673179358233 9.5954489037394506 13.490528950467708 2.8788100220262995 10.481926674023269 3.367628613486886
leaf_count=32831 135 29902 504 1817 431 4514 97 36770 99 3043 97 89 42 1091 272 779 571 139 52 213 523 29447 3893 116 83 444 537 74 431 127
internal_value=9.17496e-05 -0.0139589 -0.0312841 -0.0356048 -0.00775617 -0.0378676 -0.0114017 -0.0395453 -0.0138387 -0.0108847 -0.0201024 -0.000622295 -0.0397627 -0.0224795 -0.016798 -0.0106017 -0.013049 0.00599651 -0.028646 0.0209689 -0.0403596 -0.0407487 -0.0375057 -0.0279726 -0.0364653 -0.0140487 -0.00512122 0.0147933 -0.0249232 0.00795938
internal_weight=2784.41 2180.46 1719.37 1452.17 267.194 1319.15 244.092 1188.06 233.457 209.167 109.687 99.4802 1185.21 131.096 30.7618 68.3828 133.02 14.8728 98.7526 31.0974 1154.45 1137.57 575.753 108.665 66.491 42.1742 32.5788 16.3693 16.2094 5.7275
internal_count=149163 116332 86430 81078 5352 78690 4921 73033 4824 4320 3140 1180 72898 5657 453 868 2388 181 4566 312 72445 71922 35152 5705 3976 1729 1285 611 674 243
is_linear=0
shrinkage=0.05


Tree=73
num_leaves=31
num_cat=0
split_feature=22 2 0 5 7 8 21 8 0 17 10 10 10 21 20 10 17 7 17 5 20 0 4 10 17 10 0 10 20 10
split_gain=750.275 913.672 73.0905 27.0151 17.2118 15.116 14.505 10.371 8.81938 6.91869 6.50963 5.84616 4.92135 5.73721 4.87719 4.66902 4.46727 4.17212 4.14195 4.82917 4.35853 4.10407 3.72058 5.72336 4.39491 3.88606 3.60276 3.34034 3.03562 5.75811
threshold=1.0000000180025095e-35 1.0000000180025095e-35 33.500000000000007 0.036867142371729535 1.0000000180025095e-35 2.5000000000000004 1.0000000180025095e-35 1.5000000000000002 50.500000000000007 0.16035714285714289 3.8490500000000005 4.3150500000000012 4.197350000000001 1.0000000180025095e-35 3.5000000000000004 4.2928500000000005 0.048003072196620589 1.0000000180025095e-35 0.082272360999194202 0.086785347483738465 2.5000000000000004 25.500000000000004 1.0000000180025095e-35 4.2326500000000005 0.037749287749287756 3.8731500000000003 30.500000000000004 4.0837000000000012 2.5000000000000004 3.8275000000000001
decision_type=2 2 2 2 2 2 2 2 2 2 2 2 2 2 2 2 2 2 2 2 2 2 2 2 2 2 2 2 2 2
left_child=-1 2 3 6 5 12 7 -2 22 15 16 21 -4 -14 -8 28 -5 18 19 -12 -20 27 23 24 -6 -26 -16 -9 29 -7
right_child=1 -3 4 10 8 9 14 11 -10 -11 17 -13 13 -15 26 -17 -18 -19 20 -21 -22 -23 -24 -25 25 -27 -28 -29 -30 -31
leaf_value=0.050713059424624556 0.039433882650312342 0.050532770429442903 -0.0342447143740559 0.012167181028825493 -0.034375962862984603 0.035030120772198997 0.0074610696147975122 -0.043631440095540014 0.046384342817842289 0.014256019155442268 -0.011161163745637193 0.044490141266448693 -0.018358670660619452 0.050296399965574883 -0.039514924805560708 0.034472145953127802 -0.03353072750115154 0.028131001170470789 0.0096764524215094839 0.052254256548615645 -0.023281477208074306 -0.036910154290749717 0.02354405580201973 -0.031526444263593266 0.044827454397383337 0.001534460409059445 0.016966705126481241 0.024457548797295305 0.0076912540694324093 -0.025839561729081018
leaf_weight=575.90581005252898 3.42344588600099 437.98740348126739 110.78558129258454 5.7298721913248292 7.0499653033912173 3.3455247562378636 22.254637775942683 477.78391330409795 9.9582451246678811 32.465676395222545 5.6180787160992605 1.2894245926290739 15.041462503373625 2.7649052515625945 12.399901002645491 3.8371231276541939 35.893878787755966 8.8586961012333614 13.663937307894228 4.8123393543064594 32.465549999848008 672.26384666003287 13.419393185526131 14.619617715477942 4.5213584862649432 86.185031283646822 2.9639630392193785 1.2170651303604234 10.108382035046814 50.548176474869251
leaf_count=32890 164 29837 5477 118 106 45 122 31929 318 459 138 39 597 13 344 50 858 74 173 60 676 41953 98 164 51 985 57 79 132 1033
internal_value=0.000198632 -0.0136504 -0.0305514 -0.0360959 -0.0107309 -0.0190681 -0.0382544 -0.0392486 0.0033631 -0.00444685 -0.0118957 -0.0395163 -0.0303507 -0.00559059 -0.00747663 -0.0134745 -0.0271021 -0.00195794 -0.00707747 0.020109 -0.0135209 -0.0396489 -0.000381519 -0.00342106 0.00105882 0.00415773 -0.0282476 -0.0434078 -0.0168352 -0.0214917
internal_weight=2679.18 2103.28 1665.29 1300.64 364.65 228.897 1193.6 1155.98 135.754 100.305 107.042 1152.55 128.592 17.8064 37.6185 67.8392 41.6238 65.4186 56.5599 10.4304 46.1295 1151.26 125.795 112.376 97.7564 90.7064 15.3639 479.001 64.0021 53.8937
internal_count=149039 116149 86312 76784 9528 7806 74687 74164 1722 1719 2097 74000 6087 610 523 1260 976 1121 1047 198 849 73961 1404 1306 1142 1036 401 32008 1210 1078
is_linear=0
shrinkage=0.05


Tree=74
num_leaves=31
num_cat=0
split_feature=22 2 0 4 4 7 8 17 21 21 20 17 0 10 7 17 20 20 10 8 17 10 0 21 7 20 10 0 17 10
split_gain=716.159 867.81 62.8269 25.7315 12.6167 12.3741 8.17173 6.42709 6.25595 6.21031 5.9427 5.58101 6.28814 6.40271 5.58095 4.31488 4.18955 4.04574 7.41189 6.59344 5.25685 4.87685 3.99258 3.98523 3.91291 7.06925 5.06565 3.56158 8.83746 3.47384
threshold=1.0000000180025095e-35 1.0000000180025095e-35 35.500000000000007 1.0000000180025095e-35 1.0000000180025095e-35 1.0000000180025095e-35 1.5000000000000002 0.12933094384707292 1.0000000180025095e-35 1.0000000180025095e-35 3.5000000000000004 0.060915275200989494 52.500000000000007 3.8275000000000001 1.0000000180025095e-35 0.13182720953326715 3.5000000000000004 2.5000000000000004 3.9277500000000005 3.5000000000000004 0.16552511415525115 3.9379500000000003 20.500000000000004 1.0000000180025095e-35 1.5000000000000002 2.5000000000000004 4.0779000000000005 24.500000000000004 0.07634032634032635 4.0815500000000009
decision_type=2 2 2 2 2 2 2 2 2 2 2 2 2 2 2 2 2 2 2 2 2 2 2 2 2 2 2 2 2 2
left_child=-1 2 3 5 8 6 -2 23 11 10 17 -4 13 -13 -15 -9 -11 18 -8 -19 27 -22 -5 -7 26 -26 -17 28 -20 -16
right_child=1 -3 4 22 -6 7 9 15 -10 16 -12 12 -14 14 29 24 -18 19 20 -21 21 -23 -24 -25 25 -27 -28 -29 -30 -31
leaf_value=0.05066958682661539 0.037437154735377738 0.050495213196496441 -0.038835842093142892 -0.042680419532225275 0.02521235836169541 -0.033788943382214366 -0.039284021021190912 0.040642425592880206 0.02588174120938691 -0.00062295869619886056 -0.0089920285004310378 0.032368555205684317 0.04270681852163663 -0.020510993603788618 0.011716780029835802 -0.02877346200899137 -0.038244179857036535 -0.042285985978749878 0.10365368817099677 0.047448904856263685 0.068740665672797782 -0.007278470119792717 -0.010362547604474788 0.011789278900280066 0.066787150263523207 -0.02087117129087946 0.010467049431938285 -0.031327506964424198 -0.034950267248231318 -0.010595816463570908
leaf_weight=547.97797931730747 2.7840953618288031 417.33548887260258 18.457271188497543 9.5865152496844512 25.213045978918672 71.03124875202775 238.92553643230349 3.2896340563893309 9.8579571209847909 18.610980749130249 16.465605434030294 6.8961174227297297 4.4256847202777854 118.48103147372603 25.2660714648664 28.811380263417959 11.322148317471148 730.30521732568741 0.83343427721410934 1.2735498659312714 1.3633190561085964 18.676347487606108 117.74984248913825 4.6611871290951958 3.1575236134231082 4.3728923872113228 10.758150702342389 57.630798874422908 2.2008075090125203 51.113320082426071
leaf_count=32849 141 29866 421 252 470 3572 16332 89 92 92 535 118 34 3576 182 1493 375 50608 59 43 73 1022 2128 39 33 91 382 3478 156 432
internal_value=-1.92175e-06 -0.0136926 -0.0303157 -0.034635 -0.00775392 -0.0368574 -0.0385689 -0.0217336 -0.0113904 -0.0387956 -0.0394299 -0.0131335 -0.0106563 -0.0120318 -0.0137603 -0.00768311 -0.0156294 -0.0398976 -0.0348207 -0.0420652 -0.0212881 0.000914578 -0.0131092 -0.0308651 -0.0118331 0.0194048 -0.0181097 -0.0285183 0.0193774 -0.00315884
internal_weight=2578.83 2030.86 1613.52 1353.81 259.71 1226.47 1100.39 126.082 234.497 1097.61 1067.67 224.639 206.182 201.757 194.86 50.3896 29.9331 1051.21 319.63 731.579 80.7047 20.0397 127.336 75.6924 47.0999 7.53042 39.5695 60.665 3.03424 76.3794
internal_count=149033 116184 86318 80993 5325 78613 72914 5699 4855 72773 72306 4763 4342 4308 4190 2088 467 71771 21120 50651 4788 1095 2380 3611 1999 124 1875 3693 215 614
is_linear=0
shrinkage=0.05


Tree=75
num_leaves=31
num_cat=0
split_feature=22 2 0 4 7 0 8 21 17 21 20 20 8 4 17 7 21 17 0 20 17 0 5 17 17 0 20 17 20 17
split_gain=673.162 807.436 68.1836 29.0942 13.1955 11.5565 7.21109 6.36334 6.83228 6.03431 5.7818 5.39711 8.5857 6.70122 5.96791 4.81787 4.5344 4.24063 4.14615 4.13942 4.74351 5.94513 3.93068 9.79159 6.44234 7.6371 4.78452 4.82154 3.78541 3.00474
threshold=1.0000000180025095e-35 1.0000000180025095e-35 35.500000000000007 1.0000000180025095e-35 1.0000000180025095e-35 53.500000000000007 1.5000000000000002 1.0000000180025095e-35 0.056470900876959877 1.0000000180025095e-35 3.5000000000000004 2.5000000000000004 2.5000000000000004 1.0000000180025095e-35 0.1856158484065461 1.5000000000000002 1.0000000180025095e-35 0.23582887700534763 25.500000000000004 2.5000000000000004 0.12208672086720869 32.500000000000007 0.12864214992927867 0.1082709215239336 0.17595459236326114 24.500000000000004 2.5000000000000004 0.20722186076772939 3.5000000000000004 0.21244358478401035
decision_type=2 2 2 2 2 2 2 2 2 2 2 2 2 2 2 2 2 2 2 2 2 2 2 2 2 2 2 2 2 2
left_child=-1 2 3 4 6 7 -2 8 -4 10 18 13 -13 14 -10 16 22 19 -8 20 -6 -22 24 -24 -5 -26 -27 -28 -11 -16
right_child=1 -3 5 15 17 -7 9 -9 11 28 -12 12 -14 -15 29 -17 -18 -19 -20 -21 21 -23 23 -25 25 26 27 -29 -30 -31
leaf_value=0.050627098436011264 0.036316270824353007 0.050458532190578026 -0.038882148328051175 -0.030680863730361274 -0.045577118256213772 0.046019459652843479 -0.043649601130912222 0.027593248592619204 -0.009227550847824768 -0.00042500698481103146 -0.0090864615023676463 -0.019853510506072508 0.023341254780094731 0.039057969536392151 0.037992936588597898 0.028234278078857242 0.029016048287754056 0.019806466285866731 -0.036670803035781956 -0.014748993703701014 -0.035867324784520323 0.024335811854601531 0.043035162418841533 -0.016672639237272045 -0.042826633156157666 0.046539575654799686 0.026260281658017071 -0.031014342303327253 -0.037247108073955731 -0.00079391153436946633
leaf_weight=521.29957657773048 2.4982482884079209 396.27709847688675 17.65786987170577 57.046672461554408 30.085653974674642 9.3058673255145532 412.53948682826012 11.008553344756363 81.976210836321115 17.733197063207626 16.510636486113071 99.601691005751491 12.142009411007164 9.2648354694247228 10.422420220449569 6.3922632541507474 5.0782197937369338 5.4661440644413224 599.66407750174403 70.974907509982586 8.5022233864292485 6.3000639230012885 8.2887928597629053 25.335183242335916 6.8004548624157932 6.6738290935754785 6.1973232980817556 6.5196615159511566 10.535038083791735 8.7997178900986892
leaf_count=32835 131 29792 420 1354 1576 322 30472 96 1024 87 541 3098 114 106 94 34 38 213 41381 3240 451 122 67 305 218 68 144 161 362 79
internal_value=0.00016982 -0.013231 -0.0293354 -0.0339788 -0.0364363 -0.00593053 -0.0382349 -0.00803261 -0.00977543 -0.0384452 -0.0390757 -0.0072986 -0.0149946 0.000551282 -0.00332174 -0.0112603 -0.0135434 -0.0205466 -0.0395554 -0.0226036 -0.0344309 -0.0103255 -0.0156234 -0.00113598 -0.0213926 -0.000777606 0.0153463 -0.00322328 -0.0149517 0.0210755
internal_weight=2486.9 1965.6 1569.32 1309.14 1180.81 260.179 1059.48 250.873 239.865 1056.98 1028.71 222.207 111.744 110.463 101.198 128.332 121.94 121.329 1012.2 115.863 44.8879 14.8023 116.862 33.624 83.2379 26.1913 19.3908 12.717 28.2682 19.2221
internal_count=148945 116110 86318 80965 78576 5353 72974 5031 4935 72843 72394 4515 3212 1303 1197 2389 2355 5602 71853 5389 2149 573 2317 372 1945 591 373 305 449 173
is_linear=0
shrinkage=0.05


Tree=76
num_leaves=31
num_cat=0
split_feature=22 2 0 4 7 8 21 8 10 0 20 20 0 21 10 10 5 0 17 17 7 21 20 0 4 7 10 17 21 17
split_gain=640.665 770.004 59.72 23.9932 14.5846 13.7264 10.6305 9.17304 7.03885 6.63297 5.43566 4.57366 4.33138 3.86002 3.82828 3.69926 3.63782 3.96787 3.6071 3.57644 3.45869 3.42996 3.32076 4.74523 3.0457 4.57076 2.91047 2.78459 4.46746 3.10204
threshold=1.0000000180025095e-35 1.0000000180025095e-35 33.500000000000007 1.0000000180025095e-35 1.0000000180025095e-35 2.5000000000000004 1.0000000180025095e-35 1.5000000000000002 4.3150500000000012 53.500000000000007 3.5000000000000004 3.5000000000000004 49.500000000000007 1.0000000180025095e-35 3.8667500000000001 3.6979500000000005 0.17311854811854813 29.500000000000004 0.16035714285714289 0.17974358974358975 1.0000000180025095e-35 1.0000000180025095e-35 2.5000000000000004 21.500000000000004 1.0000000180025095e-35 2.5000000000000004 4.0916500000000005 0.095564253098499682 1.0000000180025095e-35 0.14670014347202298
decision_type=2 2 2 2 2 2 2 2 2 2 2 2 2 2 2 2 2 2 2 2 2 2 2 2 2 2 2 2 2 2
left_child=-1 2 3 6 5 21 7 -2 11 14 -8 15 18 16 -6 -9 17 -5 -7 -18 22 -4 23 -17 25 27 -20 28 -16 -29
right_child=1 -3 4 13 9 12 10 8 -10 -11 -12 -13 -14 -15 24 20 19 -19 26 -21 -22 -23 -24 -25 -26 -27 -28 29 -30 -31
leaf_value=0.050586082794085066 0.038638110771080987 0.05042428230456928 -0.032054471825709467 -0.023763271810391558 0.035423720201855836 -0.014058306182516696 0.0058683867096143861 -0.044346186511297708 0.058267271950725889 0.0462333161035633 -0.033264368294227714 -0.010635574360797985 0.03752930882652819 0.027386005747573369 -0.019614058994391302 0.019492292751617683 0.029751229958487418 0.00069983734644723432 0.02043836021600752 -0.015444094236069723 -0.026356754507639853 0.0077765230484241141 -0.040075551137316374 -0.032666441469728892 0.019203945466172351 -0.038322921878953684 -0.01068941661638226 0.013539722394765537 0.03382832914732694 -0.0080413963988007538
leaf_weight=495.50944517087191 3.16235702112317 379.82834033761173 113.5439012311399 72.540803277865052 5.9241763800382605 62.055797234177589 21.953996991738677 241.58611268550158 1.0515575893223275 6.9748942628502837 13.623339731246231 15.770885098725556 4.7242136634886256 4.8683646898716679 31.728081887587905 3.856255146674811 7.7377543151378614 21.326555883511901 16.372770017012957 7.8735479563474655 82.783831279724836 5.3049549032002679 508.36350177787244 168.09937418717891 13.012822590768335 8.7102944664657098 12.384767286479471 35.581977371126413 3.521251229569315 29.662385288625956
leaf_count=32802 166 29999 5993 1884 63 1230 121 18253 38 294 384 524 47 37 505 288 41 286 234 61 4565 42 38252 12023 109 75 191 356 46 306
internal_value=6.65826e-07 -0.0131842 -0.029059 -0.0344559 -0.0108745 -0.0189531 -0.0368037 -0.0377374 -0.0380114 0.00198888 -0.00961615 -0.0381676 -0.00476122 -0.0125562 -0.000758768 -0.0385887 -0.0145642 -0.0182565 -0.00734601 0.00739948 -0.0367104 -0.0302265 -0.0379297 -0.0313908 -0.00278589 -0.00555669 0.0071241 -0.00236707 -0.0134895 0.00375491
internal_weight=2399.44 1903.93 1524.1 1174.6 349.502 214.386 1060.25 1024.67 1021.51 135.116 35.5773 1020.46 95.5375 114.347 128.141 1004.69 109.479 93.8674 90.8133 15.6113 763.103 118.849 680.319 171.956 122.217 109.204 28.7575 100.494 35.2493 65.2444
internal_count=149215 116413 86414 76923 9491 7737 74614 74109 73943 1754 505 73905 1702 2309 1460 73381 2272 2170 1655 102 55128 6035 50563 12311 1397 1288 425 1213 551 662
is_linear=0
shrinkage=0.05


Tree=77
num_leaves=31
num_cat=0
split_feature=22 2 1 4 7 1 21 8 20 20 7 5 17 20 10 17 10 1 20 17 8 21 5 17 10 7 8 17 8 17
split_gain=608.203 717.63 57.4617 30.1308 16.1563 9.01093 7.58717 6.64361 5.85294 5.77963 5.18109 5.01583 4.69105 5.19502 4.63337 4.7708 5.3549 4.45834 5.12105 8.04708 7.10909 4.15845 4.89001 6.152 4.95546 4.06765 3.9504 3.75795 3.50846 5.81974
threshold=1.0000000180025095e-35 1.0000000180025095e-35 28.500000000000004 1.0000000180025095e-35 1.0000000180025095e-35 42.500000000000007 1.0000000180025095e-35 1.5000000000000002 3.5000000000000004 3.5000000000000004 1.0000000180025095e-35 0.029520697167755995 0.11970149253731345 2.5000000000000004 3.8275000000000001 0.15438786565547133 4.3024500000000012 21.500000000000004 2.5000000000000004 0.16552511415525115 3.5000000000000004 1.0000000180025095e-35 0.060075187969924816 0.17974358974358975 3.7844500000000005 2.5000000000000004 3.5000000000000004 0.037749287749287756 2.5000000000000004 0.098746324098436783
decision_type=2 2 2 2 2 2 2 2 2 2 2 2 2 2 2 2 2 2 2 2 2 2 2 2 2 2 2 2 2 2
left_child=-1 2 3 4 6 10 7 -2 -8 17 14 -5 13 -6 -4 16 -16 -9 19 -19 -20 22 23 -13 -25 -12 28 -15 29 -24
right_child=1 -3 5 11 12 -7 8 9 -10 -11 25 21 -14 27 15 -17 -18 18 20 -21 -22 -23 26 24 -26 -27 -28 -29 -30 -31
leaf_value=0.050547462228694766 0.035594269589449716 0.050389087831609142 0.028472587655571348 0.030720709549691885 -0.0420834680001397 0.032877407434355896 0.0039059885404955893 -0.040891705560699064 -0.041282588720933849 -0.0077071754476977202 0.0058437076869313261 -0.03765605507575194 -0.0076577190779219097 0.042034165225762657 -0.027506072146163268 -0.0019214090947204437 0.028853093073291876 -0.030545961878265672 -0.037839340631330154 0.0066956988350606005 0.060149395330450606 0.029960158883504579 0.018297119882303658 -0.03553359981672282 0.037410223330415153 -0.027596393272744119 -0.044992342899247112 -0.01799366381094453 0.021687209580714545 -0.016545026200724233
leaf_weight=472.58384486008435 2.3351415209472171 358.4931831471622 5.1567770652472964 6.4792164191603652 30.456764714792371 14.161271035671232 20.159791588783264 676.62518557067961 9.9894795790314692 15.977693719789384 77.905228151008487 30.910497477278113 59.884308299049735 1.8648167029023159 65.856676265597343 37.030124692246318 3.7048513609915963 57.91265108063817 208.4615883436054 18.82322695478797 1.0126695670187462 4.830818247050046 15.23752888292074 2.809887532144784 5.1110912598669529 9.2830162681639177 5.0382989086210719 36.370421007275581 11.227329917252062 45.459171006456017
leaf_count=32855 130 29746 92 40 1621 365 104 53656 359 534 624 807 2416 74 1906 828 60 3359 15028 879 27 34 244 95 117 75 109 1725 109 839
internal_value=1.71673e-05 -0.0129915 -0.0283668 -0.0324044 -0.0349785 -0.00432138 -0.0371077 -0.0378691 -0.0119112 -0.0380805 -0.00712057 -0.00922685 -0.0180747 -0.0269159 -0.0141996 -0.0165095 -0.024138 -0.038576 -0.0329781 -0.021442 -0.0370821 -0.0116075 -0.0135834 -0.0278269 0.0104516 0.00201075 -0.00613205 -0.0140693 -0.00283023 -0.00764333
internal_weight=2311.15 1838.57 1480.08 1266.98 1139.87 213.098 1011.3 981.148 30.1493 978.813 198.937 127.104 128.576 68.692 111.748 106.592 69.5615 962.835 286.21 76.7359 209.474 120.625 115.794 38.8315 7.92098 87.1882 76.9623 38.2352 71.924 60.6967
internal_count=148857 116002 86256 82306 79912 3950 74076 73613 463 73483 3585 2394 5836 3420 2886 2794 1966 72949 19293 4238 15055 2354 2320 1019 212 699 1301 1799 1192 1083
is_linear=0
shrinkage=0.05


Tree=78
num_leaves=31
num_cat=0
split_feature=22 2 0 5 13 21 8 8 20 4 10 10 0 17 21 17 10 10 8 20 17 5 10 5 17 10 13 0 0 10
split_gain=579.311 680.336 61.8018 24.885 11.2455 11.0248 10.6499 8.78115 6.82547 6.19054 5.86463 5.34073 4.59648 4.27615 4.17536 3.89109 3.70699 3.5863 3.56721 5.66462 5.57119 8.10189 4.86135 3.83056 3.44529 3.26175 4.20717 3.93762 3.91375 3.21226
threshold=1.0000000180025095e-35 1.0000000180025095e-35 33.500000000000007 0.034602490421455946 1.0000000180025095e-35 1.0000000180025095e-35 2.5000000000000004 1.5000000000000002 3.5000000000000004 1.0000000180025095e-35 3.8441500000000004 4.3150500000000012 25.500000000000004 0.07634032634032635 1.0000000180025095e-35 0.16035714285714289 4.0837000000000012 4.2524500000000005 3.5000000000000004 2.5000000000000004 0.093933823529411778 0.11029946968909225 3.8731500000000003 0.11433842909857671 0.048003072196620589 3.8730000000000007 1.0000000180025095e-35 26.500000000000004 23.500000000000004 4.1158500000000009
decision_type=2 2 2 2 2 2 2 2 2 2 2 2 2 2 2 2 2 2 2 2 2 2 2 2 2 2 2 2 2 2
left_child=-1 2 3 5 6 7 14 -2 11 13 24 12 16 -6 -4 -8 -9 -15 19 20 -12 -22 23 -21 -5 27 -27 28 -7 -17
right_child=1 -3 4 10 9 25 15 8 -10 -11 18 -13 -14 17 -16 29 -18 -19 -20 22 21 -23 -24 -25 -26 26 -28 -29 -30 -31
leaf_value=0.050509854002895677 0.0383472740018449 0.050356511735948239 -0.028986986647284715 0.0098662537456643707 -0.020933419270107119 0.0092970701740335178 -0.011270915044928893 -0.04287439075683281 -0.0049982158340437684 0.028703715964008 -0.021549456719356715 0.040660156028689692 -0.035050067547353528 0.006050721639940429 0.015279717853238388 0.020898125359789011 0.030976992235709773 -0.024195300634411537 -0.043046456235505529 -0.0062924830678572699 0.072347115714560692 0.0013984915667955805 -0.014679770911504722 0.072081890724078987 -0.031759118431453924 -0.040645411189345747 0.012544128741411573 0.041907209041839304 -0.043035286633618275 -0.012010343176827282
leaf_weight=450.25681516341865 3.0769046712666741 342.31782618351281 108.00351114664227 5.3557166773825875 23.471079383045435 10.519864609465005 62.905537379905581 383.35855740029365 16.242099767550826 17.620081003755331 4.6006899308413294 1.3863240629434574 554.1677009947598 82.826866421848536 5.0070156455039969 21.074539784342054 1.0417752489447583 10.107017392292617 3.7636439092457286 2.8082670234143725 7.1843114960938674 7.9946038424968719 37.871551636606455 2.137260627001524 32.620037855580449 10.876338159665464 4.8460313621908417 4.4534051083028308 4.2190698217600575 10.371284663677214
leaf_count=32888 171 29841 6027 120 382 126 1267 31611 547 389 89 43 41659 882 40 293 76 104 73 86 82 68 766 28 866 217 41 59 73 160
internal_value=-9.93121e-05 -0.0129062 -0.0279705 -0.0337421 -0.00935418 -0.0361798 -0.0166222 -0.0371846 -0.0374674 0.00193059 -0.010391 -0.0380226 -0.038182 -0.002332 -0.0269089 -0.00414814 -0.0425944 0.00253876 -0.00132881 0.0018169 0.023292 0.0373752 -0.0084088 0.0340048 -0.0257862 -0.00830722 -0.0244813 0.00549881 -0.00746576 0.0100088
internal_weight=2232.49 1782.23 1439.91 1098.52 341.387 994.188 207.362 959.273 956.196 134.025 104.336 939.954 938.568 116.405 113.011 94.3514 384.4 92.9339 66.3603 62.5967 19.7796 15.1789 42.8171 4.94553 37.9758 34.9147 15.7224 19.1923 14.7389 31.4458
internal_count=149074 116186 86345 76801 9544 74623 7787 74107 73936 1757 2178 73389 73346 1368 6067 1720 31687 986 1192 1119 239 150 880 114 986 516 258 258 199 453
is_linear=0
shrinkage=0.05


Tree=79
num_leaves=31
num_cat=0
split_feature=22 9 1 4 21 4 8 1 7 17 10 10 20 17 10 8 20 1 17 1 1 17 8 17 17 10 7 20 10 10
split_gain=545.963 634.531 55.9588 25.5992 12.337 10.2239 7.81145 7.10505 5.93067 6.25014 5.83572 5.44781 5.34495 7.32394 7.25415 5.68328 5.29876 5.22487 4.857 4.08879 3.90774 3.9015 4.26016 3.85076 3.81945 4.19069 3.59037 3.55677 3.44936 3.27388
threshold=1.0000000180025095e-35 2.5000000000000004 26.500000000000004 1.0000000180025095e-35 1.0000000180025095e-35 1.0000000180025095e-35 1.5000000000000002 21.500000000000004 1.0000000180025095e-35 0.19399641577060936 3.9524000000000004 3.8820500000000004 2.5000000000000004 0.12208672086720869 4.1106500000000006 2.5000000000000004 3.5000000000000004 31.500000000000004 0.13536417773705914 32.500000000000007 12.500000000000002 0.20722186076772939 2.5000000000000004 0.14194139194139196 0.07634032634032635 3.9277500000000005 2.5000000000000004 3.5000000000000004 4.1614500000000012 4.2326500000000005
decision_type=2 2 2 2 2 2 2 2 2 2 2 2 2 2 2 2 2 2 2 2 2 2 2 2 2 2 2 2 2 2
left_child=-1 2 3 4 6 8 -2 27 9 -4 11 -11 13 -9 18 29 -6 -12 -15 -7 -5 -20 -23 -17 -10 -26 -27 28 -8 -14
right_child=1 -3 5 20 16 19 7 12 24 10 17 -13 15 14 -16 23 -18 -19 21 -21 -22 22 -24 -25 25 26 -28 -29 -30 -31
leaf_value=0.050473829978481502 0.037590867535918782 0.050324267944120406 -0.020870496061021822 -0.040949272341763654 0.0086257166819485448 0.0036748191060795177 -0.03965756698189038 -0.031881688196403253 -0.01938587499117643 -0.010681055379408262 -0.029545197283408819 0.076074131014354021 -0.035945744589056604 0.061408671938428895 -0.045184738193457759 0.037055959306528309 -0.029575226411667405 0.021089141249190445 -0.0089465450884313111 0.04230556641077364 -0.0072571770119876245 0.087907961183769423 0.0057441093801485835 -0.034461094727655038 0.042599721351826769 0.0044760995368977067 -0.029604746753808149 -0.012324757289744146 -0.00088962949959603193 0.0035487259622544497
leaf_weight=429.58100708760321 2.8496543038636437 325.47636521514505 130.16223788261414 8.4363734908401948 22.919353602454066 15.173165714368226 671.73284258786589 38.188400323502719 21.215026032179594 2.5706548076123026 10.913319754414262 3.7429382242262363 181.69709239993244 3.0489524807781008 6.2789542376995078 4.1737683508545151 13.693363031372426 7.9776354543864718 19.437373621389273 11.810754571110008 109.41476873122156 1.4232294568791974 4.9701812211424112 2.0218288879841566 5.4719285015016785 68.103933142498136 7.7013369202613822 13.566284511238335 5.8338284371420732 5.2259749434888354
leaf_count=32966 164 29809 4782 250 126 93 56641 2503 317 80 486 87 13661 122 301 194 407 109 1140 401 2132 70 241 97 53 637 62 464 428 315
internal_value=0.00010439 -0.0124595 -0.0270838 -0.0321338 -0.0347381 -0.00727405 -0.0358236 -0.036081 -0.0103556 -0.016483 0.00610679 0.0441201 -0.0288735 -0.0170172 -0.000436581 -0.0332658 -0.00606811 -0.00817712 0.0104791 0.0214909 -0.00999328 0.00240286 0.0334507 0.0121718 -0.000997564 0.00397944 0.000673329 -0.0388142 -0.0393256 -0.0348286
internal_weight=2154.81 1725.23 1399.76 1114.91 997.061 284.843 960.448 957.599 257.859 155.367 25.2045 6.31359 266.466 73.3471 35.1587 193.119 36.6127 18.891 28.8797 26.9839 117.851 25.8308 6.39341 6.1956 102.492 81.2772 75.8053 691.133 677.567 186.923
internal_count=149138 116172 86363 79256 76874 7107 76341 76177 6613 5544 762 167 18644 4377 1874 14267 533 595 1573 494 2382 1451 311 291 1069 752 699 57533 57069 13976
is_linear=0
shrinkage=0.05


Tree=80
num_leaves=31
num_cat=0
split_feature=22 2 0 4 20 8 12 21 17 4 7 10 8 0 7 20 10 0 10 7 0 17 10 7 10 0 20 8 17 10
split_gain=512.232 595.492 50.4844 21.9702 11.7202 25.9815 16.8058 10.8478 10.4949 8.71834 8.02604 7.58494 7.14689 6.84406 6.53294 6.66488 5.92056 5.04221 4.69422 4.65554 5.04812 5.22791 3.40622 3.34388 4.34546 3.24993 5.57008 3.24519 2.89513 4.4102
threshold=1.0000000180025095e-35 1.0000000180025095e-35 33.500000000000007 1.0000000180025095e-35 2.5000000000000004 3.5000000000000004 2.5000000000000004 1.0000000180025095e-35 0.063164893617021281 1.0000000180025095e-35 1.0000000180025095e-35 3.8937500000000003 1.5000000000000002 42.500000000000007 1.5000000000000002 3.5000000000000004 4.0981500000000013 25.500000000000004 3.6069500000000008 1.5000000000000002 41.500000000000007 0.14760348583878 4.0837000000000012 1.0000000180025095e-35 3.8868500000000004 21.500000000000004 3.5000000000000004 1.5000000000000002 0.11378020713463753 4.1069500000000012
decision_type=2 2 2 2 2 2 2 2 2 2 2 2 2 2 2 2 2 2 2 2 2 2 2 2 2 2 2 2 2 2
left_child=-1 2 3 7 6 10 8 12 -4 11 27 -10 -2 16 15 17 -13 22 -5 20 21 -12 -14 24 25 -9 -27 -6 29 -21
right_child=1 -3 4 18 5 -7 -8 23 9 -11 19 13 14 -15 -16 -17 -18 -19 -20 28 -22 -23 -24 -25 -26 26 -28 -29 -30 -31
leaf_value=0.050438831891186114 0.036863238023819543 0.050293712000060553 -0.031977952787081577 -0.042896050875861659 0.03631784523821853 0.061900582823201489 -0.050747564942396073 -0.034712798550656752 0.044413659461964961 0.044163548886294063 0.014210490917860218 0.0059458459241899944 -0.041674500911785539 0.020165793925170029 0.0068846959493716626 -0.0035593830283761185 -0.022810854381401527 -0.033199335607305085 -0.007077282944821019 -0.041513173891776098 0.054698728274200019 -0.029558854858086139 0.027986058932747082 0.021404323636109873 -0.041591754294310834 0.030521132341047114 -0.031188050797211094 -0.031639199681330388 -0.037267528117139896 0.013576181103825411
leaf_weight=407.50431240536273 2.6544861150905481 311.08979457803071 15.358172642067073 9.1584054306149465 0.99499631673097511 8.6624229494482261 13.451850881800054 4.2316013406962218 10.258465226739643 15.811315442435442 17.236130123957999 37.620950086973608 353.94346834719181 31.461849272251129 8.65768278762698 15.741576945409177 32.595098367892206 502.33647367265075 100.14439269155264 4.5009142775088575 3.5299653857946387 9.9065406657755357 1.1192457266151894 7.3137591313570729 8.8659487050026637 10.167192328721283 4.5012372694909564 106.89730108808726 14.004722464829682 9.7765542063862068
leaf_count=32834 159 29934 399 245 8 116 218 57 174 387 276 808 31665 165 248 541 701 41209 2034 59 25 139 82 62 191 46 168 5821 137 91
internal_value=0.000243545 -0.0120131 -0.0262823 -0.0317506 -0.00929549 -0.0181289 0.000659442 -0.0342697 0.00581029 0.0105664 -0.0226279 0.00547166 -0.0353509 0.00114845 -0.0356098 -0.0360386 -0.0075362 -0.0366301 -0.0104402 -0.00761744 0.00582657 -0.00224714 -0.0413769 -0.00678311 -0.0146939 -0.000620152 0.0108028 -0.0306847 -0.0218988 -0.00537104
internal_weight=2079.5 1671.99 1360.9 1028.84 332.067 175.51 156.558 919.533 143.106 127.748 166.847 111.936 884.453 101.678 881.798 873.141 70.216 857.399 109.303 58.9548 30.6726 27.1427 355.063 35.0797 27.766 18.9 14.6684 107.892 28.2822 14.2775
internal_count=148999 116165 86231 76707 9524 6672 2852 74428 2634 2235 6556 1848 73904 1674 73745 73497 1509 72956 2279 727 440 415 31747 524 462 271 214 5829 287 150
is_linear=0
shrinkage=0.05


Tree=81
num_leaves=31
num_cat=0
split_feature=22 2 0 4 0 21 7 8 8 0 17 10 4 21 20 17 10 20 0 12 20 10 17 8 20 17 5 17 17 5
split_gain=480.5 549.574 56.3319 22.853 11.7187 10.7222 8.379 11.9533 6.84688 5.25341 5.02265 5.73709 5.57986 5.12483 4.87846 4.61958 4.57857 3.74815 4.27308 3.56981 3.56665 3.36945 3.91575 3.18641 3.66014 4.74459 4.91858 2.55137 5.03465 5.83961
threshold=1.0000000180025095e-35 1.0000000180025095e-35 33.500000000000007 1.0000000180025095e-35 48.500000000000007 1.0000000180025095e-35 1.0000000180025095e-35 2.5000000000000004 1.5000000000000002 23.500000000000004 0.095564253098499682 4.0252000000000008 1.0000000180025095e-35 1.0000000180025095e-35 3.5000000000000004 0.063164893617021281 4.2723500000000012 3.5000000000000004 30.500000000000004 2.5000000000000004 2.5000000000000004 3.8441500000000004 0.042403356308061142 3.5000000000000004 2.5000000000000004 0.093933823529411778 0.11029946968909225 0.21702898550724639 0.17595459236326114 0.10268392044092979
decision_type=2 2 2 2 2 2 2 2 2 2 2 2 2 2 2 2 2 2 2 2 2 2 2 2 2 2 2 2 2 2
left_child=-1 2 3 5 6 8 7 16 -2 -10 12 20 13 -8 -11 -9 -4 -7 -19 -6 -12 22 -5 24 25 -23 -27 28 -26 -30
right_child=1 -3 4 21 19 17 10 15 9 14 11 -13 -14 -15 -16 -17 -18 18 -20 -21 -22 23 -24 -25 27 26 -28 -29 29 -31
leaf_value=0.050405122005417774 0.036578327835768358 0.050262375272263682 -0.029749204071453442 0.015824292518518357 0.037834326686253562 0.0062042476238868358 -0.025486883963065095 -0.038119793850239718 -0.042167155943365155 -0.033243139296358908 0.054188126964993311 0.0010125146571151812 0.038340557061966839 0.032840323881714269 2.4318255598544886e-05 0.0015552847340933812 0.016326292582586412 -0.041270993390276546 0.023194637947930988 -0.021788129588186364 0.008239267975110643 -0.023865880230334827 -0.028119636097387341 -0.042743003553412651 -0.01225028922353201 0.05045968508320945 -0.0014931017173309949 -0.029636844525077713 0.061025040514722906 -0.014667549446512796
leaf_weight=388.66478758957237 2.5865462059155098 294.50042662955821 98.396779716946185 5.3206170909106723 16.764214203692976 22.115436986088753 33.309297678992152 7.0850628651678553 210.21602236572653 630.49467166885734 8.5244621932506561 61.922040194272995 3.771156294271349 3.3668167404830447 11.214290887117384 78.607600014656782 5.0925676543265572 9.9123759735375625 2.6472654212266198 2.2566020786762229 8.346668029204011 5.0264119654893902 32.017535412684083 3.7921735644340506 29.126962607726455 9.3888552971184271 8.014311168342827 9.9560246895998699 4.8494687210768443 3.950970945879817
leaf_count=32912 161 29773 5894 116 388 120 564 194 19180 54205 61 609 24 46 382 1444 160 340 55 29 106 94 883 80 613 102 68 219 103 63
internal_value=0.000544558 -0.0114225 -0.0251287 -0.0310153 -0.00710023 -0.0336897 -0.00947948 -0.0159946 -0.0347953 -0.0350546 0.000904283 0.00823168 -0.013224 -0.019403 -0.0326626 -0.00212692 -0.0273473 -0.00623275 -0.0269747 0.0300258 0.0331889 -0.00956696 -0.0216083 -0.00329297 -0.000595783 0.0156611 0.0277539 -0.00837545 -0.00217632 0.0290135
internal_weight=2011.24 1622.57 1328.07 1000.63 327.443 889.187 308.422 189.182 854.512 851.925 119.24 78.7932 40.4473 36.6761 641.709 85.6927 103.489 34.6751 12.5596 19.0208 16.8711 111.443 37.3382 74.1052 70.313 22.4296 17.4032 47.8834 37.9274 8.80044
internal_count=148988 116076 86303 76784 9519 74443 9102 7692 73928 73767 1410 776 634 610 54587 1638 6054 515 395 417 167 2341 999 1342 1262 264 170 998 779 166
is_linear=0
shrinkage=0.05


Tree=82
num_leaves=31
num_cat=0
split_feature=22 2 1 4 7 1 10 21 8 1 20 5 10 17 7 17 1 21 5 17 17 10 8 5 17 8 10 1 20 17
split_gain=464.602 526.673 52.3133 25.9337 9.77887 7.72731 7.16949 5.66013 4.92068 4.78264 6.39239 4.49845 4.38164 4.3075 4.08774 5.727 3.9446 3.9025 4.42249 5.69219 5.68854 3.82263 3.80942 3.76357 3.56313 3.50633 3.37071 4.66478 3.3555 4.77765
threshold=1.0000000180025095e-35 1.0000000180025095e-35 26.500000000000004 1.0000000180025095e-35 1.0000000180025095e-35 34.500000000000007 3.8275000000000001 1.0000000180025095e-35 1.5000000000000002 21.500000000000004 2.5000000000000004 0.022857889237199586 3.6069500000000008 0.12933094384707292 1.0000000180025095e-35 0.16035714285714289 24.500000000000004 1.0000000180025095e-35 0.14118503296515114 0.11726508785332317 0.17595459236326114 3.8868500000000004 3.5000000000000004 0.041522988505747128 0.26138716356107666 2.5000000000000004 4.1614500000000012 19.500000000000004 2.5000000000000004 0.060915275200989494
decision_type=2 2 2 2 2 2 2 2 2 2 2 2 2 2 2 2 2 2 2 2 2 2 2 2 2 2 2 2 2 2
left_child=-1 2 3 4 7 6 -4 8 -2 26 24 -7 -5 28 15 -8 -15 18 20 -20 -14 -9 -12 -22 -11 -17 -10 -28 -6 -30
right_child=1 -3 5 12 13 11 14 21 9 10 22 -13 17 16 -16 25 -18 -19 19 -21 23 -23 -24 -25 -26 -27 27 -29 29 -31
leaf_value=0.05037230135215618 0.032919193525304785 0.050232278115379794 0.027065683614862696 -0.040963688170545104 -0.041240315362467743 0.0041663636084536843 -0.025968718796521573 0.0015410423427913644 -0.038937937674930784 -0.016187815467277912 -0.035092879453675889 0.044745730959941665 -0.022345900659735265 -0.014114175791560577 -0.0039524044500306504 -0.017103575525748652 0.021186300774645322 0.036424703087559289 0.052989462671035714 -0.0028710686781736653 0.037758348140439116 -0.036813957026010043 0.043305678708131103 -0.0044619517186050379 0.048603504632983449 0.012382168570296255 0.070909323339875291 -0.024603016840034426 0.013026083684140025 -0.027675652949484455
leaf_weight=369.64510342013091 1.8562792520970095 279.78209261968732 11.026033299043773 8.4037125371396524 22.857480906881392 57.911099569872022 82.016286566853523 18.015285294502977 569.5434059696272 50.636190870776772 151.15411786362529 6.7877367194741955 52.607514441013336 29.467181391082704 79.766823086887598 19.336059116758406 9.7269868999719602 4.3629009425640097 5.2214050702750709 16.73533047363162 5.8183632139116552 9.0933583676815015 0.76111697033047576 22.65475931763649 1.2608405668288458 19.025213811546564 0.8501118952408423 3.1679240223020315 9.5768213625997287 23.144986564293504
leaf_count=32882 126 29718 261 230 1563 482 3745 256 53803 3506 13053 357 1281 1777 936 1018 238 31 35 182 123 190 22 477 72 298 70 270 504 1334
internal_value=1.03984e-05 -0.0118521 -0.0253167 -0.0305515 -0.0334124 -0.00597938 -0.010602 -0.0352078 -0.0359924 -0.0361991 -0.0292426 0.00903993 -0.00819427 -0.0179287 -0.0128013 -0.0185841 -0.00504436 -0.00527594 -0.0073748 0.0121424 -0.0127436 -0.0121768 -0.0344195 0.00515398 -0.0137246 -0.00253711 -0.0386158 0.00570874 -0.026765 -0.0157303
internal_weight=1942.21 1572.57 1292.79 1016.92 901.112 275.869 211.17 806.339 779.23 777.374 203.812 64.6988 115.804 94.7735 200.144 120.378 39.1942 107.4 103.037 21.9567 81.0806 27.1086 151.915 28.4731 51.897 38.3613 573.561 4.01804 55.5793 32.7218
internal_count=148840 115958 86240 79143 76784 7097 6258 71368 70922 70796 16653 839 2359 5416 5997 5061 2015 2129 2098 217 1881 446 13075 600 3578 1316 54143 340 3401 1838
is_linear=0
shrinkage=0.05


Tree=83
num_leaves=31
num_cat=0
split_feature=22 2 0 4 21 7 8 20 7 8 0 10 10 0 10 10 10 21 10 10 20 10 5 5 20 0 8 10 10 0
split_gain=432.489 489.817 50.7227 18.4917 12.0732 9.60461 10.8698 6.64157 6.78629 5.75156 5.0551 8.17025 5.75975 4.69682 4.34767 5.33654 4.01603 4.197 3.43059 3.36211 3.2055 3.15859 4.32864 5.54254 3.11688 3.46396 2.97193 2.91434 2.93958 3.08876
threshold=1.0000000180025095e-35 1.0000000180025095e-35 33.500000000000007 1.0000000180025095e-35 1.0000000180025095e-35 1.0000000180025095e-35 2.5000000000000004 3.5000000000000004 1.5000000000000002 1.5000000000000002 26.500000000000004 4.0837000000000012 4.1313500000000012 53.500000000000007 4.0391500000000011 4.0271000000000008 4.2143500000000005 1.0000000180025095e-35 3.9543000000000004 3.8441500000000004 2.5000000000000004 3.8731500000000003 0.13025804171085192 0.041522988505747128 3.5000000000000004 30.500000000000004 1.5000000000000002 3.9233500000000006 3.7963000000000005 37.500000000000007
decision_type=2 2 2 2 2 2 2 2 2 2 2 2 2 2 2 2 2 2 2 2 2 2 2 2 2 2 2 2 2 2
left_child=-1 2 3 4 7 6 16 8 9 -2 11 -11 -13 -7 15 18 26 -18 27 -5 -16 22 23 -21 -6 -26 -4 28 -8 -30
right_child=1 -3 5 19 24 13 14 -9 -10 10 -12 12 -14 -15 20 -17 17 -19 -20 21 -22 -23 -24 -25 25 -27 -28 -29 29 -31
leaf_value=0.050340044946098575 0.034835208733938416 0.05020415690944649 0.035811083521441293 -0.022683924078739093 0.0088096221836517271 0.0012882747853147237 0.038016245747649668 -0.0012417715889376027 0.0093293688513349012 -0.039982321632338585 -0.030854340608564363 0.098426627246071513 -0.015704268400243939 0.044501009670787357 -0.015560386603517771 0.060844199898864852 -0.012068186460182727 0.055649359176677404 -0.014453132528508141 0.052034662922091482 0.020585108328990201 -0.0079260462240569735 0.067450723094458598 -0.038046296039048591 -0.035241856254602306 0.02252202393885391 -0.029909967000119126 0.044667679266831906 -0.026737752510461718 0.020875829057545911
leaf_weight=350.9543045507744 2.2004876211285582 267.77570407092571 0.95201936736702819 37.000970115885139 20.89626800082624 124.78469867072999 3.7824424207210567 15.493917765095828 8.4028899651020748 381.83608901873231 388.49980226811022 0.89816771913319771 2.1075752153992653 5.6261316835880271 45.10448522400111 3.7397696692496529 10.701340314932164 1.8447852060198791 13.996565030887721 1.7793838325887907 6.1937223803251973 65.548752252012491 2.4729062132537365 3.4389986973255873 9.6038082726299745 2.6750184278935185 88.639676897786558 5.5193697791546574 7.3849483579397184 4.8075474388897419
leaf_count=32810 148 29884 8 1017 117 1450 45 564 252 38183 34599 74 178 301 919 60 496 8 277 45 92 1163 24 107 346 56 5587 94 169 41
internal_value=0.000350554 -0.0111138 -0.0241134 -0.0299677 -0.0325159 -0.00698853 -0.0140537 -0.0337411 -0.034381 -0.034866 -0.0351091 -0.0393131 0.0344575 0.003477 -0.00139433 0.0109792 -0.025152 0.0012621 0.00420135 -0.010603 -0.010886 -0.00427642 0.0241606 -0.00390184 -0.0028685 -0.0219092 -0.028824 0.0164512 0.00464527 -0.00780423
internal_weight=1884.66 1533.71 1265.93 942.855 832.614 323.078 192.667 799.439 783.945 775.542 773.342 384.842 3.00574 130.411 90.5289 39.2306 102.138 12.5461 35.4909 110.241 51.2982 73.24 7.69129 5.21838 33.1751 12.2788 89.5917 21.4943 15.9749 12.1925
internal_count=149114 116304 86420 76873 74517 9547 7796 73998 73434 73182 73034 38435 252 1751 1697 686 6099 504 626 2356 1011 1339 176 152 519 402 5595 349 255 210
is_linear=0
shrinkage=0.05


Tree=84
num_leaves=31
num_cat=0
split_feature=22 2 0 5 21 0 8 7 7 8 0 10 10 20 10 0 17 10 17 17 8 17 0 10 10 17 5 17 20 10
split_gain=411.233 460.301 49.0327 17.5458 13.797 10.4493 8.70587 7.45512 6.41859 8.62097 5.52557 6.5441 5.15039 5.05978 4.69738 7.23377 4.38461 4.25149 4.14094 3.9992 3.93779 9.77728 3.73323 6.99072 3.50001 3.38603 4.68368 3.24914 3.15685 3.1055
threshold=1.0000000180025095e-35 1.0000000180025095e-35 33.500000000000007 0.058765972142281575 1.0000000180025095e-35 52.500000000000007 1.5000000000000002 1.5000000000000002 1.0000000180025095e-35 2.5000000000000004 26.500000000000004 4.0837000000000012 4.1313500000000012 3.5000000000000004 4.0391500000000011 40.500000000000007 0.19859154929577469 4.2201500000000012 0.07634032634032635 0.085236118318630011 2.5000000000000004 0.22611077297626295 31.500000000000004 3.8693500000000003 4.0391500000000011 0.18942218080149117 0.17311854811854813 0.037749287749287756 3.5000000000000004 4.0271000000000008
decision_type=2 2 2 2 2 2 2 2 2 2 2 2 2 2 2 2 2 2 2 2 2 2 2 2 2 2 2 2 2 2
left_child=-1 2 3 4 6 8 -2 10 9 17 11 13 -13 -8 16 -16 29 -4 -15 -19 -12 22 -22 -24 25 26 -5 -10 -6 -11
right_child=1 -3 5 24 28 -7 7 -9 27 14 20 12 -14 18 15 -17 -18 19 -20 -21 21 -23 23 -25 -26 -27 -28 -29 -30 -31
leaf_value=0.050309894044664877 0.039919564509741358 0.050175600270954059 -0.027550994544073538 -0.014677162219033025 0.010332112780331994 0.045412930333393081 -0.039479804174122585 0.0089414463109658907 -0.030527613725039288 -0.0045363842402952577 -0.031636996150025826 0.082230644448733764 -0.018854327260999421 0.034320426926658258 -0.030476445771537602 0.0066267089788838093 0.040928899270640515 0.058483119385986396 -0.026912034415424415 -0.010449292729223613 -0.030547272830466883 0.043431442961191537 0.059786020391577724 -0.017609948297495043 0.0096411980047363677 -0.030124746889793948 0.027055422592711483 0.0026597412730988007 -0.019722112662205613 0.042554856446864964
leaf_weight=335.74295210372657 3.3002335950732222 254.87512055598199 88.690824410878122 23.362270738929514 22.468659216538072 8.372924034483729 384.51757191773504 10.006400454789398 6.8642316907644263 27.945708848536018 324.13843207713217 1.1264913147315376 2.3991344403475523 3.6555653996765596 26.20680932328105 24.831086596474051 7.9778031893074504 1.8034797487780432 5.7921439185738564 7.5934714050963521 47.328106926754117 5.0482347253710023 2.6011520419269827 14.41339082457125 23.766937455162406 17.86886571533978 8.296994283795355 117.64219102449715 12.92191690020263 2.9835178628563872
leaf_count=32975 171 29886 5651 626 128 346 38841 248 115 540 29531 77 189 133 778 200 96 73 217 342 4038 333 158 947 293 354 43 1323 409 51
internal_value=0.00040857 -0.010871 -0.023511 -0.0294156 -0.0314619 -0.00667297 -0.0328046 -0.0331537 -0.00820874 -0.0140147 -0.0336968 -0.0379742 0.0244771 -0.0385937 -0.00277455 -0.0126445 0.0101651 -0.0241898 -0.00220234 0.00713291 -0.029291 -0.0180384 -0.0234521 -0.00311584 -0.00586407 -0.0133481 -0.0032467 0.000601414 -0.000881788 0.00119668
internal_weight=1824.54 1488.8 1233.92 913.013 839.717 320.912 804.327 801.027 312.539 188.033 791.02 397.491 3.52563 393.965 89.9449 51.0379 38.907 98.0878 9.44771 9.39695 393.529 69.3909 64.3426 17.0145 73.2951 49.5281 31.6593 124.506 35.3906 30.9292
internal_count=149112 116137 86251 76736 75420 9515 74883 74712 9169 7731 74464 39457 266 39191 1665 978 687 6066 350 415 35007 5476 5143 1105 1316 1023 669 1438 537 591
is_linear=0
shrinkage=0.05


Tree=85
num_leaves=31
num_cat=0
split_feature=22 2 0 5 21 5 20 7 8 17 8 0 8 0 20 17 5 17 17 20 7 0 5 0 0 17 5 17 5 17
split_gain=393.413 438.33 39.7989 21.6826 8.99222 8.63776 6.59645 5.63808 7.81855 7.07081 5.31493 5.56772 3.2037 3.6817 3.9777 4.23571 4.8876 4.63878 3.72691 3.05212 2.91224 2.89429 3.23874 2.71289 3.08414 2.65609 8.20573 3.85207 2.59389 2.39283
threshold=1.0000000180025095e-35 1.0000000180025095e-35 33.500000000000007 0.034602490421455946 1.0000000180025095e-35 0.11433842909857671 3.5000000000000004 1.0000000180025095e-35 2.5000000000000004 0.16035714285714289 1.5000000000000002 26.500000000000004 3.5000000000000004 20.500000000000004 2.5000000000000004 0.23582887700534763 0.18956442831215972 0.055175038051750384 0.17274535809018571 3.5000000000000004 1.0000000180025095e-35 35.500000000000007 0.025696049301199519 45.500000000000007 36.500000000000007 0.08842144452717797 0.086785347483738465 0.15655637254901963 0.12008583690987125 0.22996794871794876
decision_type=2 2 2 2 2 2 2 2 2 2 2 2 2 2 2 2 2 2 2 2 2 2 2 2 2 2 2 2 2 2
left_child=-1 2 3 4 6 7 10 8 21 -10 -2 -12 13 -5 18 16 17 -16 -15 -6 25 -4 29 24 -11 26 -19 -27 -20 -23
right_child=1 -3 5 12 19 -7 -8 -9 9 23 11 -13 -14 14 15 -17 -18 20 28 -21 -22 22 -24 -25 -26 27 -28 -29 -30 -31
leaf_value=0.05027927562213505 0.034410918801157583 0.050147324832852884 -0.035920832326487316 -0.035759421776835283 0.0062236012029550586 0.041908366194109065 -0.00015319477344010875 -0.0012394770763541529 -0.014426743627890008 0.028756612364230435 -0.038253547751759848 -0.029227209949151192 -0.043747376950164063 -0.0038439988053518277 0.053805603605247082 -0.035450547729670892 0.041061586764542295 -0.033425735337527206 0.056652065550526626 -0.024831855602051773 0.02385836659038422 -0.023315338507197535 0.024636785811932058 0.048451255575455876 -0.005062662150539618 -0.042247948612898691 0.051880771880369096 -0.0053582968190243069 0.011544322070919794 0.014444632720319751
leaf_weight=318.08938950952142 2.1222463008016339 242.35851238388568 36.578396196477115 7.5238948240876189 20.355033792555332 7.4090238800272337 15.228307248093186 123.72259542811662 58.4315618975088 9.9743418246507698 357.57804381102324 379.98187831137329 4.5069880764931431 13.879430629312994 1.9129166081547726 10.756315873935817 4.8516915813088408 5.135653203353284 5.269415205344556 11.644353400915863 4.2701079901307812 52.529386176727712 3.4413305297493926 4.0770436003804198 16.853694442659616 13.217663498595359 4.2325764093548059 14.756321145221589 7.8445908222347498 3.8955140160396686
leaf_count=32818 152 29859 2989 244 114 321 563 1458 1253 246 38489 34871 112 289 38 252 24 192 71 390 52 2883 23 30 164 385 58 388 64 184
internal_value=3.10609e-05 -0.0110623 -0.0234356 -0.0288764 -0.0316382 -0.00819774 -0.032738 -0.00952831 -0.0150121 -0.00427531 -0.0334077 -0.0336492 -0.00663969 -0.00441053 -0.00129294 -0.00852662 -0.00194353 -0.00755179 0.0142921 -0.0054873 -0.0115689 -0.0248117 -0.0175454 0.0147684 0.00809247 -0.0161366 0.00640238 -0.0236451 0.032399 -0.0205023
internal_weight=1762.43 1444.34 1201.98 885.067 786.91 316.913 754.91 309.504 185.781 89.3366 739.682 737.56 98.1576 93.6506 86.1267 59.1332 48.3769 43.5252 26.9934 31.9994 41.6123 96.4446 59.8662 30.9051 26.828 37.3422 9.36823 27.974 13.114 56.4249
internal_count=148976 116158 86299 76748 74579 9551 74075 9230 7772 1693 73512 73360 2169 2057 1813 1389 1137 1113 424 504 1075 6079 3090 440 410 1023 250 773 135 3067
is_linear=0
shrinkage=0.05


Tree=86
num_leaves=31
num_cat=0
split_feature=22 2 0 4 7 0 17 17 8 0 10 0 8 17 10 21 17 17 21 21 10 10 17 7 10 0 5 10 0 19
split_gain=373.764 410.246 41.4437 21.8813 10.6097 6.84491 4.94085 4.71822 4.38093 4.3435 6.07653 4.13179 4.22397 4.7382 4.39568 3.95994 4.13028 4.03583 3.9476 3.74518 3.62186 3.60144 3.78728 3.30447 5.68663 3.43094 3.48894 5.01935 2.81962 3.01367
threshold=1.0000000180025095e-35 1.0000000180025095e-35 34.500000000000007 1.0000000180025095e-35 1.0000000180025095e-35 54.500000000000007 0.1623310810810811 0.12933094384707292 1.5000000000000002 46.500000000000007 4.0779000000000005 26.500000000000004 2.5000000000000004 0.22611077297626295 3.5729000000000002 1.0000000180025095e-35 0.063164893617021281 0.14760348583878 1.0000000180025095e-35 1.0000000180025095e-35 4.3150500000000012 4.0779000000000005 0.13536417773705914 1.0000000180025095e-35 4.3024500000000012 35.500000000000007 0.025696049301199519 4.0733500000000005 31.500000000000004 1.0000000180025095e-35
decision_type=2 2 2 2 2 2 2 2 2 2 2 2 2 2 2 2 2 2 2 2 2 2 2 2 2 2 2 2 2 2
left_child=-1 2 3 4 8 6 15 -6 -2 10 -8 18 14 28 -13 16 -4 23 -10 -5 -16 22 -9 24 25 -18 27 -27 29 -14
right_child=1 -3 5 19 7 -7 9 21 11 -11 -12 12 13 -15 20 -17 17 -19 -20 -21 -22 -23 -24 -25 -26 26 -28 -29 -30 -31
leaf_value=0.050250915155865973 0.032601030556302694 0.050119355834829495 -0.032722075294001181 -0.0091653164017886091 -0.023620826777237106 0.042540251099983779 0.01566005006577053 0.034886933943347485 -0.0381742461755653 0.043218137594773373 -0.014554182613173677 0.026472865977529153 -0.030929230904158334 0.026268371196539686 -0.032550676114348323 0.020290073220745716 -0.041093435567047566 -0.026771897367904657 -0.012193411258596519 0.031515065798242405 0.043039943350456689 0.022418847349753964 -0.018140180156980122 0.0029077811863826449 0.044731561403397728 -9.0422048182322196e-05 0.034243141193884372 -0.029587652080562368 -0.0063257510516342534 0.040696975210359601
leaf_weight=304.62996380915865 1.8085708338767279 230.37747491430491 21.277300127781928 107.64834284223616 51.331400586292148 6.2749866675585499 32.491638702340424 3.0027155205607441 331.86734034866095 5.6118496255949131 32.075733093544841 2.5237770145758978 39.906787709333003 4.9230620888993135 287.72372175659984 8.842632628977297 10.590055459178982 27.249063192866743 16.516643211245537 5.0021300837397566 0.77634847164153953 11.10398021712899 21.843121716752648 59.114469697698951 3.1217228267341843 30.655956940725446 3.0704980529844752 26.244570285081863 22.159334228374064 0.69327592290937801
leaf_count=33022 134 29822 648 2337 3444 312 853 177 36960 52 707 215 3757 330 28362 95 737 953 257 37 39 422 1378 582 65 1070 22 968 1289 20
internal_value=0.000134411 -0.0107534 -0.0227163 -0.0277972 -0.0307134 -0.00535794 -0.00667076 -0.0140402 -0.0327436 0.00461992 0.000657194 -0.0329565 -0.0289559 -0.0172856 -0.0316016 -0.0108399 -0.0124609 -0.00958087 -0.0369809 -0.00709754 -0.0321993 -9.14372e-05 -0.0106298 -0.00587966 -0.0128742 -0.0160122 -0.0109819 -0.0139716 -0.0210605 -0.0287573
internal_weight=1710.46 1405.83 1175.45 908.831 796.18 266.62 260.345 87.2812 708.899 70.1792 64.5674 707.09 358.706 67.6825 291.024 190.166 181.324 160.046 348.384 112.65 288.5 35.9498 24.8458 132.797 73.6828 70.5611 59.971 56.9005 62.7594 40.6001
internal_count=149066 116044 86222 79158 76784 7064 6752 5421 71363 1612 1560 71229 34012 5396 28616 5140 5045 4397 37217 2374 28401 1977 1555 3444 2862 2797 2060 2038 5066 3777
is_linear=0
shrinkage=0.05


Tree=87
num_leaves=31
num_cat=0
split_feature=22 2 0 21 5 8 4 7 10 0 21 20 0 10 0 17 7 10 10 10 20 17 10 20 20 5 17 17 10 17
split_gain=353.371 386.601 40.2037 13.9648 12.4931 8.28955 7.9051 7.7721 6.12072 5.63798 5.4976 4.85748 3.98783 3.26451 3.82067 3.25589 5.35809 7.80091 4.38732 4.83692 3.21246 5.70049 3.07751 3.06475 4.14288 3.048 5.37745 3.0431 2.90963 2.87325
threshold=1.0000000180025095e-35 1.0000000180025095e-35 32.500000000000007 1.0000000180025095e-35 0.058765972142281575 1.5000000000000002 1.0000000180025095e-35 1.5000000000000002 3.6979500000000005 38.500000000000007 1.0000000180025095e-35 3.5000000000000004 25.500000000000004 4.1614500000000012 30.500000000000004 0.1082709215239336 1.0000000180025095e-35 3.8868500000000004 3.7963000000000005 3.7544500000000007 2.5000000000000004 0.12933094384707292 4.1069500000000012 3.5000000000000004 5.5000000000000009 0.13025804171085192 0.082272360999194202 0.056470900876959877 3.9103000000000008 0.07634032634032635
decision_type=2 2 2 2 2 2 2 2 2 2 2 2 2 2 2 2 2 2 2 2 2 2 2 2 2 2 2 2 2 2
left_child=-1 2 3 4 5 -2 9 8 12 10 15 -5 -7 14 25 -4 18 -18 19 -17 -8 -22 -20 -10 29 -6 -27 -11 -9 -25
right_child=1 -3 6 11 13 7 20 28 23 27 -12 -13 -14 -15 -16 16 17 -19 22 -21 21 -23 -24 24 -26 26 -28 -29 -30 -31
leaf_value=0.050221233600077464 0.039777205937426188 0.050092034301396443 -0.026979112549152286 0.014846263579126315 -0.0288797843943857 -0.044549426766166696 0.027769423325155241 -0.020216277098374105 -0.030454931750191129 -0.034379997658172873 0.019894332539634879 -0.022516730931869559 -0.0213690130398047 0.020919445657501284 0.025279046654872375 -0.029013224343378653 0.06985824132581292 -0.0044557274940070979 -0.015276992804139423 0.072746353055553506 0.024559692054271998 -0.028255363958205621 -0.036772470776790224 0.058588750123375943 -0.03965294147150189 0.041559119985734916 -0.014856346856136939 -0.00030571847278099503 0.040897508422305585 -0.0049453390369068595
leaf_weight=288.33848204137757 3.2164386864751568 219.31058957241476 64.069884150288999 23.855349441990256 25.347676364704967 142.65878365933895 18.307982602156699 2.3270805086940518 508.00173281040043 5.9472089186310759 9.3698665797710401 12.388108488172291 24.572219799272716 7.3448376469314089 5.0991553030908099 1.3066951977089041 2.959894746541976 31.833688305690885 61.118836712092161 1.7289968747645614 9.4467035345733184 9.001454998739062 23.660302770324051 2.1036115642636997 3.3154190089553595 4.1964043118059662 21.750074405223131 115.65201518218964 4.2555007860064507 3.8425184264779091
leaf_count=32850 172 29829 3631 137 783 15962 411 77 52635 110 108 404 2558 69 60 91 29 578 4033 79 89 95 1688 76 125 33 309 1688 122 146
internal_value=1.61823e-05 -0.0105948 -0.0222148 -0.0284587 -0.0299065 -0.031851 -0.00818074 -0.0322414 -0.0327664 -0.0107254 -0.0159509 0.00181381 -0.0412907 -0.00856049 -0.0126976 -0.0178465 -0.0128946 0.00364125 -0.0194135 0.032609 0.0135116 -0.00133827 -0.0216347 -0.0299362 -0.0012893 -0.0168841 -0.00452842 -0.00223907 0.0194757 0.0227305
internal_weight=1656.33 1367.99 1148.68 794.275 758.031 694.293 354.404 691.077 684.494 317.647 196.048 36.2435 167.231 63.7381 56.3933 186.678 122.608 34.7936 87.8148 3.03569 36.7561 18.4482 84.7791 517.263 9.26155 51.2942 25.9465 121.599 6.58258 5.94613
internal_count=148977 116127 86298 73668 73127 71873 12630 71701 71502 12035 10237 541 18520 1254 1185 10129 6498 607 5891 170 595 184 5721 52982 347 1125 342 1798 199 222
is_linear=0
shrinkage=0.05


Tree=88
num_leaves=31
num_cat=0
split_feature=22 4 0 0 12 1 0 7 12 0 17 0 7 1 21 20 17 10 10 1 10 4 20 10 0 20 17 17 0 10
split_gain=334.888 174.854 64.2271 47.697 29.9196 17.2275 10.7555 9.05411 5.78364 5.96605 5.21326 5.19238 5.10055 4.58455 4.42308 4.13136 5.61351 5.76338 10.1157 9.1214 4.42071 3.85459 3.73351 3.78103 4.52262 3.71627 6.49046 4.59388 3.60386 3.57985
threshold=1.0000000180025095e-35 1.0000000180025095e-35 33.500000000000007 33.500000000000007 1.0000000180025095e-35 25.500000000000004 42.500000000000007 1.0000000180025095e-35 1.0000000180025095e-35 20.500000000000004 0.048003072196620589 29.500000000000004 1.0000000180025095e-35 15.500000000000002 1.0000000180025095e-35 2.5000000000000004 0.14194139194139196 3.9277500000000005 3.9641000000000006 22.500000000000004 4.0061500000000008 6.5000000000000009 3.5000000000000004 4.1614500000000012 27.500000000000004 2.5000000000000004 0.21702898550724639 0.043961352657004842 24.500000000000004 3.8002500000000006
decision_type=2 2 2 2 2 2 2 2 2 2 2 2 2 2 2 2 2 2 2 2 2 2 2 2 2 2 2 2 2 2
left_child=-1 2 4 8 -2 -4 -7 11 -3 -10 13 14 21 -11 22 16 -13 -18 -19 20 -20 -12 23 -6 -25 26 -9 -27 -14 -16
right_child=1 3 5 -5 7 6 -8 25 9 10 12 15 28 -15 29 -17 17 18 19 -21 -22 -23 -24 24 -26 27 -28 -29 -30 -31
leaf_value=0.050192881240974686 0.046619500925168811 0.044507825356114528 0.047412858367471805 0.043320436048868489 -0.035851509857615316 -0.0089270185388917525 0.013334152767028521 -0.034340965071425866 -0.045513546434084978 0.069894179573749757 -0.0088714005387011113 -0.023930549299186022 -0.035805295851291795 0.0067301959062632246 0.0043482388152231086 -0.027451268811402991 -0.022967501946372405 0.12032777097760002 -0.018272175753994903 -0.025651597751422062 0.10609115952316857 0.045240506350535059 -0.0068927891548371967 0.077592059979350703 -0.020776952697541828 0.051408591824194827 0.060331781911572548 -0.0085006802078263412 0.030688883356381827 -0.035157240169930819
leaf_weight=273.91730370651931 12.386158773675559 6.4543632706627241 16.394900477025658 153.49886734457687 454.2054665083997 232.12339672073722 69.767497503664345 23.716700975783173 6.0506724445149294 3.9478527246974391 82.565641083288938 22.046850243583322 1.4873782438226069 7.4310500263236463 14.035001048352571 115.76491525536403 5.7693753978237501 1.6936922459863115 0.62851008446886991 5.9204021506011486 1.6008041845634577 2.4429241493344298 12.291198773775248 0.7540540993213648 2.646003826521337 2.4275133362971237 1.052774988580494 48.593502147588879 14.853546763304619 8.4804139044135791
leaf_count=32780 1585 711 2343 18109 53913 10231 2590 1920 233 193 2640 2021 48 623 229 11905 472 126 54 454 141 57 496 67 270 170 63 3399 810 210
internal_value=-5.0058e-05 -0.0104196 -0.0197452 0.0247318 -0.02787 -0.000979468 -0.00375539 -0.0292113 0.001785 -0.000888725 0.00188564 -0.0311339 -0.001838 0.0325205 -0.0336818 -0.0227915 -0.00812804 0.014284 0.0362222 0.00750259 0.0762285 -0.00680845 -0.0347233 -0.0354541 0.0137152 -0.012636 -0.028132 -0.00471684 0.0229207 -0.0113938
internal_weight=1604.95 1331.03 1052.3 278.732 734.013 318.286 301.891 721.627 125.233 118.779 112.728 645.837 101.349 11.3789 492.412 153.425 37.6596 15.6128 9.84341 8.14972 2.22931 85.0086 469.897 457.606 3.40006 75.7905 24.7695 51.021 16.3409 22.5154
internal_count=148863 116083 92659 23424 77495 15164 12821 75910 5315 4604 4371 70358 3555 816 55185 15173 3268 1247 775 649 195 2697 54746 54250 337 5552 1983 3569 858 439
is_linear=0
shrinkage=0.05


Tree=89
num_leaves=31
num_cat=0
split_feature=22 2 0 4 20 8 17 8 10 17 7 10 8 7 8 0 21 0 17 7 0 10 10 10 5 17 17 10 0 10
split_gain=314.079 345.318 33.6133 20.9422 10.7429 23.7803 12.3645 12.8637 10.7549 9.0452 7.76954 7.04772 6.64323 6.70874 5.73516 5.75422 6.68639 5.56609 5.15804 4.23981 4.1991 4.70821 7.68565 4.97186 4.49447 4.57198 4.43194 4.18849 3.70232 3.80344
threshold=1.0000000180025095e-35 1.0000000180025095e-35 32.500000000000007 1.0000000180025095e-35 2.5000000000000004 3.5000000000000004 0.063164893617021281 2.5000000000000004 3.9379500000000003 0.1856158484065461 1.0000000180025095e-35 4.2928500000000005 2.5000000000000004 1.5000000000000002 1.5000000000000002 22.500000000000004 1.0000000180025095e-35 23.500000000000004 0.16035714285714289 1.5000000000000002 36.500000000000007 4.0695500000000004 4.0467500000000012 3.9900500000000005 0.026432231020027949 0.082272360999194202 0.11726508785332317 3.9737500000000003 40.500000000000007 4.1025500000000008
decision_type=2 2 2 2 2 2 2 2 2 2 2 2 2 2 2 2 2 2 2 2 2 2 2 2 2 2 2 2 2 2
left_child=-1 2 3 14 6 10 -4 9 -9 -8 20 18 13 28 -2 -16 19 -18 -10 -17 -6 22 23 27 25 -23 -24 -22 29 -12
right_child=1 -3 4 -5 5 -7 7 8 11 -11 12 -13 -14 -15 15 16 17 -19 -20 -21 21 24 26 -25 -26 -27 -28 -29 -30 -31
leaf_value=0.050165910842957163 0.036092321512232267 0.050048032609246701 -0.036572316744134095 -0.0050766606703453628 -0.035436342003637121 0.061255895575035559 0.018438444220363712 0.03219474398489363 -0.025364676369974172 0.080265664898914207 -0.020146636855926534 0.030668332049863779 0.048956182960920303 -0.028562492099288905 -0.040557511796777211 -0.029606993313945409 0.047240626819878048 -0.012885502804494412 0.0013263782249685529 0.014110263497948411 -0.0063369963229980442 0.010518045993360703 0.10516713745990847 -0.045425736701691428 0.02898360800170598 -0.04732345813140313 0.005399698976091008 0.066715483430604267 0.042313274982213107 0.016337317560305705
leaf_weight=261.44956606673077 2.477620809338986 202.57214366225526 17.804327860474586 97.51161046884954 69.756442944519222 8.4984239079058153 35.065837359055877 16.872341902926564 47.153321176767349 6.4001117693260303 13.613887272775179 8.3934073271229845 4.1462893057614556 26.125732382759452 116.6009007524699 509.16427661012858 3.7406983077526119 19.487695563584566 28.849649574607611 5.0609122700989237 10.351728812791412 3.7791433380916777 1.4591525336727493 6.2159583168104282 2.1519322125241152 17.847960023209453 2.2439299495890737 1.384046223014592 4.5864287391304961 12.990350877866147
leaf_count=32870 182 29903 606 2262 5890 120 648 324 1112 78 304 318 38 291 13652 57149 39 342 455 172 423 169 57 354 17 902 102 72 23 234
internal_value=0.000262981 -0.00978628 -0.0208433 -0.0267576 -0.00790262 -0.0160766 0.00156575 0.00654433 -0.00311264 0.0296466 -0.0201208 -0.0104656 -0.00564035 -0.0103617 -0.0299651 -0.0302701 -0.027967 -0.00165264 -0.0153475 -0.0291502 -0.0277322 -0.0153953 0.00156545 -0.0126993 -0.0302808 -0.037198 0.0587143 0.00684033 0.00529732 -0.00238572
internal_weight=1563.76 1302.31 1099.73 754.044 345.69 185.151 160.539 142.735 101.269 41.4659 176.653 84.3964 61.4627 57.3164 656.532 654.054 537.454 23.2284 76.003 514.225 115.19 45.4339 21.6548 17.9517 23.779 21.6271 3.70308 11.7358 31.1907 26.6042
internal_count=149108 116238 86335 73798 12537 8996 3541 2935 2209 726 8876 1885 890 852 71536 71354 57702 381 1567 57321 7986 2096 1008 849 1088 1071 159 495 561 538
is_linear=0
shrinkage=0.05


Tree=90
num_leaves=31
num_cat=0
split_feature=22 2 0 5 7 20 10 0 17 8 10 8 14 0 10 10 21 0 19 17 21 10 17 10 8 10 17 10 10 17
split_gain=293.895 319.346 34.9443 17.7091 9.44253 7.11124 11.8484 8.4447 7.03743 6.56488 6.03548 5.73337 5.63513 4.73679 4.31116 4.02667 3.87519 5.17548 3.83413 3.81319 4.75995 4.13251 3.71828 3.60484 3.57338 3.14519 3.70562 4.08237 6.65142 3.03487
threshold=1.0000000180025095e-35 1.0000000180025095e-35 35.500000000000007 0.02788888888888889 1.0000000180025095e-35 2.5000000000000004 3.9304500000000004 24.500000000000004 0.14194139194139196 2.5000000000000004 4.1069500000000012 3.5000000000000004 4.5000000000000009 29.500000000000004 4.1852500000000008 3.8275000000000001 1.0000000180025095e-35 40.500000000000007 1.0000000180025095e-35 0.17274535809018571 1.0000000180025095e-35 4.0837000000000012 0.12208672086720869 4.2326500000000005 1.5000000000000002 4.0733500000000005 0.16552511415525115 3.9793500000000006 3.9900500000000005 0.074350469872857941
decision_type=2 2 2 2 2 2 2 2 2 2 2 2 2 2 2 2 2 2 2 2 2 2 2 2 2 2 2 2 2 2
left_child=-1 2 3 4 5 6 22 9 -9 -8 13 14 15 -10 18 -4 17 25 24 20 21 -6 -2 -5 -7 26 27 -17 -29 -19
right_child=1 -3 12 23 19 11 7 8 10 -11 -12 -13 -14 -15 -16 16 -18 29 -20 -21 -22 -23 -24 -25 -26 -27 -28 28 -30 -31
leaf_value=0.050138673552367542 -0.034671572232959906 0.05002012071520056 0.027029008823331188 -0.0081232038660721366 -0.028628058426140343 0.029963764109443583 0.12393794458185679 -0.020038505177604349 -0.010854552240202438 -0.021952105703610867 -0.038371248203990453 0.050931529357690811 0.043865068865361512 0.046237335192473639 -0.0014647399238022312 -0.03012177020691266 0.025220208538794989 -0.02239288143786107 0.049454194001213342 0.0079936214148808374 0.022222586943068667 1.1541996134392988e-05 -0.016925050848972927 0.027396668986272472 -0.034343539641544858 -0.021163274827983768 0.014884071036977489 0.068793574673305963 -0.0088367889801121233 0.0061352087883498477
leaf_weight=248.5853906404227 90.282627097330987 191.94631366850808 9.2210463639348728 103.67630523443222 47.274297032505274 1.4536761473864306 1.2880181428045028 30.895725046284497 4.6683062650263372 0.769740730524063 3.0715309800580135 1.1916473349556316 5.4210806451737872 11.44470722787082 10.608621411956845 17.504240807145834 9.0668867062777263 9.6183652970939857 0.54332053940743108 18.58083401247859 6.1902062389999619 17.041173502802849 48.512591195292771 6.696007151156663 444.79520214302465 61.08561669010669 16.17016723845154 2.1986162317916778 19.117796991020441 75.994658393785357
leaf_count=32831 11052 29769 166 2309 3708 121 156 2891 530 95 236 42 334 709 1039 597 94 137 5 953 54 852 5496 53 50615 1905 460 63 747 822
internal_value=0.000545982 -0.00922114 -0.0198417 -0.0244832 -0.0272722 -0.0293692 -0.0210473 -0.000691905 -0.00551072 0.0800334 0.0177192 -0.0327806 -0.00232806 0.0300288 -0.0331093 -0.00365978 -0.00512379 -0.00660559 -0.0338557 -0.0118273 -0.0170896 -0.0211556 -0.0286341 -0.00574166 -0.0340675 -0.0134398 -0.0046356 -0.0129358 0.00189401 0.00270863
internal_weight=1514.91 1266.33 1074.38 848.985 738.612 649.526 190.933 52.138 50.0803 2.05776 19.1845 458.592 225.398 16.113 457.401 219.977 210.756 201.689 446.792 89.0865 70.5057 64.3155 138.795 110.372 446.249 116.076 54.9908 38.8207 21.3164 85.613
internal_count=148841 116010 86241 80916 78554 72987 21165 4617 4366 251 1475 51822 5325 1239 51780 4991 4825 4731 50741 5567 4614 4560 16548 2362 50736 3772 1867 1407 810 959
is_linear=0
shrinkage=0.05


Tree=91
num_leaves=31
num_cat=0
split_feature=22 2 0 5 21 0 7 8 10 20 10 10 0 10 20 10 5 20 17 10 0 10 17 10 10 17 0 10 7 10
split_gain=280.582 303.304 34.3759 15.2444 6.86387 7.56268 6.20974 6.42841 5.97133 4.8592 4.42754 3.98551 3.86567 3.30344 3.22792 3.14209 4.30945 3.02545 2.728 3.19209 2.60324 5.25714 3.00392 4.03829 4.83215 3.0351 2.81322 2.6529 2.48209 2.38338
threshold=1.0000000180025095e-35 1.0000000180025095e-35 33.500000000000007 0.030418690724034237 1.0000000180025095e-35 23.500000000000004 1.0000000180025095e-35 2.5000000000000004 4.3150500000000012 3.5000000000000004 4.1949500000000013 4.0151500000000011 52.500000000000007 3.7037500000000008 5.5000000000000009 4.0815500000000009 0.026432231020027949 2.5000000000000004 0.040270270270270282 3.7963000000000005 40.500000000000007 4.0981500000000013 0.07634032634032635 4.0271000000000008 4.0391500000000011 0.19859154929577469 34.500000000000007 4.0837000000000012 1.0000000180025095e-35 3.6069500000000008
decision_type=2 2 2 2 2 2 2 2 2 2 2 2 2 2 2 2 2 2 2 2 2 2 2 2 2 2 2 2 2 2
left_child=-1 2 3 4 5 13 7 10 9 -7 15 29 -8 -2 -11 -4 -17 -12 -9 -20 21 22 -21 25 -25 26 -24 -26 -6 -5
right_child=1 -3 6 11 28 8 12 18 -10 14 17 -13 -14 -15 -16 16 -18 -19 19 20 -22 -23 23 24 27 -27 -28 -29 -30 -31
leaf_value=0.05011236351676493 -0.044752960283318405 0.049994624452307304 -0.017956353080997713 -0.038932880577046136 -0.011894006224870544 -0.026970182603775233 0.0014754001790769165 -0.038553628946229213 0.062518816911867406 0.027806719505235462 0.048994996396391044 0.0069468811535620184 0.043305695958546948 -0.027616621249496306 -0.026581386345654146 -0.046982537952383135 0.023461942701418562 -0.0061613989722300458 0.041553881096493189 0.041208733827309399 0.0095010122288107877 -0.032652606886426974 0.010321432582262875 0.067228844184790457 -0.017081284199030801 0.013606687155210434 -0.038102942255149042 0.03989853934732171 0.021349106437445694 -0.010182521220794093
leaf_weight=237.1954471161589 96.678243677131832 183.53551296098158 49.879553343169391 7.4994050301611415 23.925819051451985 466.38404684048146 118.81941268034279 3.716216515749692 0.98827375192195077 6.3073712959885579 2.0467244181781981 33.694989945739508 4.7973368437960735 49.556596782524139 3.4043970238417387 21.341140955686573 1.8052079714834679 12.671811123378575 3.4910884592682114 3.3097513169050208 30.795760196633637 14.834690224379299 3.4496813081204953 2.7586318217217913 6.2765556219965202 5.6746988967061034 11.689783241599796 1.8408350143581627 6.2776784282177678 58.758662870153785
leaf_count=32924 12804 29908 3749 232 452 54076 1436 99 42 247 24 492 303 6441 141 1613 17 654 40 88 251 516 113 52 173 78 261 48 57 1584
internal_value=0.000419215 -0.00914836 -0.0194977 -0.0251858 -0.027965 -0.0290919 -0.0051371 -0.0111562 -0.0259264 -0.0262407 -0.0206481 -0.00691785 0.00343324 -0.0391727 0.00803967 -0.0256321 -0.0407444 0.00413758 -0.00154875 0.000519726 -0.00174423 -0.00874353 0.00201583 -0.00321288 0.0203554 -0.0158966 -0.0271131 -0.00120075 -0.0045218 -0.0139671
internal_weight=1473.41 1236.21 1052.67 753.475 653.522 623.319 299.199 175.582 477.084 476.096 87.7444 99.9531 123.617 146.235 9.71177 73.0259 23.1463 14.7185 87.8377 84.1215 80.6304 49.8346 34.9999 31.6902 10.876 20.8142 15.1395 8.11739 30.2035 66.2581
internal_count=148915 115991 86083 76568 74260 73751 9515 7776 54506 54464 6057 2308 1739 19245 388 5379 1630 678 1719 1620 1580 1329 813 725 273 452 374 221 509 1816
is_linear=0
shrinkage=0.05


Tree=92
num_leaves=31
num_cat=0
split_feature=22 2 0 5 7 8 20 7 20 21 10 0 8 0 21 19 8 10 10 21 4 0 8 20 0 10 8 21 5 20
split_gain=265.692 284.005 29.0458 14.118 12.8875 6.09646 6.03695 5.99051 5.30294 8.38549 7.38884 8.32425 5.94898 5.17526 4.06087 3.63224 3.61827 3.84085 5.80594 3.64584 3.47643 8.90599 3.43414 3.21968 3.43343 5.66519 4.41257 4.22783 3.1799 3.12406
threshold=1.0000000180025095e-35 1.0000000180025095e-35 34.500000000000007 0.060075187969924816 1.0000000180025095e-35 1.5000000000000002 2.5000000000000004 1.5000000000000002 2.5000000000000004 1.0000000180025095e-35 3.9277500000000005 24.500000000000004 2.5000000000000004 54.500000000000007 1.0000000180025095e-35 1.0000000180025095e-35 2.5000000000000004 4.0815500000000009 4.0214000000000008 1.0000000180025095e-35 1.0000000180025095e-35 24.500000000000004 3.5000000000000004 3.5000000000000004 26.500000000000004 3.5365000000000006 2.5000000000000004 1.0000000180025095e-35 0.065828868578632224 2.5000000000000004
decision_type=2 2 2 2 2 2 2 2 2 2 2 2 2 2 2 2 2 2 2 2 2 2 2 2 2 2 2 2 2 2
left_child=-1 2 3 4 5 -2 7 -6 9 10 20 12 -12 14 29 23 17 18 19 -8 -7 -22 28 24 27 -26 -27 -10 -5 -4
right_child=1 -3 13 22 6 8 16 -9 15 -11 11 -13 -14 -15 -16 -17 -18 -19 -20 -21 21 -23 -24 -25 25 26 -28 -29 -30 -31
leaf_value=0.050086094625704847 0.037975267332685553 0.04996747814699587 -0.0011191258957896709 0.044630001422522561 -0.035616850941149476 -0.030381609306861526 -0.0056214983167682886 0.016380201149636647 -0.039809403857372257 0.060901287501752582 0.11148111604549078 -0.01108887348906399 -0.022666353618210816 0.040714083892296186 0.023793690317589111 0.049155402637582807 0.070295635942914478 0.020745718990950374 -0.045394392115897728 0.039704965418497995 -0.039202642166040733 0.073091050009389355 -0.042423446015540947 -0.011898352543214316 0.058712708821219275 -0.030300039271719661 0.007060951167285669 -0.0062856340377942539 -0.0019498918941313209 -0.012516671053579044
leaf_weight=225.80927059147507 2.6402991544455281 174.38880906440318 123.82167692575604 2.8838645350188008 24.622221004217867 125.84946143720299 26.887270956300203 6.4264762066304675 178.17384513793513 2.1301724314689627 1.4625618224963539 47.831736382562667 0.80983797647058953 5.2708604382351032 10.494405604898928 0.54156514815986057 0.90744304191321035 15.153171957470475 7.2890230622142544 4.2775213941931716 3.1954820044338694 2.0673414431512356 3.9592459667474023 20.798311343416572 0.96267677564173837 218.31158930482343 7.844930979423224 10.361093610525129 63.794456632807851 116.26687940396369
leaf_count=32924 144 29858 1957 38 1987 16280 2184 120 24011 10 150 4311 99 311 111 4 16 658 484 39 138 36 110 914 79 25530 601 49 1176 4756
internal_value=0.000423241 -0.00888293 -0.0188371 -0.0236319 -0.0257543 -0.0282517 -0.007454 -0.0246792 -0.0285943 -0.0212183 -0.0225125 -0.00602656 0.0713564 -0.00419957 -0.00530238 -0.0316335 0.00262444 0.000212602 -0.00819945 0.00164079 -0.0287193 0.00953583 -0.00228084 -0.0318458 -0.032813 -0.0283512 -0.0289787 -0.03801 0.000694383 -0.0066676
internal_weight=1435.23 1209.42 1035.04 779.182 708.544 622.981 85.5631 31.0487 620.341 183.347 181.216 50.1041 2.2724 255.854 250.583 436.994 54.5144 53.607 38.4538 31.1648 131.112 5.26282 70.6376 436.452 415.654 227.119 226.157 188.535 66.6783 240.089
internal_count=149085 116161 86303 79168 77844 72356 5488 2107 72212 21024 21014 4560 249 7135 6824 51188 3381 3365 2707 2223 16454 174 1324 51184 50270 26210 26131 24060 1214 6713
is_linear=0
shrinkage=0.05


Tree=93
num_leaves=31
num_cat=0
split_feature=22 2 0 5 21 4 0 7 8 17 7 5 0 8 8 5 21 21 4 17 21 17 5 17 17 17 0 0 17 0
split_gain=250.783 267.831 30.5018 15.3244 7.80903 5.60575 5.00035 4.9462 7.89967 5.3605 4.83296 3.29303 3.12504 2.50006 2.49308 2.42417 3.69925 2.2071 2.05033 2.73191 2.17427 2.02505 2.21353 2.01136 2.39932 2.50895 3.85215 1.97923 2.14303 6.1661
threshold=1.0000000180025095e-35 1.0000000180025095e-35 32.500000000000007 0.036867142371729535 1.0000000180025095e-35 8.5000000000000018 23.500000000000004 1.0000000180025095e-35 2.5000000000000004 0.16035714285714289 1.5000000000000002 0.037210107303565255 30.500000000000004 1.5000000000000002 1.5000000000000002 0.073574521833273204 1.0000000180025095e-35 1.0000000180025095e-35 1.0000000180025095e-35 0.095564253098499682 1.0000000180025095e-35 0.15655637254901963 0.041522988505747128 0.037749287749287756 0.13667496886674971 0.12571839080459773 35.500000000000007 20.500000000000004 0.1082709215239336 23.500000000000004
decision_type=2 2 2 2 2 2 2 2 2 2 2 2 2 2 2 2 2 2 2 2 2 2 2 2 2 2 2 2 2 2
left_child=-1 2 3 4 6 7 13 8 14 23 -8 -5 15 -2 -4 16 21 -16 19 20 -9 -13 -23 -10 25 26 -25 -17 29 -29
right_child=1 -3 5 11 -6 -7 10 18 9 -11 -12 12 -14 -15 17 27 -18 -19 -20 -21 -22 22 -24 24 -26 -27 -28 28 -30 -31
leaf_value=0.050058829260295028 0.02491427416320903 0.049941922672124467 0.036449234732071491 0.038637776965734554 -0.002626505566151557 0.043791863853903074 -0.026346736201291306 -0.016217687220825117 -0.049071186057121984 0.014621841814152809 0.018687309892544614 -0.039860255922348084 0.021803838982286466 -0.037683248343388487 -0.023669759638108568 -0.034724854230868345 0.031447706126336371 0.0072165066219985266 0.018560267586878929 0.0039558371266688744 0.020442432029473351 0.03284470871663666 -0.021831400231354936 -0.032446607618751525 -0.026674792140081935 0.020243748595922869 0.0021073153645215672 0.041313152860054603 -0.0072590923891898687 -0.023206488222180032
leaf_weight=214.13474926026538 0.97112376615404983 166.63989364728332 0.9953300328925242 3.2064637895673505 30.896899875253439 4.6035883706063023 422.48210103716701 34.175662975758314 2.1544742137193671 33.696665806695819 5.3781229918822637 14.014476515352731 7.7075236290693274 135.14819112187251 98.06949423905462 3.7405384089797726 1.9823279827833165 5.7082914169877759 13.556434162892399 79.195465877652168 3.7081871740519992 1.666013479232787 5.1725583532825112 10.397530522197483 12.031670565716921 8.8519428148865682 27.219429537653923 8.0239398889243585 35.888919649645686 5.4362376406788817
leaf_count=32834 79 29979 8 80 493 304 51717 724 57 554 179 551 85 19135 8209 105 16 56 121 908 53 57 188 562 226 279 488 128 743 116
internal_value=0.000399636 -0.008626 -0.018271 -0.024332 -0.0271925 -0.00587784 -0.0285313 -0.00670155 -0.0116417 -0.00111152 -0.0257384 -0.00464997 -0.00674654 -0.0370582 -0.0210244 -0.0098906 -0.023154 -0.0219182 0.000859876 -0.00132945 -0.0121958 -0.0295461 -0.00602038 -0.00994752 -0.00770616 -0.00233634 -0.00803647 -0.00386303 -0.000880555 0.0154524
internal_weight=1396.85 1182.72 1016.08 681.715 594.876 334.364 563.98 329.761 199.125 94.3517 427.86 86.839 83.6325 136.119 104.773 75.925 22.8354 103.778 130.636 117.079 37.8839 20.853 6.83857 60.655 58.5006 46.4689 37.617 53.0896 49.3491 13.4602
internal_count=149034 116200 86221 73672 71603 12549 71110 12245 10439 2166 51896 2069 1989 19214 8273 1904 812 8265 1806 1685 777 796 245 1612 1555 1329 1050 1092 987 244
is_linear=0
shrinkage=0.05


Tree=94
num_leaves=31
num_cat=0
split_feature=22 2 0 5 0 0 8 20 8 8 17 8 4 17 7 8 17 17 8 17 20 17 7 17 8 8 0 20 17 0
split_gain=237.133 250.142 33.4524 14.6114 6.19656 4.98297 4.0701 3.76726 17.1448 10.4129 6.4782 5.44957 4.364 4.11384 3.65788 3.60568 3.89117 3.34556 3.29898 6.32624 6.89227 4.87255 3.83935 3.08045 2.8851 2.79426 3.66939 5.49378 7.57638 4.7799
threshold=1.0000000180025095e-35 1.0000000180025095e-35 33.500000000000007 0.034602490421455946 26.500000000000004 54.500000000000007 1.5000000000000002 2.5000000000000004 3.5000000000000004 3.5000000000000004 0.042403356308061142 2.5000000000000004 1.0000000180025095e-35 0.16784037558685447 1.0000000180025095e-35 2.5000000000000004 0.11451990632318503 0.033908045977011504 2.5000000000000004 0.22611077297626295 2.5000000000000004 0.12208672086720869 1.5000000000000002 0.13182720953326715 1.5000000000000002 3.5000000000000004 22.500000000000004 2.5000000000000004 0.093933823529411778 23.500000000000004
decision_type=2 2 2 2 2 2 2 2 2 2 2 2 2 2 2 2 2 2 2 2 2 2 2 2 2 2 2 2 2 2
left_child=-1 2 3 4 6 7 -2 9 15 10 -4 13 14 -12 -13 17 -17 -9 22 20 -20 -22 -6 -16 -19 26 -5 28 -28 -29
right_child=1 -3 5 25 18 -7 -8 8 -10 -11 11 12 -14 -15 23 16 -18 24 19 -21 21 -23 -24 -25 -26 -27 27 29 -30 -31
leaf_value=0.050033355227527367 0.032091913361240683 0.049914308996686141 -0.032291021953918489 -0.019694243750974838 -0.024818335636660041 0.040675376538841734 -0.032167002500491995 0.047601308745088951 0.060248408836864366 -0.040234834540367935 0.013915975260772276 0.0030637347828381682 0.03420533549248593 0.05116715159822334 -0.00073456572177485382 0.044826193433673375 -0.010360216831192468 0.039001246390315596 -0.022824584513043041 0.040660399768791253 0.047819271044679326 -0.032690184419889003 0.0086530751023355893 -0.044589301489921421 -0.018479221981975151 -0.041964985635177816 -0.027244812338298081 0.028166574057567347 0.038348190650673353 -0.014503235094065162
leaf_weight=204.11648898664862 1.7319548344239581 158.18774741608649 9.4489503158256394 22.619312808848917 256.36435121903196 5.2803706796839824 287.45242791250348 1.0678221154957999 7.2213396793231359 12.668506543152033 30.842286854051054 59.420659015886486 8.0060525136068446 9.3367479480802995 7.6789624113589507 4.2438814062625152 7.446542726829648 1.3181877974420775 44.524476346559823 4.6094077955931416 5.6392877362668505 1.8161217356100676 8.399250132031737 7.4459183253347874 123.0556341195479 3.8142938688397399 5.0198589432984617 7.0064015686511985 17.137580573558807 36.26386215724051
leaf_count=32867 134 29902 317 661 29622 319 39065 30 97 218 502 1198 80 85 109 63 101 13 4586 338 399 166 214 74 6317 113 118 182 193 893
internal_value=0.000488779 -0.00830214 -0.0175808 -0.0235047 -0.0262986 -0.00341956 -0.0316729 -0.00436205 -0.0100495 0.00133602 0.0055925 0.00874653 0.00131889 0.0236047 -0.00261908 -0.0141607 0.0116273 -0.016637 -0.021379 -0.010168 -0.0153577 0.0266606 -0.0237279 -0.0237504 -0.0175638 -0.00485236 -0.00279139 0.00326069 0.022953 -0.00711389
internal_weight=1359.18 1155.07 996.88 702.399 610.537 294.482 289.184 289.201 144.353 144.848 132.18 122.731 82.5516 40.179 74.5455 137.132 11.6904 125.442 321.353 56.5893 51.9799 7.45541 264.764 15.1249 124.374 91.8613 88.047 65.4277 22.1574 43.2703
internal_count=148976 116109 86207 76684 74524 9523 39199 9204 6621 2583 2365 2048 1461 587 1381 6524 164 6360 35325 5489 5151 565 29836 183 6330 2160 2047 1386 311 1075
is_linear=0
shrinkage=0.05


Tree=95
num_leaves=31
num_cat=0
split_feature=22 2 0 21 5 8 0 17 10 0 10 20 7 20 7 20 17 17 0 17 10 10 8 10 21 10 5 17 20 20
split_gain=226.133 236.743 27.9442 10.5419 9.68156 7.20013 7.43247 6.72878 5.62039 5.46621 5.14291 4.65393 4.4407 4.32043 4.9021 5.10399 11.4794 4.65729 3.94315 3.76699 3.46296 3.30675 3.10103 3.44748 3.74184 3.28468 4.44894 2.93939 6.68657 2.84685
threshold=1.0000000180025095e-35 1.0000000180025095e-35 33.500000000000007 1.0000000180025095e-35 0.12864214992927867 1.5000000000000002 23.500000000000004 0.1082709215239336 4.3024500000000012 49.500000000000007 3.7037500000000008 3.5000000000000004 1.0000000180025095e-35 3.5000000000000004 1.0000000180025095e-35 2.5000000000000004 0.21244358478401035 0.17274535809018571 30.500000000000004 0.29217479674796754 4.0815500000000009 3.8936000000000006 2.5000000000000004 4.1949500000000013 1.0000000180025095e-35 4.0939500000000004 0.026432231020027949 0.06472559698366151 2.5000000000000004 2.5000000000000004
decision_type=2 2 2 2 2 2 2 2 2 2 2 2 2 2 2 2 2 2 2 2 2 2 2 2 2 2 2 2 2 2
left_child=-1 2 3 4 5 -2 10 -6 13 12 -7 21 22 14 15 16 -8 20 -13 -18 27 -5 23 25 -25 -4 -27 28 -16 -24
right_child=1 -3 9 11 7 6 8 -9 -10 -11 -12 18 -14 -15 17 -17 19 -19 -20 -21 -22 -23 29 24 -26 26 -28 -29 -30 -31
leaf_value=0.050007410309423822 0.040278346288465224 0.049887192640036181 -0.015423347321298514 0.030789660703482588 0.039676945593147744 -0.043483797863371192 -0.022116559786971524 -0.011043875612608865 0.04999871602210415 0.025979101459103315 -0.022782822471037172 -0.035314776036251272 0.001644676175678414 0.0094483791738279362 -0.036628713028325675 -0.029440442496809396 0.013465155770339325 0.013319772555670052 0.027872765588210193 0.083698741423531037 0.0040752729409572197 -0.0067944772381171806 -0.0078885618451302267 -0.0088963071700760912 0.048962935250802232 -0.048685993204594102 0.023959109462314082 -0.03778490768425001 0.033623643140659611 0.018514169586881821
leaf_weight=194.09785885736346 3.2767793899402013 150.50135385571048 48.706630723550916 14.282428453676404 8.0516315177083033 89.620985875371844 101.48168781679124 22.602309703826904 1.7296054894104589 13.210047516040502 50.993735874537379 9.1680418802425248 115.91927522979677 9.3871384728699905 6.6914195693097991 292.82883842475712 10.25195590732619 14.843471031635998 2.4395433925092211 1.5227008508518327 12.274606714025138 8.9860441330820304 70.714432578533888 11.851863410323856 2.5778360292315474 16.254215227440003 1.7934084124863137 20.387753707822412 5.0744178732857108 10.937832716852425
leaf_count=32826 174 29891 3928 78 65 13107 11680 319 57 391 6749 345 1435 394 680 38201 890 826 57 120 687 58 1497 678 12 1388 17 1869 445 167
internal_value=0.000300023 -0.00828722 -0.0172826 -0.0227911 -0.0242241 -0.0255776 -0.0259919 0.00311115 -0.0229127 -0.00430819 -0.0361905 0.00388778 -0.00583122 -0.0232829 -0.023962 -0.0259266 -0.0166633 -0.0102949 -0.0208773 0.0283887 -0.018304 0.0165932 -0.0111307 -0.0179951 0.00394351 -0.0227256 -0.0405883 -0.0267126 -0.00606954 -0.00417054
internal_weight=1322.46 1128.36 977.861 685.895 651.019 620.365 617.088 30.6539 476.474 291.966 140.615 34.8761 278.755 474.744 465.357 406.085 113.256 59.2717 11.6076 11.7747 44.4282 23.2685 162.836 81.184 14.4297 66.7543 18.0476 32.1536 11.7658 81.6523
internal_count=149031 116205 86314 76801 76263 75879 75705 384 55849 9513 19856 538 9122 55792 55398 50891 12690 4507 402 1010 3681 136 7687 6023 690 5333 1405 2994 1125 1664
is_linear=0
shrinkage=0.05


Tree=96
num_leaves=31
num_cat=0
split_feature=22 2 0 5 20 8 17 8 17 5 8 21 7 7 20 7 8 17 10 7 10 5 20 7 0 17 10 0 10 10
split_gain=209.868 217.569 29.2592 12.4811 9.39842 19.1806 11.4428 12.4731 6.97522 6.80295 7.96077 6.48238 4.49923 4.2266 3.89087 3.80728 4.65258 7.08837 4.06764 3.73283 5.5054 3.91674 3.50625 3.32293 3.70446 3.52275 3.28163 5.11334 3.08142 3.04928
threshold=1.0000000180025095e-35 1.0000000180025095e-35 29.500000000000004 0.034602490421455946 2.5000000000000004 2.5000000000000004 0.056470900876959877 2.5000000000000004 0.14670014347202298 0.015038444142921758 3.5000000000000004 1.0000000180025095e-35 1.5000000000000002 1.0000000180025095e-35 2.5000000000000004 1.0000000180025095e-35 3.5000000000000004 0.11451990632318503 4.0467500000000012 1.0000000180025095e-35 4.1891500000000006 0.098801320700545522 3.5000000000000004 1.5000000000000002 42.500000000000007 0.17712418300653598 4.0695500000000004 36.500000000000007 4.0391500000000011 3.9900500000000005
decision_type=2 2 2 2 2 2 2 2 2 2 2 2 2 2 2 2 2 2 2 2 2 2 2 2 2 2 2 2 2 2
left_child=-1 2 3 11 6 19 -4 8 -8 12 -11 13 -9 -2 -15 16 17 18 -7 20 26 -22 -13 24 25 -21 27 -6 29 -29
right_child=1 -3 4 -5 5 15 7 9 -10 10 -12 22 -14 14 -16 -17 -18 -19 -20 23 21 -23 -24 -25 -26 -27 -28 28 -30 -31
leaf_value=0.049981513623475526 -0.030808769249986767 0.049859676646019202 -0.030974646463327989 -0.0055601134683697165 -0.024349085872454233 -0.0030808855266308069 0.011323813016105775 -0.0051624555713499429 0.048286557673768236 0.040152702367174664 -0.049336435688959991 0.0089010917333396302 -0.045764208449917125 -0.034088716554682555 0.00032876259660159248 0.053331500208461259 0.052850610279975334 -0.038240972503017702 0.074928949422593261 0.0057369575236269664 -0.0051360652473765034 0.057426130088683726 -0.030414168415189697 -0.020403870074517192 0.057190427693044568 -0.028965862162268333 -0.036570897972276022 0.010561922394962427 0.037753451340893113 -0.035741129762399709
leaf_weight=184.84639784693718 365.95587051752955 143.1336389160715 23.001587653532624 75.654735626652837 91.467489458620548 3.4359658379107731 35.12911643832922 95.920583349652588 19.8578388588503 13.807852871716021 2.1031417176127425 18.047029286623005 6.385748077183961 11.820666567888109 22.789298420771956 8.6540767224505526 3.9908644538372746 6.2348619615659118 2.1201844681054354 31.056299874559045 18.071129697375003 1.882817618548869 7.0861334977671495 27.963585347868502 1.8044782876968373 8.4811128843575698 41.778224147390574 8.507352042943241 4.1780408238992086 4.7401956170797339
leaf_count=32871 54185 29870 1539 1972 10920 137 1028 3305 469 346 29 104 48 1281 2148 129 51 181 50 1040 1248 16 311 369 9 279 4023 468 222 302
internal_value=0.000818971 -0.00744234 -0.0160117 -0.0243599 -0.00689132 -0.0130265 0.00139934 0.00585174 0.0252965 -0.00332899 0.0261059 -0.0276801 -0.0081152 -0.0292223 -0.0120533 0.0283887 0.0123483 -0.0044205 0.0335754 -0.0173448 -0.0213115 0.00322605 -0.00292325 -0.00741483 0.00164533 -0.00223801 -0.024561 -0.0196623 0.00492488 -0.0073518
internal_weight=1289.91 1105.06 961.926 501.354 460.573 264.367 196.206 173.204 54.987 118.217 15.911 425.699 102.306 400.566 34.61 24.436 15.7819 11.791 5.55615 239.931 170.625 19.9539 25.1332 69.3055 41.3419 39.5374 150.671 108.893 17.4256 13.2475
internal_count=148950 116079 86209 60001 26208 19444 6764 5225 1497 3728 375 58029 3353 57614 3429 548 419 368 187 18896 17199 1264 415 1697 1328 1319 15935 11912 992 770
is_linear=0
shrinkage=0.05


Tree=97
num_leaves=31
num_cat=0
split_feature=22 2 0 4 7 20 10 8 17 8 4 10 10 10 0 17 10 17 17 20 0 8 21 10 0 10 10 0 17 17
split_gain=207.012 212.328 22.6962 12.2763 9.01962 7.56 7.06546 9.56538 7.76136 5.01672 4.80072 4.63639 4.07991 3.92664 3.75402 5.65741 4.11071 3.72755 3.4187 3.96482 5.15955 4.17827 3.35648 3.32502 4.8446 4.03365 5.98102 5.08694 4.13731 3.99173
threshold=1.0000000180025095e-35 1.0000000180025095e-35 35.500000000000007 1.0000000180025095e-35 1.0000000180025095e-35 2.5000000000000004 3.9304500000000004 2.5000000000000004 0.19859154929577469 3.5000000000000004 4.5000000000000009 3.8275000000000001 4.0981500000000013 4.1891500000000006 24.500000000000004 0.07634032634032635 4.1716000000000006 0.12208672086720869 0.23582887700534763 2.5000000000000004 32.500000000000007 2.5000000000000004 1.0000000180025095e-35 3.8730000000000007 25.500000000000004 3.6819500000000005 3.8554500000000007 27.500000000000004 0.16552511415525115 0.17595459236326114
decision_type=2 2 2 2 2 2 2 2 2 2 2 2 2 2 2 2 2 2 2 2 2 2 2 2 2 2 2 2 2 2
left_child=-1 2 3 4 5 6 17 8 14 13 11 -4 -9 -7 15 -8 -16 -2 19 20 -6 -21 -13 24 -19 27 29 -26 -28 -27
right_child=1 -3 10 -5 18 9 7 12 -10 -11 -12 22 -14 -15 16 -17 -18 23 -20 21 -22 -23 -24 -25 25 26 28 -29 -30 -31
leaf_value=0.049956745411284864 -0.030244605539574879 0.049832284683348063 0.029214178667493197 -0.0051045223047399167 -0.04215882344607999 -0.030989561150480401 0.12825053240734863 -0.005071936050969123 0.11559897799880076 0.04684378286100533 0.0429026261413216 -0.006745543846190253 -0.04485184685226147 0.0028773457439394204 -0.0071104471670598267 -0.020411698953143979 0.075991246034564044 -0.018648296626720792 0.030061345653160931 -0.0050281408056214094 0.00062556745531342807 0.065094986405046185 0.022690295633623445 -0.038324259301784402 0.1139040292634336 -0.041631076293258622 0.12062462677292177 -0.020381938726241264 -0.0010037700731365133 0.017863369288297678
leaf_weight=176.56513399910182 72.960466676391661 136.29566276539117 9.2353199236094934 105.74943435378373 16.810169127304111 368.5892102313228 0.58240218181162962 26.716802495066077 1.4015250741504122 1.2753326855599869 4.6878327783197156 192.76816587056965 7.6328360778279594 8.5952818216755968 10.736735090613362 0.67869287263602018 0.70662014186382371 20.310483977664262 4.5503046326339236 48.86605082731694 11.612104919739066 1.2197527298703779 9.2295382553711516 7.8634925736114374 1.0746340048499394 4.6190243791788799 0.65251599997281928 0.67156154150143255 1.1836200449615715 4.8216613973490894
leaf_count=32986 11017 29885 165 2391 1778 50876 59 2376 139 43 345 4758 683 938 1287 81 45 3147 227 3282 369 18 98 867 150 552 68 74 112 537
internal_value=-8.40356e-05 -0.00828774 -0.016707 -0.0209149 -0.0235812 -0.0259356 -0.0167456 -0.000712739 0.0326048 -0.0298298 -0.00245214 -0.00365609 -0.0149302 -0.0302122 0.015682 0.0746006 0.00371562 -0.0234856 -0.00811763 -0.0106807 -0.0252518 -0.00207961 -0.00529543 -0.0110823 -0.0037268 0.0192149 0.0054746 0.0736435 0.0695109 -0.0124447
internal_weight=1258.66 1082.1 945.802 729.881 624.131 541.073 162.613 48.4556 14.106 378.46 215.921 211.233 34.3496 377.184 12.7045 1.2611 11.4434 114.157 83.0584 78.5081 28.4223 50.0858 201.998 41.197 33.3335 13.023 11.2768 1.7462 1.83614 9.44069
internal_count=149353 116367 86482 81116 78725 73051 21194 4670 1611 51857 5366 5021 3059 51814 1472 140 1332 16524 5674 5447 2147 3300 4856 5507 4640 1493 1269 224 180 1089
is_linear=0
shrinkage=0.05


Tree=98
num_leaves=31
num_cat=0
split_feature=22 2 0 4 21 20 0 10 7 8 10 17 10 7 20 10 20 17 20 8 20 10 0 0 8 17 10 5 17 0
split_gain=189.472 192.843 22.4347 13.3184 6.36637 6.48198 6.12978 9.2174 5.83891 7.0919 4.8183 4.2345 5.66627 3.62161 3.20388 3.08107 3.18331 3.07962 3.01001 2.91653 3.09034 7.21037 3.89863 2.90255 2.5731 2.41019 3.55763 2.80918 2.39719 2.38302
threshold=1.0000000180025095e-35 1.0000000180025095e-35 32.500000000000007 1.0000000180025095e-35 1.0000000180025095e-35 3.5000000000000004 26.500000000000004 4.0837000000000012 1.0000000180025095e-35 2.5000000000000004 4.1313500000000012 0.063164893617021281 3.7672500000000002 1.5000000000000002 5.5000000000000009 4.3024500000000012 4.5000000000000009 0.02837022132796781 3.5000000000000004 1.5000000000000002 2.5000000000000004 3.9690500000000006 24.500000000000004 20.500000000000004 2.5000000000000004 0.048003072196620589 3.7722500000000005 0.17311854811854813 0.060915275200989494 53.500000000000007
decision_type=2 2 2 2 2 2 2 2 2 2 2 2 2 2 2 2 2 2 2 2 2 2 2 2 2 2 2 2 2 2
left_child=-1 2 3 4 5 6 7 19 9 15 -9 -11 -13 -8 -7 16 -4 -10 -6 -2 21 24 -23 -5 -21 -25 27 -27 -28 -19
right_child=1 -3 8 23 18 14 13 10 17 11 -12 12 -14 -15 -16 -17 -18 29 -20 20 -22 22 -24 25 -26 26 28 -29 -30 -31
leaf_value=0.049930860553008258 0.028028862870282778 0.049804400130367521 -0.021780233694592241 -0.033442463303263635 0.0099147722838398861 0.027389032191585418 -0.021102879734979985 0.10950177560622526 -0.040241059127541924 -0.035293947543903005 -0.0070259870014389575 0.066192713874199657 0.00060749586911474566 0.020683176611374886 -0.025554539261211269 0.028190502734513592 0.050078538390229348 0.0037119180417083016 -0.023485923353674516 -0.021248274931724154 -0.037851033215991467 0.089252210060728476 -0.0029210304278722656 0.0297084521496935 -0.040673428976678125 -0.039130131061695939 -0.038614895365975246 0.0079093387638444358 0.0041031810755927187 0.040575597811528093
leaf_weight=167.97887412365526 1.2463020002469409 129.73977675801143 94.409685631282628 6.2840770110487929 19.852859093807638 8.0982513474300486 235.66486041573808 0.76722900476306621 2.8745035808533421 6.7808613870292893 1.5569720412604509 2.4300504941493264 83.093500982038677 4.5457463609054676 3.25715154595673 2.4883747398853293 0.65200966876000066 124.99556260183454 8.9719155877828616 54.611474027857184 147.05910436343402 1.0239898413419717 2.5082807731814682 5.1209279820322982 28.185409785714 9.4318251227959973 2.4588605873286715 4.1391746625304213 64.864064855501056 3.5619360292330375
leaf_count=32959 109 29890 8155 254 113 380 31669 73 81 274 190 30 1882 159 158 98 31 1713 375 8928 24435 114 361 110 4526 391 68 29 1428 297
internal_value=0.000755351 -0.00707226 -0.0150438 -0.0206719 -0.0237883 -0.025133 -0.0260234 -0.031787 -0.00433337 -0.00992097 0.0528095 3.76562e-05 0.00321451 -0.0202297 0.0113637 -0.0192489 -0.0207712 0.00375192 -0.000920319 -0.0328456 -0.0332888 -0.0251728 0.0375966 -0.00313634 -0.0282674 -0.000563344 -0.00281904 -0.0252248 0.00200063 0.0050386
internal_weight=1228.65 1060.67 930.935 609.648 517.35 488.525 477.169 236.959 321.286 189.854 2.3242 92.3044 85.5236 240.211 11.3554 97.5501 95.0617 131.432 28.8248 234.635 233.388 86.3292 3.53227 92.2989 82.7969 86.0149 80.8939 13.571 67.3229 128.557
internal_count=149280 116321 86431 73870 71590 71102 70564 38736 12561 10470 263 2186 1912 31828 538 8284 8186 2091 488 38473 38364 13929 475 2280 13454 2026 1916 420 1496 2010
is_linear=0
shrinkage=0.05


Tree=99
num_leaves=31
num_cat=0
split_feature=2 21 4 20 20 8 1 8 0 5 20 8 17 12 17 10 17 17 17 10 8 17 17 10 1 17 10 10 0 1
split_gain=184.184 18.6528 14.3389 14.4415 9.88063 9.45018 9.0706 6.89906 6.81351 5.89701 4.85528 16.6851 11.1768 11.1145 6.34994 6.08007 5.92225 3.79785 3.47039 3.46007 3.44551 5.9578 5.45063 3.23937 3.08094 2.96061 3.646 2.76011 2.73403 3.39554
threshold=1.0000000180025095e-35 1.0000000180025095e-35 4.5000000000000009 3.5000000000000004 2.5000000000000004 1.5000000000000002 21.500000000000004 2.5000000000000004 29.500000000000004 0.073574521833273204 2.5000000000000004 2.5000000000000004 0.063164893617021281 1.5000000000000002 0.032795698924731186 3.7672500000000002 0.14670014347202298 0.19399641577060936 0.26975051975051983 3.8730000000000007 3.5000000000000004 0.091507177033492829 0.11451990632318503 3.8589000000000007 14.500000000000002 0.052289815447710192 4.0837000000000012 3.9209500000000004 17.500000000000004 15.500000000000002
decision_type=2 2 2 2 2 2 2 2 2 2 2 2 2 2 2 2 2 2 2 2 2 2 2 2 2 2 2 2 2 2
left_child=1 2 3 5 -3 -1 9 19 -8 28 12 14 -10 16 -12 -15 -14 -17 -4 24 22 -22 -13 -18 -6 -11 27 -27 -7 -30
right_child=-2 4 18 -5 7 6 8 -9 10 25 11 20 13 15 -16 17 23 -19 -20 -21 21 -23 -24 -25 -26 26 -28 -29 29 -31
leaf_value=0.047160495171245466 0.049863838645028989 0.056260530537685274 0.043472002711909333 0.029552869421350388 -0.0099782935016066616 0.027370049045684127 0.042921099300160963 0.053747652669790438 -0.031690807903108402 0.038264281952685671 0.066462953016435539 0.042286658268259683 0.0094541341454002104 0.056595607297723033 -0.016935169179508869 -0.011992881327653068 -0.0084104995251803455 0.010205551371144162 -0.010024792625575374 -0.013560667903929608 -0.010251718272104559 0.086606342698279035 -0.0074473730924515362 0.052273452414511382 0.029012777210405089 -0.00089584298405758411 0.026636831754552462 -0.03130391250266689 -0.025225103579268784 -0.015484896940296422
leaf_weight=5.9132625507190815 158.59867293993011 12.811753498855976 14.700021791737528 21.262118844781071 7.4408384328708079 2.4278355524875215 5.869030666537582 6.0306753246113649 25.105369218625128 3.7388249053619793 1.3434893577359606 8.6116038486361557 32.989220934920013 2.8652073261328033 228.72609412809834 88.182193933520466 2.2343908613547709 23.749482697341591 3.3480795645155004 21.291904227342457 2.0802138526923946 3.8151856833137572 12.330739642493425 15.969036913476883 12.559897131752221 23.964273809920996 7.2152437302283934 9.8780840667895955 133.62046906305477 300.73896125284955
leaf_count=657 38580 2151 1809 1863 331 427 1094 326 1754 148 86 727 1113 110 20778 3244 115 595 73 840 85 240 1194 389 611 1258 112 396 22377 45702
internal_value=-0.000154809 -0.00781717 -0.00947955 -0.0103201 0.0190043 -0.0112511 -0.0116703 0.0079625 -0.00657682 -0.0164472 -0.00731941 -0.0117953 -0.00127203 0.00349094 -0.0161626 -0.00516608 0.0226309 -0.00723419 0.0335426 0.00016296 0.0248803 0.0558993 0.0139987 0.0447747 0.0147226 0.000813713 -0.00342536 -0.0104152 -0.0182152 -0.0185323
internal_weight=1199.41 1040.81 980.678 962.63 60.1351 941.368 935.455 47.3233 453.871 481.584 448.002 256.907 191.095 165.99 230.07 114.797 51.1926 111.932 18.0481 41.2926 26.8377 5.8954 20.9423 18.2034 20.0007 44.7964 41.0576 33.8424 436.787 434.359
internal_count=149185 110605 106346 104464 4259 102601 101944 2108 31524 70420 30430 23110 7320 5566 20864 3949 1617 3839 1882 1782 2246 325 1921 504 942 1914 1766 1654 68506 68079
is_linear=0
shrinkage=0.05


Tree=100
num_leaves=31
num_cat=0
split_feature=22 2 1 5 20 8 17 12 17 1 8 10 10 21 7 17 8 10 10 10 20 7 5 4 1 7 1 10 17 8
split_gain=182.123 176.169 20.1976 13.146 8.82575 15.9652 11.1099 9.83244 6.45214 5.08344 4.99349 5.58393 4.93172 4.49287 4.47264 4.39456 4.82738 4.11842 3.99584 3.83178 3.56401 3.47443 3.32151 3.25767 3.10152 3.70499 4.13297 5.38344 4.64208 3.09578
threshold=1.0000000180025095e-35 1.0000000180025095e-35 21.500000000000004 0.034602490421455946 2.5000000000000004 2.5000000000000004 0.056470900876959877 2.5000000000000004 0.19399641577060936 41.500000000000007 2.5000000000000004 3.8731500000000003 4.0837000000000012 1.0000000180025095e-35 1.0000000180025095e-35 0.11451990632318503 3.5000000000000004 3.9435500000000006 4.1614500000000012 4.1416500000000012 3.5000000000000004 1.0000000180025095e-35 0.025696049301199519 1.5000000000000002 23.500000000000004 1.5000000000000002 33.500000000000007 4.1648000000000005 0.14194139194139196 1.5000000000000002
decision_type=2 2 2 2 2 2 2 2 2 2 2 2 2 2 2 2 2 2 2 2 2 2 2 2 2 2 2 2 2 2
left_child=-1 2 3 13 6 14 -4 8 9 10 -8 -12 -10 18 22 17 21 -7 20 -9 29 -17 -6 -13 -16 26 27 -26 -29 -2
right_child=1 -3 4 -5 5 15 7 19 12 -11 11 23 -14 -15 24 16 -18 -19 -20 -21 -22 -23 -24 -25 25 -27 -28 28 -30 -31
leaf_value=0.049900445970175886 0.029969117348058606 0.049746641501679775 -0.032390778242692764 -0.0032374750447360569 -0.024498407536336649 -0.0019410555766455906 0.01361826208819485 -0.052548004253692861 0.042578894589228367 0.041575947204900883 0.031632061636210858 -0.014971374122280837 0.0031465717252273373 -0.0049162964566330427 0.017559949277073012 -0.036976160368733378 0.048631434624709577 0.061103168081830833 0.017163113050416127 0.0016803615096045465 0.00065578835217623157 0.026948395989983283 0.0021255496391624378 0.028451818253237879 -0.019681935338707424 -0.025474845043449421 0.047669514340515619 0.046635472137130776 -0.02033516830748865 -0.029267660517901611
leaf_weight=157.92835815716535 1.4607702726498235 117.39044214179739 21.579643475357443 75.291227608919144 144.20724851218984 3.4413230083882835 44.294012813828886 8.7280400167219323 20.227918107993901 7.0673343068920067 7.2145764380693427 62.25624930486083 12.928668749984352 23.974540885537863 10.003124128095804 5.8769540507346374 2.8190844617784014 8.7851154087111336 4.3271050360053769 4.806616783142089 10.435716317966579 2.2344705639407039 12.576616382226346 3.72444157116115 22.243331614881757 25.424593854695559 2.9577858746051779 6.1834499584510905 3.326005395501852 347.36613410385326
leaf_count=32956 136 29859 1550 1977 16943 115 1276 315 542 267 290 2246 213 417 605 179 47 192 432 51 481 17 230 38 624 318 15 111 54 56616
internal_value=0.00010083 -0.00762719 -0.0151097 -0.0224056 -0.00745196 -0.0136305 0.000589945 0.0049099 0.00848796 0.00318154 0.000540603 -0.00745021 0.0277454 -0.0261114 -0.0176824 0.0251641 0.0015597 0.0445532 -0.0274917 -0.0344991 -0.0280757 -0.0183418 -0.0223628 -0.0121321 -0.00705278 -0.0113672 -0.000609749 -0.00642511 0.0235058 -0.0289346
internal_weight=1181.08 1023.15 905.762 462.855 442.907 250.079 192.828 171.248 157.713 124.557 117.489 73.1953 33.1566 387.564 226.922 23.1569 10.9305 12.2264 363.59 13.5347 359.263 8.11142 156.784 65.9807 70.1383 60.1352 34.7106 31.7528 9.50946 348.827
internal_count=149112 116156 86297 60059 26238 19450 6788 5238 4872 4117 3850 2574 755 58082 18900 550 243 307 57665 366 57233 196 17173 2284 1727 1122 804 789 165 56752
is_linear=0
shrinkage=0.05


Tree=101
num_leaves=31
num_cat=0
split_feature=22 9 0 20 8 17 12 5 19 8 10 17 20 21 4 20 21 10 10 10 10 10 17 17 10 0 10 0 17 10
split_gain=170.089 163.758 16.3074 9.97859 14.2956 12.4083 11.1989 9.72535 6.51161 5.93097 7.01726 5.5491 5.00482 4.81857 4.3808 4.21126 3.81942 4.77964 3.64635 3.62034 3.49062 8.80076 3.52341 3.8676 3.44772 2.93827 2.85594 5.49354 6.07432 3.88363
threshold=1.0000000180025095e-35 2.5000000000000004 29.500000000000004 2.5000000000000004 3.5000000000000004 0.056470900876959877 2.5000000000000004 0.034602490421455946 1.0000000180025095e-35 2.5000000000000004 3.7963000000000005 0.1856158484065461 3.5000000000000004 1.0000000180025095e-35 1.0000000180025095e-35 3.5000000000000004 1.0000000180025095e-35 4.0474000000000006 4.2275500000000008 4.1614500000000012 4.0391500000000011 4.0181500000000012 0.21244358478401035 0.19399641577060936 4.1614500000000012 27.500000000000004 4.1891500000000006 30.500000000000004 0.087595907928388769 4.2391500000000013
decision_type=2 2 2 2 2 2 2 2 2 2 2 2 2 2 2 2 2 2 2 2 2 2 2 2 2 2 2 2 2 2
left_child=-1 2 7 5 8 -4 9 13 12 11 -11 -7 26 15 20 19 17 -14 -8 -2 21 -12 23 -22 -9 -21 -5 -28 -29 -30
right_child=1 -3 3 4 -6 6 18 24 -10 10 14 -13 16 -15 -16 -17 -18 -19 -20 25 22 -23 -24 -25 -26 -27 27 28 29 -31
leaf_value=0.049873001421713449 -0.027139068428342541 0.049717280078110784 -0.034053079431046733 -0.020970673847800509 0.049553218689951245 0.014227897161250658 -0.047193599293986019 -0.0069644180127993241 0.068673687418822141 0.065806015400415321 -0.0035920061221138468 0.053663559878346437 -0.0032325457388817664 -0.0025799964055796074 0.027147553802425235 0.0049002853746911304 -0.007728844307357258 0.091190027961869827 0.020190937949141216 0.066147060750392991 -0.01296868250627081 0.06009601342690727 -0.049675087913990924 0.031350415297578468 0.036885757265234118 -0.0099228446458215543 0.05149371893324424 0.026257689785424605 -0.0026860206310745476 -0.040450401364096659
leaf_weight=149.82022761926055 339.18315772619098 111.75391408801079 21.036561551038176 191.15226217824966 7.6260725520551196 44.063939682208002 11.221806440036742 70.30406317487359 1.2817560341209162 3.1857991572469464 31.31565162865445 10.633512229658661 2.4321760851889831 24.522519236430526 11.71313749719411 10.674433763138948 7.6746306680142879 1.8154310230165718 1.8173259710893024 0.92615091241896053 40.667502555064857 5.5370182041078797 4.7699273796752086 4.6218206705525509 3.7939026281237593 3.1144935726188123 2.8279902036301783 7.3256587628275147 13.077959393151106 13.553046802524475
leaf_count=32853 56795 29862 1548 17538 135 1254 357 1947 8 109 1292 245 89 421 335 491 136 32 14 89 1278 172 96 94 37 334 190 263 590 489
internal_value=0.000361878 -0.00707139 -0.0142349 -0.0073483 -0.0139233 0.00126183 0.00581749 -0.0208902 -0.0161271 0.00959991 0.00239862 0.0227203 -0.0168635 -0.0241271 -0.000289551 -0.0256086 0.0138211 0.0468108 -0.0370327 -0.026569 -0.004254 0.00731179 -0.012745 -0.00786631 -0.00425797 0.0171767 -0.0185218 -0.00557793 -0.0116681 -0.0226735
internal_weight=1153.44 1003.62 891.87 439.351 248.767 190.584 169.547 452.519 241.141 156.508 101.811 54.6975 239.859 378.421 98.6251 353.898 11.9222 4.24761 13.0391 343.224 86.9119 36.8527 50.0593 45.2893 74.098 4.04064 227.937 36.7847 33.9567 26.631
internal_count=149093 116240 86378 26264 19470 6794 5246 60114 19335 4875 3376 1499 19327 58130 3267 57709 257 121 371 57218 2932 1464 1468 1372 1984 423 19070 1532 1342 1079
is_linear=0
shrinkage=0.05


Tree=102
num_leaves=31
num_cat=0
split_feature=22 9 0 5 21 0 5 17 20 10 10 0 20 0 8 20 17 0 17 5 17 5 10 17 10 0 17 17 10 0
split_gain=165.379 156.837 17.693 11.4796 6.17625 5.24319 5.19892 4.16404 3.9677 3.75264 3.10266 2.92523 2.83153 2.78713 3.16148 2.9683 5.62133 3.79451 3.98828 4.55499 3.27055 4.34921 3.97906 2.95098 3.63409 2.68425 2.62969 2.43318 2.47558 6.83913
threshold=1.0000000180025095e-35 2.5000000000000004 33.500000000000007 0.036867142371729535 1.0000000180025095e-35 23.500000000000004 0.11433842909857671 0.06872933396315542 3.5000000000000004 3.7844500000000005 3.9581500000000003 38.500000000000007 5.5000000000000009 20.500000000000004 3.5000000000000004 2.5000000000000004 0.23582887700534763 23.500000000000004 0.082272360999194202 0.18956442831215972 0.17974358974358975 0.10268392044092979 4.0151500000000011 0.29217479674796754 4.0815500000000009 21.500000000000004 0.06472559698366151 0.077422577422577438 4.2275500000000008 42.500000000000007
decision_type=2 2 2 2 2 2 2 2 2 2 2 2 2 2 2 2 2 2 2 2 2 2 2 2 2 2 2 2 2 2
left_child=-1 2 3 4 5 9 7 -4 -7 -2 25 -9 26 -5 15 23 17 18 -17 -20 -19 22 -22 24 -15 -6 -10 -13 -29 -30
right_child=1 -3 6 13 10 8 -8 11 12 -11 -12 27 -14 14 -16 16 -18 20 19 -21 21 -23 -24 -25 -26 -27 -28 28 29 -31
leaf_value=0.049847604827979224 -0.038524240103072052 0.049685560513333928 -0.022795105248526227 -0.033399743653002523 -0.024971228513561539 -0.021416118288244183 0.041896201566255703 -0.0076531647144902253 -0.014456519631769114 -0.014731061588835741 -0.025547385685405141 0.029686475139701119 -0.024021603307465337 -0.0044438158418319924 -0.040868865845793134 0.061960764980560613 -0.037464278471843408 -0.018772890641311539 -0.012745189187204199 0.055141063047430251 -0.0049883452508554622 -0.020440298774639681 0.079684907616283274 0.053718118158774322 0.036378626427114168 0.017131420900817575 0.047712534150402164 0.0049926539599285356 -0.048424944999118591 0.0098360361482109568
leaf_weight=143.09554562345147 81.259452787227929 106.00222763489 28.33196311024949 5.7171236723661414 3.7571494961157503 371.208972140681 5.0517332511954001 137.54835785925388 1.9556990507990102 22.922949930187315 7.7523398306220761 7.0925172502174965 3.0125213079154491 17.182758934795864 3.4569632187485686 3.6790110524743787 9.4776392448693496 18.811420941725377 8.2509029721841198 2.3844695836305609 2.1559297833591682 3.6449435502290726 2.4008528981357813 3.3011729866266242 6.8657367546111336 18.725478968583047 4.2369928807020187 81.654906852170825 7.5952241411432651 11.521722542587666
leaf_count=32951 15217 29762 1089 242 67 54712 328 6541 76 4045 144 125 141 355 111 72 251 493 308 10 76 72 41 26 46 313 172 1244 150 119
internal_value=-0.000192987 -0.0074913 -0.0144197 -0.0192353 -0.0220738 -0.023439 -0.00398707 -0.00498322 -0.0206089 -0.0334789 -0.000142974 -0.00284274 0.0108527 -0.00244108 0.000105705 0.00241152 -0.00473913 0.00347353 0.0234181 0.00590602 -0.00755388 0.0174217 0.0459355 0.0153933 0.00819785 0.00933173 0.0287988 0.00330546 0.00117526 -0.0145678
internal_weight=1130.05 986.959 880.957 602.16 514.832 484.597 278.796 273.745 380.414 104.182 30.235 245.413 9.20521 87.3289 81.6118 78.1548 50.8052 41.3275 14.3144 10.6354 27.0131 8.20173 4.55678 27.3497 24.0485 22.4826 6.19269 107.864 100.772 19.1169
internal_count=149299 116348 86586 76990 74887 74363 9596 9268 55101 19262 524 8179 389 2103 1861 1750 1323 1072 390 318 682 189 117 427 401 380 248 1638 1513 269
is_linear=0
shrinkage=0.05


Tree=103
num_leaves=31
num_cat=0
split_feature=22 2 0 5 7 0 8 17 0 0 17 4 19 21 5 17 17 17 8 0 7 12 0 8 0 5 0 0 17 17
split_gain=152.437 143.79 17.2943 8.99132 5.48496 3.56652 3.80611 4.22588 5.50789 5.35021 3.22062 2.91782 2.87796 2.73151 3.12599 3.59547 3.06288 2.54966 1.98846 1.93144 2.25997 2.044 2.62115 1.88347 1.7999 1.91499 1.77694 4.02264 1.72795 2.93302
threshold=1.0000000180025095e-35 1.0000000180025095e-35 33.500000000000007 0.034602490421455946 1.0000000180025095e-35 26.500000000000004 2.5000000000000004 0.24357284113381678 31.500000000000004 28.500000000000004 0.07634032634032635 4.5000000000000009 1.0000000180025095e-35 1.0000000180025095e-35 0.14793771043771045 0.29217479674796754 0.098746324098436783 0.063164893617021281 1.5000000000000002 38.500000000000007 2.5000000000000004 2.5000000000000004 48.500000000000007 2.5000000000000004 30.500000000000004 0.037210107303565255 20.500000000000004 24.500000000000004 0.077422577422577438 0.095564253098499682
decision_type=2 2 2 2 2 2 2 2 2 2 2 2 2 2 2 2 2 2 2 2 2 2 2 2 2 2 2 2 2 2
left_child=-1 2 3 4 5 10 -7 8 -8 -9 23 12 17 14 15 24 -16 -4 -12 -19 21 22 28 26 25 -5 -2 -28 -21 -30
right_child=1 -3 11 13 -6 6 7 9 -10 -11 18 -13 -14 -15 16 -17 -18 19 -20 20 -22 -23 -24 -25 -26 -27 27 -29 29 -31
leaf_value=0.049820622619967996 -0.031718032065114837 0.049654733030433496 -0.019393737560978036 0.010495679529915324 -0.0061905834222192556 -0.02111962890567624 -0.020407027050389579 0.1100379063865818 0.018303159766837655 -0.010188927126152041 0.024217799471847896 0.034645236421037798 0.04853620098589783 0.030376967914088889 0.041094806058857833 0.031493837067255996 -0.00042829755499177092 -0.0063645854222308049 -0.031717249784593567 0.024583896968499559 -0.023886758917665528 -0.017779130605168222 0.0306323661497582 -0.03863109073536624 0.0066378797782034003 -0.02132077653203299 0.0051184248718516281 -0.023967609017586305 -0.024345864251704208 0.0049024083300814904
leaf_weight=136.22473199525848 10.092174150049685 100.90891057322733 23.325059273280203 4.6892769988626233 59.478873198386282 181.22413519071415 29.257235032971948 0.76184872258454506 12.301201069727538 1.6297199679538605 0.92251898068934579 4.1268155281431964 1.6417849175631989 4.725350907072424 5.0306180492043522 3.6632309993728986 16.772748030722141 135.36045562662184 149.7175479568541 7.88423644658178 6.5497564673423758 8.4562222994863969 9.1864581815898401 8.2766193961724621 8.1251037679612619 43.623124896548688 23.981236354447901 22.024284919258207 8.7967013493180257 67.653037279844284
leaf_count=32976 1811 29766 984 145 5167 27065 3845 78 1025 101 88 336 17 35 25 87 194 6490 26854 189 56 81 93 1512 99 1579 3554 3654 89 1176
internal_value=0.000524168 -0.00651424 -0.0131605 -0.0179941 -0.0205681 -0.0224924 -0.0179306 -0.00460356 -0.00878806 0.0492622 -0.0271646 -0.00275111 -0.00345139 -0.00308251 -0.00535604 -0.0111988 0.0105342 -0.00395058 -0.0312173 -0.00240045 0.00255681 0.00447069 0.00664936 -0.0173487 -0.0144699 -0.0180824 -0.0135871 -0.00901963 0.00370855 0.00126606
internal_weight=1096.41 960.186 859.277 586.297 499.667 440.189 225.174 43.95 41.5584 2.39157 215.014 272.981 268.854 86.6295 81.9041 60.1007 21.8034 267.212 150.64 243.887 108.526 101.977 93.5204 64.3743 56.4375 48.3124 56.0977 46.0055 84.334 76.4497
internal_count=149171 116195 86429 76918 74754 69587 32114 5049 4870 179 37473 9511 9175 2164 2129 1910 219 9158 26942 8174 1684 1628 1547 10531 1823 1724 9019 7208 1454 1265
is_linear=0
shrinkage=0.05


Tree=104
num_leaves=31
num_cat=0
split_feature=22 2 0 5 21 0 20 0 0 8 17 17 20 8 8 7 17 17 8 20 17 5 17 17 5 17 17 7 8 5
split_gain=141.925 133.525 17.6291 8.44968 5.12677 4.56688 3.8373 3.69144 2.74444 2.98238 2.63015 2.55519 4.12408 11.7471 4.90494 4.18706 3.00201 2.53843 2.52721 2.30657 3.7602 3.33923 3.30646 7.28115 5.98147 4.66646 2.26098 1.9928 1.96698 1.94755
threshold=1.0000000180025095e-35 1.0000000180025095e-35 33.500000000000007 0.034602490421455946 1.0000000180025095e-35 23.500000000000004 3.5000000000000004 53.500000000000007 20.500000000000004 3.5000000000000004 0.17274535809018571 0.063164893617021281 2.5000000000000004 2.5000000000000004 2.5000000000000004 1.5000000000000002 0.16784037558685447 0.29217479674796754 1.5000000000000002 2.5000000000000004 0.23582887700534763 0.18956442831215972 0.17595459236326114 0.08842144452717797 0.086785347483738465 0.20881782945736438 0.11451990632318503 1.0000000180025095e-35 1.5000000000000002 0.11029946968909225
decision_type=2 2 2 2 2 2 2 2 2 2 2 2 2 2 2 2 2 2 2 2 2 2 2 2 2 2 2 2 2 2
left_child=-1 2 3 4 5 28 17 11 -5 19 -8 -4 14 18 16 -16 -13 -7 -14 29 21 22 23 24 -21 -24 -15 -6 -2 -10
right_child=1 -3 7 8 27 6 10 -9 9 -11 -12 12 13 26 15 -17 -18 -19 -20 20 -22 -23 25 -25 -26 -27 -28 -29 -30 -31
leaf_value=0.049792606549339098 0.024264086044199641 0.049625233397480019 -0.018245020445023147 -0.033892481719888658 -0.0063337618045020087 -0.019618283441636644 0.026178078580714581 0.038649659479550583 0.025401017075744371 -0.040467829684143371 -0.031316592290896637 0.011476518200755929 0.038772460019841699 0.052256249735575244 0.0018187535402103359 -0.037365843074454001 0.04393782943150893 0.013436498778781012 -0.014675020886054628 -0.017193540132000064 -0.031786238547040373 0.038218624445226779 0.043746069163451175 -0.032216913020262312 0.052394879764519731 -0.018845767719775613 0.013607026916916828 0.023612040640536753 -0.031391810606748373 -0.0014270997610245321
leaf_weight=129.41450182814151 0.92438151314854522 96.459959226194769 22.812062222976238 5.5270472606644026 22.644636991433803 348.47336189448833 7.1672194926068169 4.5370785207487634 14.565868761390449 3.3543194103986016 1.7118949806317685 30.966247877106071 1.3261188212782133 6.3323786761611727 80.611075287684798 6.4404612435027948 8.7578576840460283 5.2506076856516293 105.51823091646656 5.3282901458442229 8.9602362904697639 4.6387101486325255 6.4449390871450287 16.504671912640333 5.2990354709327221 4.216098403558135 9.9117754120379669 6.262842057272791 96.841712190769613 11.785096444189547
leaf_count=32903 83 29893 971 243 451 53667 301 324 308 115 77 500 14 90 1487 49 78 811 5862 216 243 23 172 526 69 117 139 57 19104 121
internal_value=0.000881 -0.00583038 -0.0121514 -0.017131 -0.019675 -0.0209549 -0.0182705 -0.00178195 -0.0027014 -0.000188689 0.0130452 -0.00259346 -0.00109747 -0.00758594 0.00521235 -0.00147174 0.0195363 -0.0190911 -0.0136583 0.00204106 -0.00413087 0.00230647 -0.00297294 -0.0121824 0.0190269 0.0194996 0.0308301 0.000726608 -0.0306252 0.013789
internal_weight=1078.99 949.574 853.114 575.901 489.277 460.369 362.603 277.213 86.6243 81.0973 8.87911 272.676 249.864 123.089 126.776 87.0515 39.7241 353.724 106.844 77.7429 51.392 42.4317 37.793 27.132 10.6273 10.661 16.2442 28.9075 97.7661 26.351
internal_count=149014 116111 86218 76704 74551 74043 54856 9514 2153 1910 378 9190 8219 6105 2114 1536 578 54478 5876 1795 1366 1123 1100 811 285 289 229 508 19187 429
is_linear=0
shrinkage=0.05


Tree=105
num_leaves=31
num_cat=0
split_feature=22 2 0 10 8 10 0 5 17 5 7 20 10 17 8 8 10 17 20 17 17 5 17 10 10 10 10 17 21 17
split_gain=138.559 128.818 15.8582 8.4319 7.3253 6.63534 5.84893 4.91528 4.34521 4.31399 3.78294 7.49938 4.85211 4.81175 7.48928 4.47359 4.26599 4.17167 4.15402 5.11597 4.86007 3.66899 3.5807 3.37612 3.34918 5.04502 4.98767 4.69957 4.09612 3.91516
threshold=1.0000000180025095e-35 1.0000000180025095e-35 34.500000000000007 4.2928500000000005 1.5000000000000002 3.6962500000000005 25.500000000000004 0.12474899598393575 0.26598639455782319 0.036867142371729535 1.0000000180025095e-35 2.5000000000000004 3.9304500000000004 0.19859154929577469 2.5000000000000004 3.5000000000000004 3.7084000000000006 0.08842144452717797 2.5000000000000004 0.20722186076772939 0.070505385252692634 0.028778467908902695 0.22611077297626295 3.8868500000000004 4.0939500000000004 3.9543000000000004 4.197350000000001 0.12208672086720869 1.0000000180025095e-35 0.18942218080149117
decision_type=2 2 2 2 2 2 2 2 2 2 2 2 2 2 2 2 2 2 2 2 2 2 2 2 2 2 2 2 2 2
left_child=-1 2 3 4 -2 6 7 -6 -8 10 11 12 21 17 -15 16 -13 -14 19 -12 -20 23 -16 -7 25 28 27 -26 -22 -29
right_child=1 -3 -4 -5 5 9 8 -9 -10 -11 18 15 13 14 22 -17 -18 -19 20 -21 24 -23 -24 -25 26 -27 -28 29 -30 -31
leaf_value=0.049765207163431038 0.042383097605900651 0.04959098024382922 -0.0015794125707909374 0.056365806716411331 -0.036908617515256092 -0.012801728005889646 -0.010911597362873136 0.0070774307097840041 0.061668420073874519 -0.0036706204145798903 -0.032803114096334442 0.014689798966372489 0.021796955739474464 0.1149411092077266 -0.034605710969230062 0.048704294124782485 -0.025213590709578029 -0.013715138212295858 0.03350555036445433 0.032667453959621014 -0.0099716698359092887 0.050890771600587539 0.03858302301009537 -0.045766279869564441 -0.020029787547757368 -0.038585654027094747 -0.036793195053991243 0.082065517235033261 0.049858313306647785 -0.0072318824844962498
leaf_weight=123.33379205386154 4.1824832102283827 91.504093411378562 236.17457130784169 2.9609276321716598 87.025415891315788 44.376754046417773 16.720933411736045 6.5285886265337458 1.3352496214210976 69.956762297078967 18.559709081426266 6.2694788710214189 11.454601935110984 1.4104445637203742 2.1260815095156431 1.2295679757371534 248.4342026039958 23.635802243836224 9.1622446952387673 2.692648389376699 10.230180228129031 1.0047733932733525 2.6124983332119882 8.8516287188976985 2.0424164161086065 11.248886977788059 2.2148592844605446 3.7179681966081262 2.8537527546286574 1.4536720113828776
leaf_count=32956 212 29792 7176 87 15735 7275 2485 85 144 1615 1745 974 1379 133 197 36 39955 2583 638 90 1069 10 140 1178 132 895 95 170 21 68
internal_value=0.00018304 -0.0064248 -0.0125751 -0.0168628 -0.0173163 -0.0178046 -0.0288159 -0.0337967 -0.00258984 -0.0152195 -0.0171501 -0.0191871 -0.00713052 0.00572567 0.0431192 -0.0236394 -0.0241778 -0.00184013 -0.00587265 -0.0234128 0.00314708 -0.0168332 0.00543703 -0.0190264 -0.00581845 -0.0154927 0.0182391 0.0375574 0.00569145 0.0598606
internal_weight=1055.3 931.971 840.467 604.293 601.332 597.149 111.61 93.554 18.0562 485.539 415.582 351.406 95.4726 41.2394 6.14902 255.933 254.704 35.0904 64.1763 21.2524 42.924 54.2332 4.73858 53.2284 33.7617 24.3328 9.42892 7.21406 13.0839 5.17164
internal_count=149070 116114 86322 79146 79059 78847 18449 15820 2629 60398 58783 53860 12895 4432 470 40965 40929 3962 4923 1835 3088 8463 337 8453 2450 1985 465 370 1090 238
is_linear=0
shrinkage=0.05


Tree=106
num_leaves=31
num_cat=0
split_feature=22 2 7 20 17 8 21 8 0 5 8 10 17 10 0 14 17 10 0 5 17 5 17 0 10 5 5 21 20 0
split_gain=134.857 124.523 16.584 12.944 9.60413 8.61921 8.45895 8.38308 7.19066 6.66314 6.41766 5.26213 4.58291 3.6779 3.42121 3.21017 3.02124 4.7226 4.42291 4.04991 3.57653 3.38239 4.03151 4.62772 4.33002 2.566 3.86172 2.55885 3.08215 2.46137
threshold=1.0000000180025095e-35 1.0000000180025095e-35 1.0000000180025095e-35 2.5000000000000004 0.14371772805507746 1.5000000000000002 1.0000000180025095e-35 3.5000000000000004 23.500000000000004 0.17311854811854813 3.5000000000000004 4.3024500000000012 0.29217479674796754 3.9139500000000003 21.500000000000004 2.5000000000000004 0.11726508785332317 4.1614500000000012 30.500000000000004 0.10268392044092979 0.31643132220795894 0.086785347483738465 0.1082709215239336 28.500000000000004 3.7084000000000006 0.015038444142921758 0.029520697167755995 1.0000000180025095e-35 3.5000000000000004 44.500000000000007
decision_type=2 2 2 2 2 2 2 2 2 2 2 2 2 2 2 2 2 2 2 2 2 2 2 2 2 2 2 2 2 2
left_child=-1 2 3 4 6 -5 11 9 13 14 12 15 29 -6 -7 -2 21 20 19 -19 -18 22 -16 24 -24 27 -27 28 -4 -10
right_child=1 -3 25 5 8 7 -8 -9 10 -11 -12 -13 -14 -15 16 -17 17 18 -20 -21 -22 -23 23 -25 -26 26 -28 -29 -30 -31
leaf_value=0.049736361510916149 -0.019705079311442848 0.049557160071903944 -0.0048128122116206156 0.045582693668493733 -0.034873735605537706 -0.041338452266981116 0.060302870020008448 0.035375157484084464 0.0091609323174780301 0.014890392797686811 -0.039684885119820344 0.047279834647792521 0.062388412559390961 0.047630545558905051 -0.021766279951569188 0.017497769794468418 -0.030304825680083022 0.055952352639486072 -0.017274436348458353 -0.030354076324904274 0.01490421087395661 0.020239866626840311 0.06701695055587692 0.035204334910316645 -0.027619762389488656 0.057964687740296651 0.0058671614665533819 0.019936614476010056 0.051130215334310836 0.042720107834589897
leaf_weight=117.28040109248832 133.34472736530006 87.042528612772003 147.3244343153201 3.7745315115898839 11.826943549327549 29.046411438845098 2.6870522014796725 5.2741559185087672 57.671650290954858 10.344385124742983 4.5534035395830861 2.2093077013269058 4.0991178019903591 0.63938516518101174 131.29595662746578 5.3190217763185492 193.01403208449483 3.7430119966156807 14.171396316960452 1.1720797345042226 3.9151051030494264 4.9363034404814234 0.41884934529662032 6.2571909474208942 8.7425818792544288 3.3379753371700671 21.444306239020079 11.173796157352625 1.5086465589702118 5.1929553337395182
leaf_count=32943 16854 29772 6345 143 1821 4859 15 100 3589 69 192 33 137 33 18446 65 28872 287 1096 14 465 84 69 487 1434 24 489 129 34 39
internal_value=-0.00050912 -0.00699321 -0.0129874 -0.0167727 -0.00714121 -0.0220099 -0.0149601 -0.0227374 0.006243 -0.0235752 0.012408 -0.0168106 0.016482 -0.0274194 -0.0246131 -0.0181629 -0.0231833 -0.0270438 -0.00311782 0.033719 -0.0293353 -0.017543 -0.0189427 0.00496289 -0.0171237 0.000216633 0.0148604 -0.00212963 -0.00390828 0.0125586
internal_weight=1032.76 915.481 828.439 643.65 227.544 416.106 143.56 412.331 83.9835 407.057 71.5171 140.873 66.9637 12.4663 396.713 138.664 367.667 216.016 19.0865 4.91509 196.929 151.651 146.715 15.4186 9.16143 184.789 24.7823 160.007 148.833 62.8646
internal_count=148939 115996 86224 79203 22778 56425 16967 56282 5811 56182 3957 16952 3765 1854 56113 16919 51254 30734 1397 301 29337 20520 20436 1990 1503 7021 513 6508 6379 3628
is_linear=0
shrinkage=0.05


Tree=107
num_leaves=31
num_cat=0
split_feature=22 2 7 20 21 5 8 17 10 8 17 0 10 8 0 19 10 10 10 10 10 17 10 0 10 0 10 10 8 10
split_gain=123.349 113.786 15.7634 10.903 9.47501 7.90599 8.30053 7.47394 6.49629 5.95194 5.80367 5.35636 6.01709 4.19618 4.23886 3.79104 3.56409 3.99227 3.68708 4.83399 3.54994 3.42674 6.89945 3.18611 3.14501 2.96091 4.55152 5.18541 4.73206 4.01879
threshold=1.0000000180025095e-35 1.0000000180025095e-35 1.0000000180025095e-35 2.5000000000000004 1.0000000180025095e-35 0.046927432885906048 3.5000000000000004 0.14670014347202298 4.3024500000000012 1.5000000000000002 0.08842144452717797 26.500000000000004 3.5729000000000002 3.5000000000000004 23.500000000000004 1.0000000180025095e-35 3.8036000000000008 3.8441500000000004 3.7544500000000007 3.6573500000000005 3.8667500000000001 0.050641025641025648 4.2275500000000008 45.500000000000007 4.2524500000000005 31.500000000000004 4.0181500000000012 4.0897000000000014 2.5000000000000004 4.1949500000000013
decision_type=2 2 2 2 2 2 2 2 2 2 2 2 2 2 2 2 2 2 2 2 2 2 2 2 2 2 2 2 2 2
left_child=-1 2 3 4 7 6 9 8 25 -5 -7 -11 -13 14 -9 -14 18 -18 19 -16 -19 22 -4 -22 -12 26 28 -28 -2 -27
right_child=1 -3 21 5 -6 10 -8 13 -10 11 24 12 15 -15 16 -17 17 20 -20 -21 23 -23 -24 -25 -26 29 27 -29 -30 -31
leaf_value=0.049705143939369284 -0.015732377755037198 0.049523663154210577 -0.028215871233611179 0.042086365092540212 0.062056006722236171 0.035189946038027484 0.042432004637976584 -0.020100913298725088 0.052621318149618707 -0.031840768993192554 -0.013945014694791711 0.05932834403605463 -0.020357034007051262 -0.039005690891981915 0.054922840051485455 0.050482006978597241 -0.040068364149795838 0.056677863478467032 0.075951776842493518 -0.025561996702480994 0.002929273666163296 0.0036822190455606495 0.055647670048058519 0.047523466370688473 0.035658081037055964 -0.00073838822034302538 0.044959574075372717 -0.028344140495239208 -0.041296707953573736 -0.038723863053762908
leaf_weight=111.02540953084826 49.129378288984299 82.993983500869945 17.799778251908723 2.5723076499998561 3.9428864400833836 8.4199890159070474 3.9776973063126198 11.691994321998207 2.5202347873710087 135.94936739420518 30.589296543970704 1.4863098883070041 221.2716686646454 4.3909142073243848 2.3490180862136167 0.98413237743079562 3.2872622986324123 2.8302779765799633 3.0895808106288314 3.297738435678184 49.730332504492253 164.60087729338557 1.8781057004816819 3.3740072245709589 2.596020007506012 43.429992792196572 4.3486677301116279 3.4868781757541001 29.876030656974763 7.3019954310730091
leaf_count=32729 8578 29825 1070 129 19 135 60 1884 35 24483 888 155 30479 183 273 6 318 233 294 429 2179 5912 41 30 27 2050 540 349 5261 196
internal_value=0.000215523 -0.00591623 -0.0115795 -0.0153058 -0.00651169 -0.0201957 -0.0225359 -0.00798819 -0.0150219 -0.0233641 0.000450716 -0.0239476 -0.0190312 0.00377549 0.00658831 -0.0198187 0.011405 0.00667165 0.0395107 0.0111451 0.0100741 0.00129257 -0.0179076 0.00658858 -0.00913509 -0.0166319 -0.0222042 0.0128229 -0.0257949 -0.0068486
internal_weight=1014.22 903.197 820.203 635.924 228.077 407.847 366.241 224.134 140.093 362.264 41.6053 359.691 223.742 84.0411 79.6502 222.256 67.9582 59.2219 8.73634 5.64676 55.9346 184.279 19.6779 53.1043 33.1853 137.573 86.841 7.83555 79.0054 50.732
internal_count=148790 116061 86236 79213 22851 56362 55312 22832 17009 55252 1050 55123 30640 5823 5640 30485 3756 2760 996 702 2442 7023 1111 2209 915 16974 14728 889 13839 2246
is_linear=0
shrinkage=0.05


Tree=108
num_leaves=31
num_cat=0
split_feature=22 9 0 5 20 4 10 7 8 10 17 10 10 10 4 8 0 17 21 10 10 20 0 10 10 10 0 17 4 10
split_gain=117.521 107.328 13.5801 7.67729 5.56543 4.53314 4.24036 3.77628 4.54262 4.48555 4.44574 4.19978 4.90678 3.61873 3.21169 3.05679 3.0367 3.87095 4.19097 4.0213 3.65868 4.28272 6.22065 2.81736 2.65453 2.51426 5.94853 5.1097 2.48404 2.47768
threshold=1.0000000180025095e-35 2.5000000000000004 29.500000000000004 0.034602490421455946 4.5000000000000009 4.5000000000000009 4.1614500000000012 1.0000000180025095e-35 2.5000000000000004 4.1891500000000006 0.23582887700534763 3.9543000000000004 3.9486000000000003 4.1106500000000006 1.0000000180025095e-35 1.5000000000000002 22.500000000000004 0.052289815447710192 1.0000000180025095e-35 3.4034000000000004 3.6962500000000005 2.5000000000000004 21.500000000000004 3.6069500000000008 3.9690500000000006 4.0981500000000013 40.500000000000007 0.12933094384707292 1.0000000180025095e-35 3.6636000000000002
decision_type=2 2 2 2 2 2 2 2 2 2 2 2 2 2 2 2 2 2 2 2 2 2 2 2 2 2 2 2 2 2
left_child=-1 2 3 15 5 7 23 8 9 13 -9 12 14 -4 -10 -2 20 18 -18 -19 -17 22 -22 -5 -13 -26 -27 -28 -15 -25
right_child=1 -3 4 6 -6 -7 -8 10 11 -11 -12 24 -14 28 -16 16 17 19 -20 -21 21 -23 -24 29 25 26 27 -29 -30 -31
leaf_value=0.049678116482972941 0.032497174652663441 0.049489454845335706 -0.014518541282842412 -0.036645841773349758 0.063973203659722297 0.038513431090418604 0.043817489402046626 -0.001307101307294509 0.0022039334128647037 0.0069520011701212471 0.040598602370578551 -0.044378135176217887 0.079853370080037317 -0.043595208487367115 0.057599148387871252 -0.038439198722968491 -0.0099793185710233268 0.064167550152816971 0.04249439368264419 -0.020968448935517279 0.085140737029781824 -0.025917174794270761 -0.014179950082140328 0.030039038106335021 0.0030401354320844544 -0.034061663661348072 -0.024767676076549089 0.027769373688442296 0.0054930495276433212 -0.0054594553443339444
leaf_weight=106.35091163101606 1.8036417365074147 79.168588592205197 111.80409253342077 5.7180337682366362 1.9254610845819105 4.8402602095156899 3.5821597389876834 138.53261292120442 27.685947019141175 19.673492600210011 5.6299804896116248 3.695275116711854 1.5799849564209569 18.062797319144014 1.9008460901677597 47.314652504399419 14.607105426024647 0.4537723520770659 4.0373060926794997 237.58302697818726 1.5161315789446241 13.38779881503433 3.6115953703410923 4.3772970400750628 40.413281430955976 18.301751394756138 6.9709883341565755 10.109582795761524 2.7385801821947089 56.893326546996832
leaf_count=32977 168 29886 14867 227 72 342 34 3080 1334 1294 107 165 78 2274 25 10170 2593 77 19 41547 289 2419 758 121 1456 921 72 84 44 1600
internal_value=0.000262361 -0.00570566 -0.0111632 -0.0177859 -0.00481645 -0.00529213 -0.00279369 -0.00590606 -0.00946077 -0.0150349 0.000597845 -0.00172405 0.0135646 -0.0183246 0.00752966 -0.0210296 -0.0214285 -0.0188261 0.00296822 -0.0205384 -0.0311421 -0.011481 0.0242885 -0.005894 -0.00781246 -0.00547511 -0.0150174 0.00614379 -0.037177 -0.0024817
internal_weight=994.27 887.919 808.751 394.886 413.865 411.939 70.5708 407.099 262.937 152.279 144.163 110.658 31.1668 132.605 29.5868 324.315 322.511 256.681 18.6444 238.037 65.8302 18.5155 5.12773 66.9887 79.4909 75.7956 35.3823 17.0806 20.8014 61.2706
internal_count=149100 116123 86237 60022 26215 26143 1982 25801 22614 18479 3187 4135 1437 17185 1359 58040 57872 44236 2612 41624 13636 3466 1047 1948 2698 2533 1077 156 2318 1721
is_linear=0
shrinkage=0.05


Tree=109
num_leaves=31
num_cat=0
split_feature=22 2 0 10 8 0 20 10 0 7 5 10 10 0 0 7 0 12 8 5 21 21 10 20 20 0 8 10 0 0
split_gain=108.218 98.3504 12.1353 7.09 6.04271 6.40205 6.28924 7.04178 5.82384 5.79625 6.41867 5.36398 5.13616 4.87556 4.68618 4.24459 3.99058 4.10542 3.87042 3.52578 3.19143 2.98228 10.1697 4.12332 3.8375 3.89309 3.28162 2.78385 5.247 2.97193
threshold=1.0000000180025095e-35 1.0000000180025095e-35 33.500000000000007 4.1556500000000005 1.5000000000000002 20.500000000000004 2.5000000000000004 3.9277500000000005 24.500000000000004 1.0000000180025095e-35 0.046927432885906048 3.9690500000000006 4.1648000000000005 21.500000000000004 31.500000000000004 1.5000000000000002 48.500000000000007 2.5000000000000004 2.5000000000000004 0.041522988505747128 1.0000000180025095e-35 1.0000000180025095e-35 3.8730000000000007 3.5000000000000004 3.5000000000000004 26.500000000000004 2.5000000000000004 3.8730000000000007 23.500000000000004 32.500000000000007
decision_type=2 2 2 2 2 2 2 2 2 2 2 2 2 2 2 2 2 2 2 2 2 2 2 2 2 2 2 2 2 2
left_child=-1 2 3 4 -2 -6 7 13 11 10 21 -9 -5 18 19 20 -4 -18 -7 -11 27 24 23 -23 25 -8 -27 28 -15 -30
right_child=1 -3 16 12 5 6 9 8 -10 14 -12 -13 -14 15 -16 -17 17 -19 -20 -21 -22 22 -24 -25 -26 26 -28 -29 29 -31
leaf_value=0.049646734302125461 0.041343893118814277 0.049452540091663208 -0.0027435552631334802 0.064584170985353365 -0.039353487325736236 0.036273268151883586 -0.03400700151311687 -0.0077033051278879612 0.0034748794794519735 0.012985998339542577 0.00051162070447786337 0.10384699531556836 0.0018553105065942594 -0.037708527162875566 -0.036284492937696387 0.045416036773249117 0.033743291274861587 -0.034111369471666014 -0.032829742040106878 -0.04321533378777774 0.035614767829264128 0.036698301663952382 -0.050269203372142038 -0.023997353174671814 0.0043108756704537902 -0.022019750074068926 0.017141926415604577 -0.041225372879073421 -0.0098073983689712738 0.049414828459563145
leaf_weight=100.99887095810845 3.6879363977350286 75.327816544333473 252.04147399775684 2.7994829029776183 27.41635819664225 6.8746906057931465 98.332196410745382 1.5156787745654576 49.416464137844741 29.357616609428081 31.067338032647967 1.8798192841932175 23.584787212777883 19.635738611686975 6.3122748658061019 1.6536163305863727 12.575118258129804 1.8295421069487918 1.8633961994200943 2.0971209928393355 1.6627225875854481 9.6979669779539126 6.6815343648195258 3.0094735082238904 10.380919432267545 125.88528754375875 4.8801923207938662 13.960513861849902 45.923107494600117 1.2347305426374067
leaf_count=32885 196 29872 9071 203 5479 1108 21344 180 4684 2589 842 136 1614 3825 354 30 386 28 393 36 7 42 208 174 516 22849 533 1913 7422 102
internal_value=0.000912338 -0.00477888 -0.0099584 -0.0143222 -0.0156456 -0.0161468 -0.0147225 -0.00602101 0.008453 -0.0185591 -0.0209513 0.0636291 0.0106265 -0.0142596 -0.000127463 -0.017977 -0.00124393 0.0234701 0.019679 0.00802289 -0.0197781 -0.0235192 -0.00440258 0.0216219 -0.0250422 -0.0263852 -0.0204392 -0.0213403 -0.0166374 -0.00726288
internal_weight=973.584 872.585 797.257 530.811 504.427 500.739 473.322 145.62 52.812 327.702 289.935 3.3955 26.3843 92.8085 37.767 84.0704 266.446 14.4047 8.73809 31.4547 82.4168 258.868 19.389 12.7074 239.479 229.098 130.765 80.7541 66.7936 47.1578
internal_count=149021 116136 86264 76779 74962 74766 69287 19800 5000 49487 46508 316 1817 14800 2979 13299 9485 414 1501 2625 13269 45666 424 216 45242 44726 23382 13262 11349 7524
is_linear=0
shrinkage=0.05


Tree=110
num_leaves=31
num_cat=0
split_feature=22 2 0 21 5 0 10 10 20 7 14 17 10 17 20 8 8 20 12 17 10 10 17 7 10 5 10 7 0 10
split_gain=101.921 91.5246 12.5319 7.3369 7.39635 4.80239 4.09525 3.69329 3.28326 2.97862 2.84982 2.83197 2.96855 2.52414 3.29787 11.1294 8.0586 7.17302 5.0272 4.44896 5.29268 6.01348 4.22091 3.30022 3.36658 3.8112 2.90808 2.89796 2.79335 2.5878
threshold=1.0000000180025095e-35 1.0000000180025095e-35 32.500000000000007 1.0000000180025095e-35 0.058765972142281575 23.500000000000004 3.7037500000000008 3.7722500000000005 3.5000000000000004 1.5000000000000002 8.5000000000000018 0.063164893617021281 3.7544500000000007 0.05594679186228483 2.5000000000000004 3.5000000000000004 2.5000000000000004 4.5000000000000009 2.5000000000000004 0.12034482758620692 4.0575500000000009 4.0695500000000004 0.082272360999194202 1.0000000180025095e-35 4.197350000000001 0.026432231020027949 4.2275500000000008 1.5000000000000002 47.500000000000007 4.0391500000000011
decision_type=2 2 2 2 2 2 2 2 2 2 2 2 2 2 2 2 2 2 2 2 2 2 2 2 2 2 2 2 2 2
left_child=-1 2 3 4 5 6 -2 11 -5 -7 13 -4 -13 26 16 17 22 19 27 20 -16 -22 -15 24 25 -23 -9 28 29 -18
right_child=1 -3 7 8 -6 9 -8 10 -10 -11 -12 12 -14 14 15 -17 18 -19 -20 -21 21 23 -24 -25 -26 -27 -28 -29 -30 -31
leaf_value=0.04961591256506255 -0.036543979728464959 0.049412193007520006 -0.01497380240797614 0.019461066258588421 0.0007446543841247874 -0.015848968852265947 -0.013957629743181191 -0.024327170516695334 -0.014522300837745035 0.018195185908159578 0.039879500790376783 0.015731926644205023 0.097262756463541641 -0.013039061356326027 -0.018713271012419791 0.063663294385995495 0.011479638938057937 0.083724915768058572 -0.036036866175693599 -0.018849672435071376 0.081132158188893966 -0.03992972503338027 0.028562812000956585 0.019647854778015186 0.019044173639903142 0.045739543490770453 0.027509926873362085 -0.033753679947612407 0.035178286441499777 -0.0080962688432196558
leaf_weight=96.233330536400899 56.635400052880868 71.447846612893045 1.6713358010165382 21.779672265052795 59.056391241028905 306.82144120987505 33.62480583274737 20.470319521613423 9.4758913209661859 5.7683642441406837 3.0017039487138382 3.1923988573253155 1.25088006677106 6.684450044296681 21.855746816843748 4.4143189475871614 27.621874288655818 1.042736506089567 9.927969591226427 74.067907833494246 1.9163024597801257 8.1271444759331644 36.195180431474 17.482767350040376 4.784152014181017 0.661443270742894 2.2523436183109871 4.83275132626295 5.1293781395070246 40.159062521532178
leaf_count=32943 13090 29763 84 132 1256 52222 6622 1228 401 184 296 136 51 124 1498 77 640 28 201 5013 119 854 590 229 288 5 56 40 49 988
internal_value=0.00108867 -0.00438421 -0.00930649 -0.0141838 -0.0157705 -0.0181875 -0.028375 -0.00118034 0.00902736 -0.0151647 -0.0020448 0.0344195 0.0523363 -0.00261898 -0.00121497 -0.00669019 0.00442772 -0.00954822 -0.00428248 -0.0109415 -0.000111942 0.0124061 0.0219282 0.00576657 -0.0122349 -0.0294681 -0.0182459 0.000178786 0.0028542 -6.78393e-05
internal_weight=957.585 861.352 789.904 493.162 461.906 402.85 90.2602 296.742 31.2556 312.59 290.628 6.11461 4.44328 287.626 264.903 134.353 130.551 129.938 87.671 128.895 54.8276 32.9718 42.8796 31.0555 13.5727 8.78859 22.7227 77.7431 72.9103 67.7809
internal_count=149207 116264 86501 73907 73374 72118 19712 12594 533 52406 12323 271 187 12027 10743 8111 2632 8034 1918 8006 2993 1495 714 1376 1147 859 1284 1717 1677 1628
is_linear=0
shrinkage=0.05


Tree=111
num_leaves=31
num_cat=0
split_feature=22 2 0 8 20 17 7 21 5 0 10 7 17 0 10 0 10 8 5 17 0 5 10 17 17 5 10 5 17 20
split_gain=98.0144 87.4031 11.8277 5.76972 6.16591 16.9237 10.196 5.74805 5.19424 4.36537 6.53551 6.02201 6.85198 4.20504 4.19289 4.33769 4.17484 3.96902 3.72558 3.53619 3.43314 4.21285 4.18535 4.49106 4.47341 3.24074 3.19637 3.14451 3.12278 2.96395
threshold=1.0000000180025095e-35 1.0000000180025095e-35 35.500000000000007 1.5000000000000002 2.5000000000000004 0.12208672086720869 1.0000000180025095e-35 1.0000000180025095e-35 0.15376049340414599 24.500000000000004 4.1106500000000006 1.5000000000000002 0.29217479674796754 21.500000000000004 3.9690500000000006 24.500000000000004 4.2275500000000008 3.5000000000000004 0.061633428300094974 0.17974358974358975 31.500000000000004 0.076749826749826763 4.0815500000000009 0.055175038051750384 0.11726508785332317 0.06416137379440133 3.7850500000000005 0.022857889237199586 0.13536417773705914 3.5000000000000004
decision_type=2 2 2 2 2 2 2 2 2 2 2 2 2 2 2 2 2 2 2 2 2 2 2 2 2 2 2 2 2 2
left_child=-1 2 3 -2 5 7 8 14 13 26 11 12 17 -6 -5 -16 18 -11 -12 -10 21 22 23 -8 -24 -17 -7 -4 -22 -15
right_child=1 -3 27 4 6 9 20 -9 19 10 16 -13 -14 29 15 25 -18 -19 -20 -21 28 -23 24 -25 -26 -27 -28 -29 -30 -31
leaf_value=0.049584387345719912 0.041607239105998499 0.049373439255093771 -0.00080696721485180108 -0.028310624860235136 -0.041430673155752343 -0.024522253298140142 0.061303155289437319 0.047836030593759689 0.034838559715092358 0.015278750351760127 -0.053274066008875409 0.076189997811375865 0.080420802682581602 -0.020966168181524705 0.06929405896614424 -0.01566383323762785 0.026831005073759184 -0.037904209592245525 0.0071675840448279437 -0.015678454688097497 0.0033584504235297827 -0.044120491329027955 0.0043031022962019489 -0.0010750123748434206 0.078981318435800016 0.040271730667558715 0.019227713073855481 0.021462315929227687 -0.034589786492742802 0.0015313378474171647
leaf_weight=91.686394493561238 3.8685276363976291 68.070002460619435 186.96176278311759 71.648336669197306 24.466368316439912 13.205683721229436 2.2820102758705643 2.1047183871269217 6.2304413467645627 51.343205277342349 6.1201672945171577 3.752118255943059 2.9714583326131097 277.37149291625246 0.87320205429569142 21.979639320634309 3.2973496271297327 2.8164864769205442 3.6384007148444653 5.8181617762893438 12.183617569971831 2.1446793992072335 3.6436321875080457 23.620735350530595 3.8181197000667453 1.9548007268458594 5.0578182917088261 16.314624159131199 8.5438400208950025 15.31421951856464
leaf_count=32960 216 29787 4893 12984 4820 2306 186 10 36 4783 370 34 108 47503 74 2306 75 242 24 72 433 29 200 2150 216 24 646 464 297 819
internal_value=0.000754391 -0.00455597 -0.00929922 -0.0129309 -0.0133685 -0.00597338 -0.0170036 -0.0202827 -0.0203558 0.00937613 0.0147554 0.0215976 0.0167632 -0.0215824 -0.0222446 -0.00430696 -0.0164181 0.011876 -0.0321673 0.0111123 0.00263233 0.0119561 0.0167398 0.00649488 0.0473334 -0.00966351 -0.0120371 0.00107664 -0.0131558 -0.0197878
internal_weight=943.102 851.416 783.346 580.069 576.201 190.763 385.437 98.5607 329.201 92.2027 73.9392 60.8833 57.1312 317.152 96.456 24.8076 13.0559 54.1597 9.75857 12.0486 56.2366 35.5092 33.3645 25.9027 7.46175 23.9344 18.2635 203.276 20.7275 292.686
internal_count=149067 116107 86320 80963 80747 23986 56761 15398 53250 8588 5636 5167 5133 53142 15388 2404 469 5025 394 108 3511 2781 2752 2336 416 2330 2952 5357 730 48322
is_linear=0
shrinkage=0.05


Tree=112
num_leaves=31
num_cat=0
split_feature=22 2 7 0 5 17 21 20 20 20 17 8 0 10 17 5 17 8 10 0 0 0 17 4 10 10 0 10 8 8
split_gain=90.3504 80.4545 9.53429 6.15195 5.31729 5.03178 4.77116 5.73058 5.12908 4.57578 7.2215 6.94823 5.27205 4.72501 4.04441 5.44279 3.82854 3.80641 3.78487 3.7571 5.08981 3.39873 3.31244 3.73757 3.81566 3.25069 8.41205 4.07315 3.20902 3.16636
threshold=1.0000000180025095e-35 1.0000000180025095e-35 1.0000000180025095e-35 37.500000000000007 0.12864214992927867 0.26138716356107666 1.0000000180025095e-35 3.5000000000000004 3.5000000000000004 2.5000000000000004 0.12208672086720869 3.5000000000000004 25.500000000000004 4.1313500000000012 0.1856158484065461 0.098801320700545522 0.02837022132796781 3.5000000000000004 3.6213500000000005 26.500000000000004 35.500000000000007 31.500000000000004 0.17974358974358975 1.0000000180025095e-35 3.8635500000000005 3.9355500000000005 24.500000000000004 3.9409000000000005 1.5000000000000002 2.5000000000000004
decision_type=2 2 2 2 2 2 2 2 2 2 2 2 2 2 2 2 2 2 2 2 2 2 2 2 2 2 2 2 2 2
left_child=-1 2 3 4 6 -6 7 9 -8 10 25 12 28 17 22 18 -4 19 -16 -12 -21 -9 -14 24 -24 29 -27 -28 -11 -2
right_child=1 -3 16 -5 5 -7 8 21 -10 11 13 -13 14 -15 15 -17 -18 -19 -20 20 -22 -23 23 -25 -26 26 27 -29 -30 -31
leaf_value=0.049550565293960867 -0.015686830425415195 0.049334732198396708 -0.032395634341240841 0.0023075226938358007 0.019062877132036121 -0.02960202044881112 0.018277307665193449 0.0052153306283826825 -0.029466873818881856 0.03035956329649539 -0.0069184503745392898 0.046196133250530222 -0.0138182305569965 -0.040252002883475614 0.041594143350862291 0.035696271200343722 0.0033187101162005131 -0.03978805816552481 -0.036529880294028816 0.024533654451538555 -0.024208355033953074 0.073236794902276872 0.072361032485710769 0.092552833848842109 -0.024158773736742637 0.081672253656302041 0.053741017267522985 -0.018544049600669285 -0.032561418431295501 -0.040195900362719798
leaf_weight=87.150153888622299 34.157540336484089 64.975989647209644 6.8406887273304156 72.757978558074683 21.711530290544037 5.9765235576778641 20.320908348076049 10.565147714689372 6.6680035190656772 1.3311337754130352 24.239934522425756 2.9864324666559687 154.25022508995607 5.1182877947576335 0.81145243486389418 2.1992061324417582 175.09226346807554 3.3644291707314542 40.691344290040433 35.387844309210777 5.4561360469087949 1.2719676345586766 0.35693551134318058 0.54268700629472721 3.1730666048824787 1.5757495816797042 1.1556925517506922 23.414643650874496 86.696133661549538 23.081352269509807
leaf_count=32914 7124 29868 583 2070 268 97 116 539 395 75 4530 85 26108 298 152 63 6414 272 7051 2865 119 50 58 7 512 157 154 2460 19575 4160
internal_value=0.00140319 -0.00366818 -0.00819197 -0.0112767 -0.013191 0.00789276 -0.0143989 -0.0155923 0.00585006 -0.0165043 -0.00952269 -0.0201985 -0.0210385 0.00190283 -0.0164441 -0.0298294 0.0018061 0.0055892 -0.0340597 0.00850151 0.0175995 0.0176603 -0.0125853 0.027629 -0.000579893 -0.019506 -0.00466108 -0.0131753 -0.0312796 -0.0260905
internal_weight=923.321 836.171 771.195 589.262 516.504 27.6881 488.816 461.827 26.9889 449.99 156.952 293.039 290.052 73.5666 202.025 43.702 181.933 68.4483 41.5028 65.0839 40.844 11.8371 158.323 4.07269 3.53 83.385 26.1461 24.5703 88.0273 57.2389
internal_count=149139 116225 86357 79360 77290 365 76925 76414 511 75825 22139 53686 53601 8084 33951 7266 6997 7786 7203 7514 2984 589 26685 577 570 14055 2771 2614 19650 11284
is_linear=0
shrinkage=0.05


Tree=113
num_leaves=31
num_cat=0
split_feature=22 2 0 10 8 20 8 17 12 8 4 7 5 5 17 10 10 17 17 10 17 10 17 10 20 17 17 17 5 7
split_gain=90.7385 80.1596 9.16579 7.8371 5.27912 4.56196 11.1164 7.56514 9.30927 5.51398 6.25189 4.55139 3.80483 3.92183 3.64684 3.50232 5.4484 3.92434 4.03887 4.60881 3.11674 3.0855 2.87647 2.86135 2.61277 2.55147 2.574 4.72178 3.79697 2.63611
threshold=1.0000000180025095e-35 1.0000000180025095e-35 29.500000000000004 4.1614500000000012 1.5000000000000002 2.5000000000000004 2.5000000000000004 0.06472559698366151 2.5000000000000004 2.5000000000000004 1.0000000180025095e-35 1.0000000180025095e-35 0.036867142371729535 0.037210107303565255 0.14670014347202298 4.0391500000000011 4.0271000000000008 0.17974358974358975 0.25962962962962971 3.9641000000000006 0.21244358478401035 3.8589000000000007 0.19399641577060936 4.1805500000000011 4.5000000000000009 0.032795698924731186 0.093933823529411778 0.09699820788530468 0.024540800963565194 1.0000000180025095e-35
decision_type=2 2 2 2 2 2 2 2 2 2 2 2 2 2 2 2 2 2 2 2 2 2 2 2 2 2 2 2 2 2
left_child=-1 2 3 4 -2 7 24 -4 9 14 15 -8 -6 -14 -9 16 17 -11 19 -19 22 -16 -17 -5 25 -7 28 29 -27 -28
right_child=1 -3 5 23 12 6 11 8 -10 10 -12 -13 13 -15 21 20 -18 18 -20 -21 -22 -23 -24 -25 -26 26 27 -29 -30 -31
leaf_value=0.049517553429521258 0.039939682008856246 0.049292593374740581 -0.026619022697747255 0.08559933390620228 -0.019244150386064501 0.035307248143622197 0.0063976771691756189 0.010425958583266816 -0.035779452261485503 -0.011350346681927774 0.034735955606770029 0.052815675368337305 0.042977483842104813 -0.0085287189983632924 -0.011034082788236413 -0.012167912284556682 0.057018546571681442 0.062197244997467496 -0.022883686915293647 -0.0098231373113569151 -0.048381120235432375 0.044198083568367338 0.025899024431162272 0.014040978227980103 0.036720133517157923 -0.029785799368622513 0.0014000459201140329 -0.013025632746169885 0.010764464352916199 0.054692476094361078
leaf_weight=83.10671638767235 3.2168773207813492 61.855598730966449 19.976790668908507 1.0079107386991371 293.10568082844839 1.7232717038132239 14.695647316519173 32.186631910502911 11.756604132242499 22.259058807045221 11.405677910894154 7.5421600970439604 2.9583754427731028 57.216559028252959 2.502984436228874 38.454118045978248 3.9497770415619007 5.7387664178386313 2.8326474940404287 2.950761484913528 4.3234249455854288 18.366667687892914 4.7263757521286598 6.4790702355094254 1.6919668018817891 40.47011313168332 5.7588012553751451 137.24964413791895 6.185689575970172 2.9489663168787956
leaf_count=32969 191 29863 1556 50 57609 76 414 993 373 1057 348 127 81 1785 104 1285 128 188 69 104 93 376 97 423 70 4492 923 13170 60 91
internal_value=4.01292e-05 -0.00499464 -0.00945044 -0.0151812 -0.0162736 -0.00420686 -0.00906041 0.00164976 0.00528981 0.00873125 0.00156136 0.0237361 -0.0168968 -0.00533538 0.0215205 -0.00322921 0.00802585 0.000822867 0.023368 0.039251 -0.0121499 0.0373722 -0.00750935 0.0326252 -0.0128825 -0.0135001 -0.0141169 -0.0107198 -0.0242965 0.0232228
internal_weight=908.643 825.537 763.681 363.984 356.497 399.697 218.266 181.43 161.453 149.697 96.6406 22.2378 353.281 60.1749 53.0563 85.2349 37.731 33.7812 11.5222 8.68953 47.5039 20.8697 43.1805 7.48698 196.028 194.336 192.613 145.957 46.6558 8.70777
internal_count=149165 116196 86333 60139 59666 26194 19423 6771 5215 4842 3369 541 59475 1866 1473 3021 1546 1418 361 292 1475 480 1382 473 18882 18812 18736 14184 4552 1014
is_linear=0
shrinkage=0.05


Tree=114
num_leaves=31
num_cat=0
split_feature=22 9 19 20 17 7 8 8 7 5 4 8 21 17 10 5 17 0 8 8 0 0 10 8 17 10 0 10 8 10
split_gain=86.3497 76.0676 7.65131 6.69036 10.378 7.82758 7.52307 5.26471 5.13414 5.25678 6.05385 5.11609 4.74356 4.59277 4.5582 4.50867 6.57 4.31577 4.37003 5.12691 4.16885 3.95224 6.94548 4.31616 5.66766 3.89999 4.62693 4.57229 5.05058 3.97947
threshold=1.0000000180025095e-35 2.5000000000000004 1.0000000180025095e-35 2.5000000000000004 0.11796331435800128 1.0000000180025095e-35 2.5000000000000004 3.5000000000000004 1.5000000000000002 0.074154940967168056 1.0000000180025095e-35 1.5000000000000002 1.0000000180025095e-35 0.18942218080149117 4.1852500000000008 0.13025804171085192 0.23368794326241138 49.500000000000007 4.5000000000000009 2.5000000000000004 21.500000000000004 24.500000000000004 3.7963000000000005 2.5000000000000004 0.19098277608915909 4.0733500000000005 30.500000000000004 4.0467500000000012 3.5000000000000004 4.0542500000000006
decision_type=2 2 2 2 2 2 2 2 2 2 2 2 2 2 2 2 2 2 2 2 2 2 2 2 2 2 2 2 2 2
left_child=-1 2 3 4 12 11 8 21 9 10 13 -5 17 -7 15 20 -17 18 19 -2 -13 -6 -23 24 -24 26 -22 28 -28 -29
right_child=1 -3 -4 5 7 6 -8 -9 -10 -11 -12 14 -14 -15 -16 16 -18 -19 -20 -21 25 22 23 -25 -26 -27 27 29 -30 -31
leaf_value=0.049480317569642836 -0.0082471174432475463 0.049248932245397281 0.062616936320564406 0.041910444148013738 -0.013909870692047015 0.0082053526453365628 0.043005600732436755 -0.032756223848405486 -0.022768176552602055 -0.046188531779336184 0.058021174174517624 -0.040790917860111527 0.042459344699159261 -0.029716931087914109 0.0041551687008406276 0.025490433874004209 -0.038832624645485682 0.035542824719486589 0.063100647817063163 -0.02807430812047745 -0.020158658293120562 0.046787660819715804 0.0066339636246414467 -3.1408811555980331e-05 0.047264030851766579 -0.032618791232893983 -0.013248943244531158 0.06597904143425852 0.049233126922360149 0.001379164008997806
leaf_weight=78.841199443908408 73.12689675972797 58.89252771215979 2.6990959441754958 2.763198588974773 17.863257403718308 46.615003978833556 7.9023759928531936 7.5934701994992784 27.501436587423086 4.0766524095088235 4.2670884877443305 22.339020053390414 2.7577802073210469 8.596065304707734 22.775548486970365 12.02613388746977 4.7280645295977584 3.2119586486369363 0.75403574761003156 59.65794355655089 185.1588996197097 11.089253126643596 26.177431786898524 77.100360859651119 12.074076220393179 41.6181152863428 59.564910709857941 2.8765476141124946 2.4450729433447114 6.3060526750050485
leaf_count=32858 9561 29866 53 132 2979 2898 135 333 437 42 42 4796 16 515 1589 142 102 122 23 6522 35248 1310 1249 3278 416 5196 8145 327 27 702
internal_value=-0.000145477 -0.00500354 -0.00929119 -0.00963166 -0.00368254 -0.0133716 -0.000894589 0.00534689 -0.00513028 0.00273646 0.00679807 -0.0167649 -0.0134819 0.00187743 -0.0173303 -0.0187901 0.00617353 -0.0149101 -0.0163788 -0.0172984 -0.020111 0.00756355 0.0106826 0.00683938 0.0203362 -0.0184294 -0.016008 -0.0050831 -0.010043 0.026108
internal_weight=893.399 814.558 755.666 752.967 291.406 461.56 98.9586 151.898 91.0562 63.5548 59.4782 362.602 139.509 55.2111 359.838 337.063 16.7542 136.751 133.539 132.785 320.309 144.304 126.441 115.352 38.2515 297.97 256.351 71.1926 62.01 9.1826
internal_count=149061 116203 86337 86284 25809 60475 4069 9565 3934 3497 3455 56406 16244 3413 56274 54685 244 16228 16106 16083 54441 9232 6253 4943 1665 49645 44449 9201 8172 1029
is_linear=0
shrinkage=0.05


Tree=115
num_leaves=31
num_cat=0
split_feature=22 2 0 10 8 10 21 5 19 7 4 5 10 0 10 10 0 10 10 0 0 7 10 8 10 5 10 10 10 10
split_gain=79.8679 69.8152 9.05433 5.59306 4.7408 4.69181 4.01241 4.74748 4.00038 2.99569 2.63412 2.59146 2.55613 1.97506 6.06648 4.01726 1.87824 2.09837 2.04919 2.04071 1.98692 1.84598 2.95732 2.00999 3.97548 3.86492 2.06377 3.16536 2.80392 2.02953
threshold=1.0000000180025095e-35 1.0000000180025095e-35 29.500000000000004 4.1556500000000005 1.5000000000000002 4.1648000000000005 1.0000000180025095e-35 0.13025804171085192 1.0000000180025095e-35 1.0000000180025095e-35 4.5000000000000009 0.12008583690987125 4.2814000000000005 23.500000000000004 3.7844500000000005 3.7193500000000004 25.500000000000004 3.6844000000000006 3.6573500000000005 24.500000000000004 28.500000000000004 1.0000000180025095e-35 4.2723500000000012 2.5000000000000004 3.8937500000000003 0.098801320700545522 4.1949500000000013 4.1852500000000008 4.2928500000000005 3.9233500000000006
decision_type=2 2 2 2 2 2 2 2 2 2 2 2 2 2 2 2 2 2 2 2 2 2 2 2 2 2 2 2 2 2
left_child=-1 2 3 4 -2 -5 7 9 10 13 11 21 -7 14 -6 16 17 19 20 -15 -18 23 -23 25 -25 -4 27 29 -28 -26
right_child=1 -3 8 5 6 12 -8 -9 -10 -11 -12 -13 -14 15 -16 -17 18 -19 -20 -21 -22 22 -24 24 26 -27 28 -29 -30 -31
leaf_value=0.049443685542859661 0.039328288912701723 0.049202472070540244 -0.011130112742202387 0.088746365194119436 -0.035087912472714457 -0.01024158595852033 0.0036603732051112593 0.0039833587976762161 0.051586601526548516 -0.0036221208293398216 0.030675613081200811 -0.042534246325777923 0.054841211923460788 -0.0013131495279414215 -0.0029386157653135837 -0.020650070257899958 0.039579925108071089 0.019625297389287543 -0.005605428243908514 -0.042368938988585347 -0.023143648730225938 0.003236052974267357 -0.022712406021567738 0.020154489216328855 -0.032273032254091498 0.045860196753518781 -0.034609385668892496 0.051745411454200287 0.012969122411361523 -0.0012469541446862731
leaf_weight=75.031472637550905 3.0539365140721193 55.999733565957285 138.79899240052328 1.1914820591919104 59.630397805478424 6.0451139281503856 24.823425606824458 24.377393811941147 2.3329538241960099 29.664706258103251 4.5891726212576023 3.3063839040696612 0.9257494956254958 5.9502870198339242 19.61453976505436 156.22254841006361 6.0124571346677822 3.0400822865776709 7.9079393590800464 5.3027660031802952 0.84966115653514851 130.05814476497471 10.986433468759058 17.637124008964747 4.732468598522245 2.0713917277753344 10.350434348452834 1.6681419620290387 3.6527043851092449 66.713257709518075
leaf_count=32861 193 29827 18490 38 15250 437 409 342 32 3363 341 40 15 1332 3980 30121 1090 684 1541 1176 154 3047 131 800 289 24 276 59 51 2656
internal_value=0.000450171 -0.00415769 -0.00819399 -0.0139893 -0.014974 0.0248783 -0.0155697 -0.0170749 -0.00299393 -0.0188274 -0.00344625 -0.00392522 0.00419745 -0.0205125 -0.0272662 -0.0174932 -0.000401443 -0.0128738 0.0117192 -0.0225387 0.0298577 -0.00348621 0.00106917 -0.00609578 -0.000834423 -0.00997477 -0.0052642 -0.00177262 -0.0221614 -0.00371919
internal_weight=882.541 807.51 751.51 354.612 346.45 8.16235 343.396 318.573 396.898 294.195 394.565 389.975 6.97086 264.531 79.2449 185.286 29.0632 14.2931 14.7701 11.2531 6.86212 386.669 141.045 245.625 104.754 140.87 87.117 73.1139 14.0031 71.4457
internal_count=149049 116188 86361 60125 59635 490 59442 59033 26236 58691 26204 25863 452 55328 19230 36098 5977 3192 2785 2508 1244 25823 3178 22645 4131 18514 3331 3004 327 2945
is_linear=0
shrinkage=0.05


Tree=116
num_leaves=31
num_cat=0
split_feature=22 9 21 7 10 20 20 17 8 5 0 20 10 10 17 10 4 17 20 10 17 10 10 10 10 17 0 8 0 0
split_gain=74.767 64.6198 8.95274 7.31598 6.65301 5.96767 5.80434 6.25542 4.87856 4.98353 5.21833 7.98947 6.50533 5.52438 5.75855 5.0111 6.0685 4.86634 4.78417 4.76635 3.78563 3.77601 4.77551 3.56637 3.65772 3.85509 3.51862 3.4922 3.02212 5.05291
threshold=1.0000000180025095e-35 2.5000000000000004 1.0000000180025095e-35 1.0000000180025095e-35 4.3024500000000012 3.5000000000000004 2.5000000000000004 0.14670014347202298 1.5000000000000002 0.13025804171085192 25.500000000000004 3.5000000000000004 3.7286000000000006 3.6213500000000005 0.1856158484065461 4.1313500000000012 1.5000000000000002 0.17274535809018571 3.5000000000000004 4.3454500000000005 0.082272360999194202 4.0733500000000005 4.0467500000000012 4.1852500000000008 4.2090500000000004 0.098746324098436783 28.500000000000004 3.5000000000000004 23.500000000000004 30.500000000000004
decision_type=2 2 2 2 2 2 2 2 2 2 2 2 2 2 2 2 2 2 2 2 2 2 2 2 2 2 2 2 2 2
left_child=-1 2 3 4 6 -4 7 -2 -8 10 11 -10 -13 26 21 -16 -17 -11 -5 -6 -14 22 -15 -23 25 -25 -12 28 -9 -30
right_child=1 -3 5 18 19 -7 8 27 9 17 13 12 20 14 15 16 -18 -19 -20 -21 -22 23 -24 24 -26 -27 -28 -29 29 -31
leaf_value=0.049407512624777633 -0.012707560834075711 0.04915140613261175 0.027624355038337101 -0.00070748378787175922 0.068625180230149838 -0.01250963891696423 0.042343717675515986 -0.016392372351973362 -0.032988760441784414 0.032937121648915449 0.067289945063751952 -0.020921862153424564 0.12131303491030046 -0.010011779960930639 -0.037831199245011785 -0.029185137611609353 0.056993247991765722 -0.018017417258788998 0.069223864516608238 -0.0097761231231406828 0.0020586906100796957 -0.033311524615767564 0.021236890345340348 -0.028751235154096624 -0.021255969184906465 0.054558742858373512 -0.024154898727284036 -0.036060334893551739 0.029421428963633547 0.00098588993013924904
leaf_weight=71.586171822389588 121.89771524327807 53.090981561457738 28.082993993535638 165.62486667046323 3.4335998548194757 12.886596711352466 2.5701853809878221 10.257623360026626 78.977334960130975 8.8104428946971911 2.3874435713514681 2.6306127151474348 0.97994110826402936 116.44238418480381 38.692793162539601 3.7982567832805207 2.5845740102231503 8.0770554384216648 1.4821518538519729 3.0544970273040235 1.0552968587726352 29.294096721801907 12.705617059487848 1.2975759725086371 7.9534142268821597 3.3231243086047471 0.91801855387166131 3.8478145799599579 24.129777617286891 41.487438538111746
leaf_count=32937 16992 29698 215 6827 105 448 119 1861 19680 95 394 171 45 20337 6905 451 34 159 38 80 61 4185 1871 150 706 350 147 194 2594 1158
internal_value=0.000837696 -0.0036104 -0.00746384 -0.00880269 -0.0116712 0.0150033 -0.0123194 -0.0056255 -0.0164739 -0.0170769 -0.0185503 -0.02918 0.0297333 -0.0143838 -0.0154394 -0.0311958 0.00870381 0.00892146 0.000320866 0.0353387 0.0805287 -0.0111291 -0.00679797 -0.024019 -0.00151077 0.0302108 0.0421816 0.0052264 0.007762 0.0117273
internal_weight=863.36 791.774 738.683 697.714 530.607 40.9696 524.119 201.62 322.498 319.928 303.04 83.6432 4.66585 219.397 216.092 45.0756 6.38283 16.8875 167.107 6.4881 2.03524 171.016 129.148 41.8682 12.5741 4.6207 3.30546 79.7227 75.8748 65.6172
internal_count=149007 116070 86372 85709 78844 663 78659 22799 55860 55741 55487 19957 277 35530 34989 7390 485 254 6865 185 106 27599 22208 5391 1206 500 541 5807 5613 3752
is_linear=0
shrinkage=0.05


Tree=117
num_leaves=31
num_cat=0
split_feature=22 2 0 10 0 19 8 0 17 0 10 10 4 10 0 20 20 8 17 8 17 5 10 17 10 5 13 10 12 17
split_gain=71.6399 61.6833 7.45598 5.6417 8.4298 4.29638 3.89011 4.53184 4.97252 4.85765 5.7095 3.39846 3.28288 3.25389 7.08775 3.23058 3.05964 7.92484 6.57585 4.75847 3.4611 2.96422 3.13974 4.84727 2.86188 2.77099 2.75481 2.92505 2.90124 2.72361
threshold=1.0000000180025095e-35 1.0000000180025095e-35 29.500000000000004 4.0695500000000004 27.500000000000004 1.0000000180025095e-35 1.5000000000000002 20.500000000000004 0.060915275200989494 23.500000000000004 3.5936500000000007 3.4034000000000004 1.0000000180025095e-35 4.0123500000000005 27.500000000000004 4.5000000000000009 2.5000000000000004 3.5000000000000004 0.048003072196620589 2.5000000000000004 0.20483682983682985 0.12731560891938251 3.9397000000000006 0.07634032634032635 4.1025500000000008 0.27005577005577014 1.5000000000000002 4.2928500000000005 2.5000000000000004 0.11726508785332317
decision_type=2 2 2 2 2 2 2 2 2 2 2 2 2 2 2 2 2 2 2 2 2 2 2 2 2 2 2 2 2 2
left_child=-1 2 3 6 24 15 -2 -8 9 10 -9 -10 13 -11 -15 16 18 20 -4 -20 -18 22 23 -21 -5 -13 27 28 -24 -25
right_child=1 -3 5 4 -6 -7 7 8 11 12 -12 25 -14 14 -16 -17 17 -19 19 21 -22 -23 26 29 -26 -27 -28 -29 -30 -31
leaf_value=0.049368192182636335 0.037639028876274711 0.049103049669204084 -0.031500844072155192 0.09945271142059231 -0.014036966426842391 0.052733086055524431 -0.036640796716961535 -0.021049096169032295 0.046111616103877928 -0.009267423325681784 0.044901097802354774 -0.017471186624235555 -0.054476015994089223 0.098639262926571561 -0.023052695066797028 0.049150262833270897 -0.0073203825256912868 0.040394947852860547 0.015858798679540775 0.070264041053002796 -0.028571529056862034 0.042298940882387448 -0.0039819485134774376 -0.025443972417076789 0.027080063952078917 0.028120095007018869 -0.038820077244866968 0.030080954595738174 -0.033811472810407604 0.014182592199966971
leaf_weight=68.106188643840142 2.5993547970429054 50.598244144464843 13.153285397216676 1.0053423261269934 15.227616192772985 2.4662947244942179 22.216613747878 4.0395695266779503 1.2286502143833775 29.472294744104147 9.6392911071889085 239.17257801583037 2.5514859491959205 1.277492813766002 1.8944482640363274 1.9293337641283859 178.47511388035491 7.2577953967265776 55.052530868444592 2.1777036185376373 20.707628848496825 2.6510678669437757 66.169543949421495 4.9697778481058803 9.3333371304906887 2.5202192440628997 5.6707807257771483 4.5074210623279205 8.3632153803482634 14.949569204822181
leaf_count=32894 177 29725 1059 41 1612 34 5483 936 216 5148 1053 44053 84 201 300 76 17094 128 1608 179 2141 273 2350 332 684 11 46 64 253 560
internal_value=0.000570293 -0.00374123 -0.00746271 -0.0128341 0.00946604 -0.002711 -0.0146589 -0.01521 -0.0134587 0.00107655 0.0253179 -0.0163755 -0.00878405 -0.00369972 0.0378542 -0.00320056 -0.00359045 -0.00771534 0.00121887 0.00400945 -0.00966141 -0.00203981 -0.00352248 0.0128843 0.0422681 -0.0168819 -0.00790262 -0.00522714 -0.0077324 0.00355228
internal_weight=849.384 781.278 730.679 342.178 25.5663 388.501 316.612 314.013 291.796 48.8746 13.6789 242.921 35.1957 32.6442 3.17194 386.035 384.105 206.441 177.665 164.512 199.183 109.459 106.808 22.0971 10.3387 241.693 84.711 79.0402 74.5328 19.9193
internal_count=148815 115921 86196 59999 2337 26197 57662 57485 52002 7722 1989 44280 5733 5649 501 26163 26087 19363 6724 5665 19235 4057 3784 1071 725 44064 2713 2667 2603 892
is_linear=0
shrinkage=0.05


Tree=118
num_leaves=31
num_cat=0
split_feature=22 2 10 7 20 5 8 17 17 21 17 0 17 0 5 8 17 10 10 10 4 21 10 0 17 17 17 0 17 5
split_gain=66.9987 57.7494 7.65765 4.98182 5.16074 5.22602 7.4411 6.46142 5.34726 5.0545 5.64285 6.85021 5.00234 4.91862 4.8885 4.06668 4.03557 4.24629 3.21843 4.20212 3.1898 3.13709 3.13418 4.5858 4.90172 2.94983 2.76129 3.08 2.81668 2.71873
threshold=1.0000000180025095e-35 1.0000000180025095e-35 3.6979500000000005 1.0000000180025095e-35 2.5000000000000004 0.046927432885906048 2.5000000000000004 0.11451990632318503 0.040270270270270282 1.0000000180025095e-35 0.19399641577060936 21.500000000000004 0.08842144452717797 25.500000000000004 0.14118503296515114 3.5000000000000004 0.070505385252692634 3.6757000000000004 3.8544000000000005 3.7963000000000005 1.0000000180025095e-35 1.0000000180025095e-35 3.9233500000000006 24.500000000000004 0.082272360999194202 0.033908045977011504 0.1856158484065461 26.500000000000004 0.057983193277310933 0.080981717011128787
decision_type=2 2 2 2 2 2 2 2 2 2 2 2 2 2 2 2 2 2 2 2 2 2 2 2 2 2 2 2 2 2
left_child=-1 2 13 4 9 6 18 8 -8 10 11 20 -7 14 21 -9 -15 -18 19 25 -4 -2 -13 24 -24 -6 27 -20 -29 -14
right_child=1 -3 3 -5 5 12 7 15 -10 -11 -12 22 29 16 -16 -17 17 -19 26 -21 -22 -23 23 -25 -26 -27 -28 28 -30 -31
leaf_value=0.049328066665956564 -0.032927717634486639 0.049059243067861247 0.096375231315675269 0.0023683411565682514 0.024008073816917691 0.045937602556709124 -0.031588324428095914 -0.032531014425707654 0.05905372775071336 0.050376759538162931 0.015415854596922744 -0.018586185312639083 0.027684317248448609 -0.025430384083899672 0.017547585428067811 0.040461395514303722 0.037713942190504758 -0.025449277236477059 -0.03229618041398382 0.0097742906233980829 -0.015004739531923217 0.0061713767985491913 0.095864819217259589 -0.0047579001456987818 -0.023372608783798165 -0.020071943214531672 -0.032472670675062869 -0.032800357359967662 -0.009825885732491782 -0.010229230086358586
leaf_weight=64.86472449847497 61.294028034200892 48.538200619630516 1.3234732355922449 175.78887111088261 3.361829722300171 5.6970939659513524 1.3297608909197167 6.3571347096003574 7.7939450345002115 3.7371079046279183 35.487189188133925 47.071773812407628 4.9904788061976459 6.7761128740385201 5.2913901088759294 1.6435148073360322 8.3515159008093161 2.914647646714001 24.532397811068222 24.284119464224204 0.55811408255249251 5.2764797993004313 1.3266747999005013 79.564476291649044 0.85608934750780452 38.132214744808152 33.676932354923338 14.65159448655322 105.86024630069733 21.527940262109041
leaf_count=32922 16159 29945 259 6538 196 101 102 376 435 17 1671 7274 182 1063 63 19 1134 442 5479 4863 17 86 129 5101 113 8279 6230 2538 16876 527
internal_value=0.000905991 -0.0031893 -0.00672833 -0.00478961 -0.00750207 -0.011502 -0.0138384 0.0172887 0.0440276 -0.00055847 -0.00199833 -0.0068077 0.00731728 -0.0203154 -0.0261051 -0.0147072 0.00290449 0.0206305 -0.01608 -0.00649323 0.0695957 -0.0297832 -0.00845118 -0.00246115 0.0564492 -0.0160197 -0.0195527 -0.016351 -0.012866 -0.00234756
internal_weight=842.86 777.995 729.457 639.553 463.764 293.839 261.624 17.1244 9.12371 169.925 166.188 130.701 32.2155 89.9042 71.8619 8.00065 18.0423 11.2662 244.499 65.7782 1.88159 66.5705 128.819 81.7472 2.18276 41.494 178.721 145.044 120.512 26.5184
internal_count=149136 116214 86269 67322 60784 46203 45393 932 537 14581 14564 12893 810 18947 16308 395 2639 1576 44461 13338 276 16245 12617 5343 242 8475 31123 24893 19414 709
is_linear=0
shrinkage=0.05


Tree=119
num_leaves=31
num_cat=0
split_feature=22 2 0 20 8 0 5 17 10 10 17 10 20 8 8 17 19 17 19 10 17 10 0 8 0 10 10 0 10 10
split_gain=62.9896 53.732 8.84984 3.90891 3.84776 4.62755 3.6312 5.54593 4.90992 7.3221 3.45853 4.58421 3.29406 8.40594 3.12194 4.19642 3.01697 2.86965 2.73961 2.71929 2.59103 2.78377 5.82276 3.13839 2.74527 4.50015 2.573 2.55833 2.85776 3.19325
threshold=1.0000000180025095e-35 1.0000000180025095e-35 32.500000000000007 4.5000000000000009 1.5000000000000002 20.500000000000004 0.14793771043771045 0.31643132220795894 3.7544500000000007 3.8441500000000004 0.037749287749287756 3.7722500000000005 2.5000000000000004 3.5000000000000004 2.5000000000000004 0.082272360999194202 1.0000000180025095e-35 0.34891304347826091 1.0000000180025095e-35 3.9139500000000003 0.048003072196620589 3.6537500000000005 25.500000000000004 2.5000000000000004 26.500000000000004 4.0542500000000006 3.4034000000000004 31.500000000000004 3.9737500000000003 3.8494000000000006
decision_type=2 2 2 2 2 2 2 2 2 2 2 2 2 2 2 2 2 2 2 2 2 2 2 2 2 2 2 2 2 2
left_child=-1 2 4 10 -2 -6 7 18 -9 17 -4 -12 14 16 15 -13 19 -10 20 -14 21 -7 23 -23 25 26 -22 -24 29 -29
right_child=1 -3 3 -5 5 6 -8 8 9 -11 11 12 13 -15 -16 -17 -18 -19 -20 -21 24 22 27 -25 -26 -27 -28 28 -30 -31
leaf_value=0.049286603919869748 0.038743236052398058 0.049001346960605326 -0.030264868115197598 0.065751355660641497 -0.033442961384732621 -0.022727911580911132 0.010961983025479462 -0.017218338509377078 0.17124465368369512 -0.0058391986828401606 0.043121193666470659 -0.0138647749239744 -0.030612922364347112 0.048097291789021876 0.00018911316148828263 0.023335378175802474 0.050440610240023935 0.01293039700964322 0.046563231221365659 -0.0066566117936383996 0.041105939367168498 0.040856995408413609 -0.023910591528208534 -0.027656611212336021 -0.0092350237899977948 0.024972342769763244 -0.020495522630473662 -0.019285131286195255 -0.016885374668929597 0.086705653988157105
leaf_weight=61.784438216825947 2.9612252577207974 45.998749177670106 8.0258377022109908 1.2920862976461638 21.080693508498371 8.3328894872684014 19.237665701657534 1.9648849379736919 0.53284866921603702 1.5230723491404203 5.3672815901227287 8.7495557349175197 12.414050274528561 5.9758219164796165 90.213912900071591 37.132460119668394 1.171909600496291 0.56942312116734684 1.0586083699017752 112.29574373923242 0.82088260445743699 11.298854692839088 11.024210821837185 1.2226774713490147 202.00127174286172 4.9936558981426051 145.09625133150257 0.61922064935788457 2.1266147629357874 1.0619818274863062
leaf_count=32923 208 29803 326 36 5483 1776 177 341 63 97 243 260 1126 110 2421 602 6 44 35 7408 194 1159 1568 312 30705 648 30450 102 257 165
internal_value=0.00113769 -0.00280428 -0.00617659 0.000720205 -0.0106233 -0.0110479 -0.00982822 -0.0108679 0.0388181 0.0739385 0.000189732 0.00119107 0.000193979 -0.00541737 0.00563044 0.016097 -0.00831685 0.134514 -0.011551 -0.00926586 -0.0118285 0.000985759 0.00875661 0.0326163 -0.0131234 -0.018233 -0.0198715 -0.0121741 0.0197105 0.0550345
internal_weight=827.949 766.164 720.166 282.639 437.527 434.566 413.485 394.247 4.59023 2.62534 281.347 273.321 267.953 131.858 136.096 45.882 125.882 1.10227 389.657 124.71 388.599 35.6864 27.3536 12.5215 352.912 150.911 145.917 14.832 3.80782 1.6812
internal_count=149048 116125 86322 12538 73784 73576 68093 67916 545 204 12502 12176 11933 8650 3283 862 8540 107 67371 8534 67336 5339 3563 1471 61997 31292 30644 2092 524 267
is_linear=0
shrinkage=0.05


Tree=120
num_leaves=31
num_cat=0
split_feature=22 2 20 8 17 21 8 7 7 4 17 17 7 4 8 20 10 17 17 17 0 10 0 10 17 8 0 4 4 17
split_gain=61.9959 52.6617 5.77213 8.99703 8.99477 8.39902 6.06972 5.28348 4.88642 6.2443 6.54494 4.56924 4.18655 5.4818 3.99303 3.58126 3.57045 4.00681 3.56686 4.475 3.52282 4.61989 3.49361 3.35337 3.71328 3.30345 3.27196 3.30241 3.25944 3.12789
threshold=1.0000000180025095e-35 1.0000000180025095e-35 2.5000000000000004 2.5000000000000004 0.17974358974358975 1.0000000180025095e-35 1.5000000000000002 1.0000000180025095e-35 1.0000000180025095e-35 1.5000000000000002 0.093933823529411778 0.31643132220795894 1.5000000000000002 2.5000000000000004 3.5000000000000004 3.5000000000000004 4.2928500000000005 0.10501253132832082 0.11451990632318503 0.060915275200989494 24.500000000000004 4.0043500000000014 26.500000000000004 4.0005000000000015 0.11378020713463753 2.5000000000000004 43.500000000000007 1.0000000180025095e-35 1.0000000180025095e-35 0.21913109756097562
decision_type=2 2 2 2 2 2 2 2 2 2 2 2 2 2 2 2 2 2 2 2 2 2 2 2 2 2 2 2 2 2
left_child=-1 2 4 6 5 16 -4 18 9 11 -11 15 13 28 20 -8 -2 -18 19 -5 29 -22 -21 -14 -25 -23 27 -27 -10 -6
right_child=1 -3 3 7 14 -7 8 -9 12 10 -12 -13 23 -15 -16 -17 17 -19 -20 22 21 25 -24 24 -26 26 -28 -29 -30 -31
leaf_value=0.049242446745353857 -0.0091534455805651945 0.04894727886925021 0.04467314973607743 -0.018536468920503861 0.019455534006086437 0.057506739349610383 -0.020577697633749767 0.04857333865139505 0.0047120552415464527 0.03843338597971907 -0.0089996653945040219 0.038110404183293096 -0.050238474289312378 -0.047228993135829886 -0.041267719955642823 0.0028320847022332025 -0.030120770380555845 0.041205714072704097 -0.019569173693199535 -0.025104314213549098 0.035680031567820576 0.031234010400575725 0.057388913360755238 0.011559481366523157 -0.027524447995558549 -0.025430625766879624 0.036649922345625696 0.018225419835146136 0.044119671001218441 -0.035355111646097712
leaf_weight=58.777023042668588 204.71463374770246 43.853467418812215 3.6579014947637907 3.9318712970707619 3.7949541269335878 4.0442341156303874 259.22288850229234 7.9236829420551649 52.958910305052996 8.9522561235353333 26.097512491047382 2.6385932965204111 5.4717161031439927 3.7369335759431115 2.1737259465735397 17.190253665670753 1.8938017524778823 6.1813592952676117 9.1916829308029246 0.98292912892065931 27.3612099760212 8.8941212375648337 5.7057458483614028 10.963719363324346 11.554262014105914 12.815619735512888 3.1956171188503495 5.4670878648757926 4.8715675063431254 4.9022764675319195
leaf_count=32914 21684 29838 191 364 695 24 52801 136 3349 142 701 461 133 31 86 942 85 225 498 220 1599 175 209 148 150 421 75 35 58 712
internal_value=0.000202287 -0.00362825 -0.00689172 -0.0105103 -0.00135901 -0.00635424 -0.012394 0.0166219 -0.0130203 -0.0159503 0.00384553 -0.0184416 -0.00268113 0.00462842 0.0142935 -0.0191169 -0.00783128 0.0230023 0.00212342 0.020966 0.0166966 0.0211337 0.0435778 -0.0183646 -0.00881261 0.00730984 -0.00354588 -0.012108 0.00872522 -0.011899
internal_weight=823.122 764.345 720.491 435.052 285.439 216.834 407.317 27.7359 403.659 314.102 35.0498 279.052 89.5571 61.5674 68.6046 276.413 212.79 8.07516 19.8122 10.6205 66.4309 57.7337 6.68867 27.9897 22.518 30.3724 21.4783 18.2827 57.8305 8.69723
internal_count=149102 116188 86350 60534 25816 22018 59107 1427 58916 55047 843 54204 3869 3438 3798 53743 21994 310 1291 793 3712 2305 429 431 298 706 531 456 3407 1407
is_linear=0
shrinkage=0.05


Tree=121
num_leaves=31
num_cat=0
split_feature=22 2 0 21 20 20 0 17 8 20 17 17 20 8 0 0 17 5 20 8 17 7 17 4 4 17 0 17 0 7
split_gain=56.3976 47.7018 7.90213 5.02515 7.64061 5.65789 4.52543 3.15337 2.89975 2.8302 2.47556 2.71856 2.43324 2.71915 2.35125 3.93072 2.29839 2.91693 2.61257 6.53289 5.78267 4.18356 3.20718 2.63333 2.9863 2.59441 4.07421 3.32888 2.74028 3.89628
threshold=1.0000000180025095e-35 1.0000000180025095e-35 22.500000000000004 1.0000000180025095e-35 3.5000000000000004 3.5000000000000004 38.500000000000007 0.29217479674796754 1.5000000000000002 2.5000000000000004 0.06472559698366151 0.17274535809018571 2.5000000000000004 2.5000000000000004 20.500000000000004 21.500000000000004 0.093933823529411778 0.13025804171085192 2.5000000000000004 3.5000000000000004 0.12208672086720869 1.5000000000000002 0.17595459236326114 1.5000000000000002 1.0000000180025095e-35 0.18942218080149117 25.500000000000004 0.14194139194139196 30.500000000000004 1.0000000180025095e-35
decision_type=2 2 2 2 2 2 2 2 2 2 2 2 2 2 2 2 2 2 2 2 2 2 2 2 2 2 2 2 2 2
left_child=-1 2 8 4 6 -5 7 16 -2 -9 -6 -12 13 14 -10 -16 17 -4 21 20 23 22 -18 24 -20 26 -22 -28 29 -27
right_child=1 -3 3 5 10 -7 -8 9 12 -11 11 -13 -14 -15 15 -17 18 -19 19 -21 25 -23 -24 -25 -26 28 27 -29 -30 -31
leaf_value=0.049197678771619888 0.032094401920279979 0.048890010961573166 -0.014729988057355821 0.028290030328743106 -0.0063970436653362581 -0.013175360534116665 0.0035984359590905944 0.041254435381183445 -0.019819897833640531 -0.0056130128709385232 0.05888157904186319 -0.0034480964684908259 -0.031397104871050095 -0.041827341720597405 0.036569018158745047 -0.016994619357381443 -0.0099716833229260698 0.028126251644081376 0.0034295444634070368 0.05880690129071451 -0.030056012531350814 0.029370736208443618 0.0075827957404274952 -0.036086027467671727 0.051422075622678289 -0.020640150660320704 -0.02138483502006926 0.00075937736294948491 -0.037890444348338402 0.027646445199049664
leaf_weight=55.987604556721635 1.597152892500161 41.772211096365936 140.71050140610896 23.257693370338529 2.7291587386280289 11.719580302014945 107.98972145840526 5.2011539509985578 10.146298016421502 6.2694848182145506 6.8230506638064963 2.1162811554968357 38.704069324070588 4.7771509792655698 6.1900880287867022 5.7005154408980161 64.103294645436108 3.1907016746699801 48.231740567833185 2.4912994736805549 19.928103032056242 10.020724348723887 42.418723396956921 2.8669909210875621 2.4919591872021547 30.132528204703704 22.363105120370165 61.799216624116525 20.835044627077878 3.9413364115171126
leaf_count=32918 103 29843 22786 181 128 385 2111 182 2774 924 275 100 7937 1330 1126 1123 6705 30 8002 58 4720 87 2765 55 71 6128 3907 9513 2542 321
internal_value=0.00124345 -0.00239457 -0.00548181 -0.00375637 -0.00482614 0.0144165 -0.00563547 -0.00768623 -0.02168 0.0172422 0.0336293 0.0452634 -0.0234536 -0.0112713 -0.0031192 0.0115636 -0.00832248 -0.0135922 -0.00600181 -0.00925614 -0.0103253 3.17558e-05 -0.00297571 0.00382596 0.00673591 -0.0150891 -0.0102858 -0.00530666 -0.0238479 -0.0144258
internal_weight=806.506 750.519 708.747 641.631 606.654 34.9773 594.986 486.996 67.1153 11.4706 11.6685 8.93933 65.5181 26.8141 22.0369 11.8906 475.525 143.901 331.624 215.081 212.59 116.543 106.522 53.5907 50.7237 158.999 104.09 84.1623 54.9089 34.0739
internal_count=149130 116212 86369 71976 71410 566 70907 68796 14393 1106 503 375 14290 6353 5023 2249 67690 22816 44874 35317 35259 9557 9470 8128 8073 27131 18140 13420 8991 6449
is_linear=0
shrinkage=0.05


Tree=122
num_leaves=31
num_cat=0
split_feature=22 2 10 1 10 17 10 10 1 8 19 4 21 20 20 10 20 8 17 17 1 17 10 4 1 20 17 4 1 1
split_gain=55.3511 46.4386 5.1733 5.57027 3.88854 3.77611 5.39245 4.94405 4.40715 3.49429 3.39343 2.92633 2.72282 4.66909 3.99562 2.30757 3.3935 3.04353 1.98479 1.94983 4.19829 1.95606 3.87462 1.91379 1.88631 1.76553 1.55645 2.12224 1.54026 4.86118
threshold=1.0000000180025095e-35 1.0000000180025095e-35 3.7544500000000007 17.500000000000004 3.6428000000000007 0.07634032634032635 3.5588000000000002 3.4034000000000004 16.500000000000004 1.5000000000000002 1.0000000180025095e-35 8.5000000000000018 1.0000000180025095e-35 3.5000000000000004 3.5000000000000004 3.6636000000000002 2.5000000000000004 2.5000000000000004 0.070505385252692634 0.29217479674796754 16.500000000000004 0.30151515151515157 3.8494000000000006 3.5000000000000004 9.5000000000000018 3.5000000000000004 0.26726190476190481 4.5000000000000009 19.500000000000004 24.500000000000004
decision_type=2 2 2 2 2 2 2 2 2 2 2 2 2 2 2 2 2 2 2 2 2 2 2 2 2 2 2 2 2 2
left_child=-1 2 3 5 28 6 24 -7 15 -4 11 12 14 -14 19 16 17 -8 -16 26 -21 -22 -23 -9 -2 -10 27 -11 -5 -30
right_child=1 -3 9 4 -6 7 8 23 25 10 -12 -13 13 -15 18 -17 -18 -19 -20 20 21 22 -24 -25 -26 -27 -28 -29 29 -31
leaf_value=0.049152379517084038 0.029557634354630893 0.048828237353960205 0.042870024816997365 0.043768086570623352 -0.0092846630923861077 0.032486202947095789 0.082257228999041199 -0.03542274201941336 -0.041998138938257594 -0.0067902865282249191 0.043616706450676841 0.039397538502725593 0.024122175419691985 -0.015079218675446508 -0.013858779664297358 0.0022103337288325682 -0.0015955671258389436 -0.017733671236444946 0.03726997371270533 -0.038675081674686709 0.060304952280664161 0.05412222144669631 -0.022496573278808333 0.00022619297059847925 -0.040264259606858956 0.028018599586717392 -0.028860414291643086 0.025369401358938205 -0.030624087458690049 0.05857223177342448
leaf_weight=53.407061637495644 0.35716715501621621 39.720755203277804 2.9315201048739246 5.0268235527910274 22.895387476775795 2.2853308934718362 3.2934636967256687 50.371783362701535 3.7131778520997605 518.08594362926669 2.6552232429385176 2.7395134628750375 18.886301757767797 11.434305881150069 1.9187140362337212 7.1741117991041392 2.7602774768602103 0.54584434698335815 6.8825257178395987 1.8985083275474588 2.5520324511453509 1.7583647158462552 3.1852742922492325 4.0488792210817328 9.2741948338225466 0.37951336055994023 6.9830850916914633 4.2224830565974107 3.0059594726189971 1.4735403303056953
leaf_count=32987 65 29796 149 834 3923 514 711 13487 865 58533 46 293 150 359 88 975 441 170 257 116 201 166 210 36 2483 19 675 55 459 31
internal_value=0.00047086 -0.00309233 -0.00609224 -0.0156691 0.00191978 -0.0223804 -0.00684399 -0.0296652 0.00946286 -0.00416357 -0.00447297 -0.00476754 -0.00504464 0.00932936 -0.00585625 0.0228665 0.0420753 0.0673144 0.0258469 -0.00642116 0.0151277 0.0317032 0.00927622 -0.0328142 -0.0351383 -0.0312787 -0.00683142 -0.00648232 0.0272202 0.00405182
internal_weight=795.867 742.46 702.739 116.605 32.4017 84.2037 27.4978 56.706 17.8664 586.134 583.202 580.547 577.808 30.3206 547.487 13.7737 6.59959 3.83931 8.80124 538.686 9.39418 7.49567 4.94364 54.4207 9.63136 4.09269 529.292 522.308 9.50632 4.4795
internal_count=149094 116107 86311 25013 5247 19766 5729 14037 3181 61298 61149 61103 60810 509 60301 2297 1322 881 345 59956 693 577 376 13523 2548 884 59263 58588 1324 490
is_linear=0
shrinkage=0.05


Tree=123
num_leaves=31
num_cat=0
split_feature=22 9 7 0 5 10 17 10 10 10 10 10 17 5 10 17 17 10 10 10 8 10 17 8 10 10 0 0 0 10
split_gain=51.2202 42.9181 6.95146 4.97483 3.59341 3.99476 3.41764 4.27054 4.05846 3.41729 5.35772 3.34251 2.68283 2.63914 2.57104 2.60168 5.15772 2.52347 3.89385 7.75777 5.93718 4.63029 3.95805 4.12453 3.58023 3.35992 4.82211 2.46566 2.5175 3.46743
threshold=1.0000000180025095e-35 2.5000000000000004 1.0000000180025095e-35 35.500000000000007 0.086785347483738465 4.3024500000000012 0.31643132220795894 3.7544500000000007 3.8441500000000004 3.9900500000000005 3.9793500000000006 3.9524000000000004 0.1082709215239336 0.27005577005577014 3.9233500000000006 0.19098277608915909 0.098746324098436783 4.0981500000000013 4.0151500000000011 4.0181500000000012 2.5000000000000004 4.0467500000000012 0.093933823529411778 2.5000000000000004 4.0391500000000011 4.1614500000000012 27.500000000000004 24.500000000000004 27.500000000000004 4.0123500000000005
decision_type=2 2 2 2 2 2 2 2 2 2 2 2 2 2 2 2 2 2 2 2 2 2 2 2 2 2 2 2 2 2
left_child=-1 2 3 4 5 6 17 -8 -9 10 11 14 -6 -14 -5 16 -16 18 -2 22 21 -21 -20 -24 -22 -19 -27 -4 29 -29
right_child=1 -3 27 9 12 -7 7 8 -10 -11 -12 -13 13 -15 15 -17 -18 25 19 20 24 -23 23 -25 -26 26 -28 28 -30 -31
leaf_value=0.049100055242107407 -0.013686381928967496 0.04876676064926596 -0.022407968101527273 0.0060654425823142523 0.021524399773577636 0.057880726323674581 -0.017271318784769403 0.10636661871848019 -0.018022490820420622 -0.0040156052832040308 0.079224590616047863 -0.022871573415543887 -0.0093682021245688266 0.037224786590302671 0.065105323482312877 0.080863902183736416 -0.029185836198643768 -0.038329333924171725 -0.01769033906016312 -0.03562578516289034 0.053282544709091363 0.0010541085029647495 0.13249201656299228 -0.014151839452427357 0.0020950586658841216 0.069345670122181929 -0.01586490809545869 0.0070067886542515877 0.002710995184644324 0.057752808292089411
leaf_weight=50.662955002393574 290.2887688043993 37.861679623136297 7.8417303361929944 15.836828051134953 12.624522086232899 1.0635413713753212 2.0073227186221625 1.0999055956490336 0.58572156238369633 72.734966900199652 2.0264138588681808 5.6927430159412316 29.594450258649889 2.3874808698892585 1.5706071392633014 1.8056329637765882 2.4195815441198647 20.358344215434045 0.54110793955624048 13.870302897645159 4.9955835668370119 20.285267259227112 1.1852310425601897 0.38652424095198501 8.1399660641327483 0.86758558684959908 14.511281420011072 10.934003609232603 153.2630147584714 4.0922749657183877
leaf_count=32871 60801 29819 981 522 215 65 395 113 91 3052 92 247 667 11 65 32 102 3200 98 2727 428 3785 211 42 631 76 1759 1164 4580 303
internal_value=0.000963728 -0.00238972 -0.00521018 -0.00808104 -0.0104581 -0.0120301 -0.012378 0.0304373 0.0725273 0.00181552 0.0159215 0.00859584 0.00291062 -0.00486681 0.0175213 0.0433253 0.0135379 -0.0128789 -0.0114847 0.00146656 -0.00349382 -0.014431 0.0779479 0.104949 0.0239544 -0.0254572 -0.00711747 0.00337487 0.00470153 0.0235683
internal_weight=791.535 740.872 703.011 526.88 424.793 380.186 379.123 3.69295 1.68563 102.087 29.3518 27.3254 44.6065 31.9819 21.6326 5.79582 3.99019 375.43 339.693 49.404 47.2911 34.1556 2.11286 1.57176 13.1355 35.7372 15.3789 176.131 168.289 15.0263
internal_count=149145 116274 86455 79427 75315 74422 74357 599 204 4112 1060 968 893 678 721 199 167 73758 68723 7922 7571 6512 351 253 1059 5035 1835 7028 6047 1467
is_linear=0
shrinkage=0.05


Tree=124
num_leaves=31
num_cat=0
split_feature=22 2 7 5 20 8 21 8 0 0 10 10 17 21 20 17 10 10 0 0 10 17 0 0 10 10 17 0 17 17
split_gain=48.7958 40.6417 6.0747 4.5109 4.03035 4.94179 4.8118 4.42617 3.67319 3.48303 2.87094 5.23356 5.52114 3.15216 4.96697 3.32249 3.03345 4.48219 5.4586 3.86943 3.39945 2.84551 2.6432 4.27094 3.64783 2.62551 2.55516 2.51432 2.43586 2.81092
threshold=1.0000000180025095e-35 1.0000000180025095e-35 1.0000000180025095e-35 0.14637945444875011 2.5000000000000004 3.5000000000000004 1.0000000180025095e-35 1.5000000000000002 24.500000000000004 21.500000000000004 3.8544000000000005 3.8275000000000001 0.082272360999194202 1.0000000180025095e-35 3.5000000000000004 0.12208672086720869 4.1614500000000012 4.0733500000000005 37.500000000000007 30.500000000000004 4.0535500000000004 0.26598639455782319 25.500000000000004 28.500000000000004 3.7544500000000007 3.6573500000000005 0.20722186076772939 42.500000000000007 0.23368794326241138 0.21244358478401035
decision_type=2 2 2 2 2 2 2 2 2 2 2 2 2 2 2 2 2 2 2 2 2 2 2 2 2 2 2 2 2 2
left_child=-1 2 3 4 6 7 -2 -6 -4 -9 11 13 -13 14 22 -16 17 18 26 -18 27 -5 24 25 -11 -24 -12 -20 29 -10
right_child=1 -3 8 21 5 -7 -8 9 28 10 16 12 -14 -15 15 -17 19 -19 20 -21 -22 -23 23 -25 -26 -27 -28 -29 -30 -31
leaf_value=0.04905236358917571 -0.0042181812204808459 0.048703551569077262 -0.028612827208793257 0.024671795229076282 0.041796289825165311 0.030276806756039987 0.044590721026542809 -0.03467616225284232 0.0044121560230712632 -0.039754681031578649 -0.013927630661361776 0.066363150387343264 0.00033371544779056835 0.016577596730082047 0.054606592563544477 -0.016036995373117844 0.030818430651953801 -0.035469840808473728 0.01823515438331216 -0.011020630819270551 0.069089450369843833 -0.016779028482825149 0.043128844751741058 -0.027360465488112096 -0.0043418588487136546 -0.0011188686966449365 -0.034972276602531445 -0.03926986428367174 0.029245064936978954 -0.033168662761925205
leaf_weight=48.394162439741194 189.38998969970271 36.113534756237641 7.6997263233643016 15.807428178377451 2.6951436931267372 5.8070497862063339 4.1908893627114585 17.842857618816197 153.3460106246639 20.254792132414881 109.52176862349734 3.8760216210503122 9.0556680571753514 9.1259681330993754 3.3258165381848803 2.1113316817209125 6.5094455685466555 30.108044049004093 6.3162545566447061 19.923982795793563 1.706595924682915 4.7106782291084519 3.2690986320376423 13.58041684492491 11.462917539058251 15.393743257503955 16.443445543060079 1.5746224587783215 8.5678955609910172 4.1492470861412576
leaf_count=32943 22781 29860 968 159 145 100 20 4815 5629 6266 21295 707 1827 144 171 117 519 4525 478 1717 81 71 655 2525 3087 3816 3322 60 275 120
internal_value=0.000947565 -0.00228703 -0.00499202 -0.0076749 -0.00861908 -0.012147 -0.00293777 -0.0130537 0.00309617 -0.0136808 -0.0122424 -0.00487918 0.0234676 -0.00978385 -0.0134367 0.0289448 -0.0157045 -0.0182002 -0.014133 3.0395e-05 0.0206941 0.0148177 -0.0174295 -0.0070134 -0.0274802 0.00843107 -0.0169286 0.00363383 0.00472886 0.00321906
internal_weight=782.275 733.88 697.767 524.004 503.486 309.905 193.581 304.098 173.763 301.403 283.56 91.4558 12.9317 78.5241 69.3981 5.43715 192.104 165.671 135.563 26.4334 9.59747 20.5181 63.961 32.2433 31.7177 18.6628 125.965 7.89088 166.063 157.495
internal_count=149198 116255 86395 79403 79173 56372 22801 56272 6992 56127 51312 19315 2534 16781 16637 288 31997 29761 25236 2236 619 230 16349 6996 9353 4471 24617 538 6024 5749
is_linear=0
shrinkage=0.05


Tree=125
num_leaves=31
num_cat=0
split_feature=22 2 0 10 8 17 17 10 10 20 20 8 8 8 10 17 10 0 17 10 4 10 0 4 0 8 0 10 10 20
split_gain=48.0371 39.7905 6.22222 3.88458 3.2608 2.85234 4.84935 6.09454 8.18826 5.07477 4.29888 6.48663 6.19549 4.08951 3.70687 3.50661 3.30359 5.27264 5.03326 2.97369 2.96567 2.93905 2.59463 2.57861 2.67345 2.54301 2.51931 2.37861 5.16973 3.88586
threshold=1.0000000180025095e-35 1.0000000180025095e-35 29.500000000000004 4.3024500000000012 1.5000000000000002 0.093933823529411778 0.09699820788530468 3.9524000000000004 4.1949500000000013 4.5000000000000009 2.5000000000000004 3.5000000000000004 3.5000000000000004 2.5000000000000004 4.2646500000000005 0.087595907928388769 4.0981500000000013 40.500000000000007 0.24357284113381678 4.0695500000000004 1.5000000000000002 3.9641000000000006 36.500000000000007 1.0000000180025095e-35 20.500000000000004 2.5000000000000004 42.500000000000007 3.9654500000000001 3.9277500000000005 2.5000000000000004
decision_type=2 2 2 2 2 2 2 2 2 2 2 2 2 2 2 2 2 2 2 2 2 2 2 2 2 2 2 2 2 2
left_child=-1 2 3 4 -2 13 7 -7 25 10 11 16 -12 14 -4 27 19 18 20 21 -18 -8 -21 -6 -25 -9 -23 28 -15 -29
right_child=1 -3 5 -5 23 6 9 8 -10 -11 12 -13 -14 15 -16 -17 17 -19 -20 22 -22 26 -24 24 -26 -27 -28 29 -30 -31
leaf_value=0.048996765183160436 0.036998794949295047 0.048631214088599488 -0.018633178218683565 0.064320105919852585 -0.014096077844871643 -0.020340996939686069 0.022858808945871827 0.081858064025529254 -0.031293918614552468 0.067682537687547104 -0.0091721386614132452 -0.033769464257782135 0.050501398825204838 0.0060072821357451314 0.028582426233625443 -0.032713302733876376 -0.030761605177967107 0.01577152236684488 0.044563830239119653 0.061469106973705424 0.013545206486216611 -0.0061802547904595169 0.011525373184363821 -0.040779292225072317 6.202056006166941e-05 0.012085019721897306 0.030859556259659516 -0.013132137563991932 0.078097296571041822 0.035729352417456409
leaf_weight=45.964698779862374 2.5104588172398499 34.28401749394834 63.069122157758102 0.7270247582346191 250.76480454369448 4.0265109632164231 26.072455585002899 6.313193289563058 2.0387067864648989 1.705954698845743 132.53648794954643 8.7484044721350056 3.5118435085751107 7.9474929738789815 3.5705122244544318 4.1468677031807593 20.091830047313131 23.545011876150966 2.1495783859863868 5.1935740727931243 3.9965975172817698 25.750406095292423 5.4657426718622446 3.2975245523266485 59.215098626445979 2.0633305497467518 4.5418326798826447 13.442998453974726 2.7500985511578619 4.6654364438727489
leaf_count=32895 193 29760 5668 10 57912 535 1140 644 82 54 13432 293 64 428 105 221 788 399 22 214 26 974 67 239 1753 133 27 729 132 106
internal_value=-1.69986e-05 -0.00317399 -0.00580002 -0.0109584 -0.0113342 -0.00145569 0.00115306 0.0283859 0.0473553 -0.000442324 -0.00114262 0.00550671 -0.00727452 -0.00867031 -0.0157182 0.00562563 0.00871003 -0.00105683 -0.0161826 0.0158734 -0.0231636 0.0108872 0.0390446 -0.011838 -0.00270049 0.0677932 0.000181968 0.0120572 0.029632 0.000667503
internal_weight=774.108 728.143 693.859 316.515 315.788 377.344 277.751 14.4417 10.4152 263.31 261.604 125.555 136.048 99.5925 66.6396 32.9529 116.807 49.783 26.238 67.024 24.0884 56.3647 10.6593 313.277 62.5126 8.37652 30.2922 28.806 10.6976 18.1084
internal_count=149045 116150 86390 60107 60097 26283 18894 1394 859 17500 17446 3950 13496 7389 5773 1616 3657 1235 836 2422 814 2141 281 59904 1992 777 1001 1395 560 835
is_linear=0
shrinkage=0.05


Tree=126
num_leaves=31
num_cat=0
split_feature=22 2 0 21 20 20 17 0 10 10 10 17 10 17 17 17 20 7 8 10 17 10 17 17 7 8 4 10 10 17
split_gain=43.1981 35.6785 5.56231 4.67684 6.31275 5.37642 3.68819 3.72475 5.33384 2.84041 5.6333 4.03216 3.27111 2.79461 3.12622 2.74347 2.71774 3.90486 2.49413 2.35871 2.27954 2.87484 2.31945 2.34465 3.13616 2.23802 2.22246 2.18472 2.81408 2.13835
threshold=1.0000000180025095e-35 1.0000000180025095e-35 22.500000000000004 1.0000000180025095e-35 3.5000000000000004 3.5000000000000004 0.29217479674796754 29.500000000000004 4.1614500000000012 3.7833500000000004 3.8441500000000004 0.30151515151515157 3.6370000000000005 0.21244358478401035 0.19478319783197837 0.16552511415525115 2.5000000000000004 1.0000000180025095e-35 2.5000000000000004 3.6069500000000008 0.050641025641025648 3.6757000000000004 0.18942218080149117 0.17883795309168446 2.5000000000000004 1.5000000000000002 1.0000000180025095e-35 3.8936000000000006 4.0603500000000006 0.06472559698366151
decision_type=2 2 2 2 2 2 2 2 2 2 2 2 2 2 2 2 2 2 2 2 2 2 2 2 2 2 2 2 2 2
left_child=-1 2 25 4 6 27 7 8 -4 12 -11 -12 19 14 20 -10 17 -15 -18 -8 -9 -22 23 -23 26 -2 -25 -5 -29 -6
right_child=1 -3 3 5 29 -7 9 13 15 10 11 -13 -14 16 -16 -17 18 -19 -20 -21 21 22 -24 24 -26 -27 -28 28 -30 -31
leaf_value=0.048939709527194772 0.030516841848108007 0.048559483582023902 -0.01178471728386027 0.046027583192880368 -0.0063654229120400519 -0.01260993381333479 -0.019180521103745005 -0.014335041429903586 0.050714637821277699 0.098885814449094001 0.05285399098520404 -0.019121151861130125 -0.038767626272828509 -0.015790953224665991 0.017487887109593449 -0.0094246753168458451 -0.036905928696784766 0.033003213891366907 0.025150446821997036 0.074298668399716147 0.052302683323981781 -0.00085874495294976743 -0.021552474134565621 0.016671517714691848 -0.04322518021505356 -0.019839596475046725 0.074853255577801953 -0.0074761274633861272 0.036884625378014145 0.041413256003010872
leaf_weight=43.697154512628913 1.4263270297087718 32.63739834248554 207.87715129251592 9.5583428922109324 2.7267693718895307 11.022506207693366 0.61404956039041125 31.511786794057116 4.3568320157937697 1.6627977262251077 2.2122100011911243 4.0485090187285095 2.6278140502981842 13.841380057390781 21.504783210577443 2.5133738992735744 13.549225087976081 4.6699026599526396 1.1216049138456572 0.56851592659950256 1.5721196676604439 239.23126384383067 11.828325395938007 9.4919891962781495 0.80763607076369304 61.454551245318726 1.2849293956533081 7.0418163854628784 5.7284580720588565 9.1815856478642655
leaf_count=32859 98 29742 43620 49 129 385 127 3505 362 184 141 247 383 312 1437 106 1660 60 18 55 125 16513 985 784 25 14256 15 71 59 372
internal_value=0.00124735 -0.00172056 -0.00418336 -0.00273592 -0.00377639 0.0152084 -0.00454279 -0.00513415 -0.0103037 0.0221061 0.0377158 0.0100878 -0.0114464 -0.00194573 -0.000480564 0.0303115 -0.0155294 -0.00242088 -0.0308595 0.0392109 -0.00184173 -0.000303278 -0.000815353 0.000244302 0.0212814 -0.0182375 0.0293754 0.0288928 0.0136566 0.0308273
internal_weight=761.371 717.674 685.037 622.156 588.805 33.3511 576.896 565.162 214.747 11.7339 7.92352 6.26072 3.81038 350.415 317.233 6.87021 33.1821 18.5113 14.6708 1.18257 295.728 264.216 262.644 250.816 11.5846 62.8809 10.7769 22.3286 12.7703 11.9084
internal_count=148684 115825 86083 71729 71165 564 70664 69527 44088 1137 572 388 565 25439 23389 468 2050 372 1678 182 21952 18447 18322 17337 824 14354 799 179 130 501
is_linear=0
shrinkage=0.05


Tree=127
num_leaves=31
num_cat=0
split_feature=22 2 8 7 20 5 10 17 0 17 17 5 10 17 0 10 10 10 8 10 10 0 0 21 10 10 10 10 10 10
split_gain=43.0738 35.5448 4.74387 4.26992 6.24195 6.02976 5.94589 5.01727 2.9002 3.47992 7.28961 4.37245 2.78928 3.01917 3.61524 4.68046 4.93963 4.18379 2.78748 3.05992 2.91066 4.21017 5.65225 2.76616 2.6288 2.59813 2.53654 4.45438 3.54852 3.53659
threshold=1.0000000180025095e-35 1.0000000180025095e-35 1.5000000000000002 1.0000000180025095e-35 2.5000000000000004 0.13025804171085192 4.1852500000000008 0.26138716356107666 21.500000000000004 0.11726508785332317 0.1082709215239336 0.030418690724034237 4.2928500000000005 0.17595459236326114 24.500000000000004 3.7952500000000007 3.7544500000000007 3.6370000000000005 3.5000000000000004 3.8382000000000005 3.9929500000000004 30.500000000000004 43.500000000000007 1.0000000180025095e-35 4.2046500000000009 4.1949500000000013 3.9233500000000006 3.9379500000000003 3.9501500000000003 3.8667500000000001
decision_type=2 2 2 2 2 2 2 2 2 2 2 2 2 2 2 2 2 2 2 2 2 2 2 2 2 2 2 2 2 2
left_child=-1 2 -2 4 12 6 8 -7 -6 10 11 -10 13 23 -15 16 17 -16 19 -17 26 -22 -23 24 -4 -8 29 -28 -29 -21
right_child=1 -3 3 -5 5 7 25 -9 9 -11 -12 -13 -14 14 15 18 -18 -19 -20 20 21 22 -24 -25 -26 -27 27 28 -30 -31
leaf_value=0.04888487334814829 0.044221668343356446 0.048493680053144757 -0.0053448141191922306 0.0012446833424575449 -0.036074150187589984 0.030452536940301114 0.052864884399925809 -0.030383578572264692 -0.0151817861805515 -0.019574873618298804 0.027378759196858771 0.023260199662557584 0.033079946489263164 -0.02176701325664078 0.06676462573540419 -0.036774722036041957 0.10714274447673139 -0.021581967817858413 -0.039848892942376354 0.043391553860325116 0.035173329541665729 -0.026819641561033697 0.036220552648218385 0.036784126602731247 -0.036262442821395062 0.004080897148574205 0.098457916065324502 -0.032746087524392953 0.038504133896962361 -0.020417549683218045
leaf_weight=41.709902013302781 3.8306040870957068 31.257694972970057 127.02168354112655 171.97286500828341 16.128271324792877 13.026105164550247 2.2634643539786365 3.5882999906316391 93.394682442536578 145.12439562263899 12.151945703895761 7.1443674694746724 4.8667355608195058 7.9167553286533794 1.1517135431058698 2.2974074459634712 1.5625270798336712 2.6866771224886179 2.0237622819840899 2.6231500278227022 5.80338385421783 12.864332790020855 3.8355143200606099 2.7138900011777869 6.3233721400611094 17.986941321287304 1.93812513630837 1.5473255887627599 5.3844638583250344 4.4634433328174055
leaf_count=32908 225 29894 18860 6952 4832 177 247 81 17696 29690 1926 312 68 1381 107 206 133 337 85 198 266 358 23 11 220 1330 71 114 212 303
internal_value=0.000106427 -0.00280382 -0.00521669 -0.00555981 -0.00786201 -0.0122642 -0.0139292 0.0163344 -0.0158644 -0.0144656 -0.00777156 -0.0122479 -0.000890618 -0.00191779 0.00775445 0.0129491 0.0529063 0.0132467 0.00681142 0.0100271 0.013684 0.00181278 -0.0111126 -0.00593324 -0.00706997 0.0117648 0.0293315 0.0457648 0.0204763 0.00564688
internal_weight=756.604 714.894 683.636 679.806 507.833 310.808 294.194 16.6144 273.944 257.815 112.691 100.539 197.024 192.158 56.0986 48.1818 5.40092 3.83839 42.7809 40.7571 38.4597 22.5032 16.6998 136.059 133.345 20.2504 15.9565 8.86991 6.93179 7.08659
internal_count=149223 116315 86421 86196 79244 56291 56033 258 54456 49624 19934 18008 22953 22885 3794 2413 577 444 1836 1751 1545 647 381 19091 19080 1577 898 397 326 501
is_linear=0
shrinkage=0.05


Tree=128
num_leaves=31
num_cat=0
split_feature=22 2 0 17 17 20 20 8 8 17 17 0 17 8 0 21 17 0 0 5 5 17 8 4 7 7 7 17 8 17
split_gain=41.1797 33.7563 5.18526 4.46113 5.52721 4.32599 4.14851 7.30821 4.87574 3.23822 5.9747 2.98508 3.91275 3.96146 3.72711 2.94276 2.76341 2.87319 3.19665 2.66519 3.68211 2.64473 2.92218 4.56718 2.42612 2.30748 2.20076 2.25868 2.11988 2.00387
threshold=1.0000000180025095e-35 1.0000000180025095e-35 29.500000000000004 0.093933823529411778 0.09699820788530468 4.5000000000000009 2.5000000000000004 3.5000000000000004 3.5000000000000004 0.12034482758620692 0.10741758241758244 20.500000000000004 0.052289815447710192 2.5000000000000004 27.500000000000004 1.0000000180025095e-35 0.19399641577060936 41.500000000000007 34.500000000000007 0.036867142371729535 0.037210107303565255 0.087595907928388769 2.5000000000000004 1.0000000180025095e-35 1.5000000000000002 1.0000000180025095e-35 1.0000000180025095e-35 0.21244358478401035 1.5000000000000002 0.16552511415525115
decision_type=2 2 2 2 2 2 2 2 2 2 2 2 2 2 2 2 2 2 2 2 2 2 2 2 2 2 2 2 2 2
left_child=-1 2 11 21 -5 6 7 16 9 10 -8 28 13 14 25 -11 17 18 -6 -14 -21 22 23 -4 -12 -13 27 -18 -2 -20
right_child=1 -3 3 4 5 -7 8 -9 -10 15 24 12 19 -15 -16 -17 26 -19 29 20 -22 -23 -24 -25 -26 -27 -28 -29 -30 -31
leaf_value=0.048823796665493635 0.02549837677479222 0.048411137906306051 -0.018733150332258083 0.031237993433782897 0.01158132517991365 0.06240794918425549 -0.014273198663370713 -0.03826074572808439 0.045967004644604723 -0.014499703645998913 0.038834945763505921 0.029527585161594511 -0.013041343099109391 -0.031169750911524269 -0.035504444796043977 0.021062010875173301 0.030413709250870405 0.018690560452755915 -0.019151331617113531 0.047178164942667238 -0.0039755560097816658 -0.030296907160931166 0.0061851982450358998 0.022677347606196503 -0.0095598106662621325 -0.022055702275676922 0.042983599419748234 2.444498004253716e-05 -0.033124955149126445 0.0070839323586735798
leaf_weight=39.681755596364383 0.96048260899260895 29.666909678315278 49.197418784722686 14.325462224427609 25.634983537252992 1.7763896998949338 16.142023616936061 7.619419425725936 3.3211097810417405 94.546857818029821 11.146678062621502 18.793149436824034 210.28513812110759 4.0948343686759463 2.0609176589641711 5.3315102281048885 9.7404497209936398 24.272209161426872 23.579294765368104 2.7824949566274872 49.299898442346603 13.311968100490047 27.935983302537352 6.8134491341188541 2.8546991720795623 1.7077417275868345 8.1252114875242096 14.199835932813583 17.686147850705311 9.7220168802887184
leaf_count=32870 65 29782 4813 1372 1826 53 1547 285 60 10952 804 2449 49042 1009 296 75 281 354 566 76 1497 1113 1369 69 37 264 143 322 5463 158
internal_value=-9.54293e-05 -0.00290646 -0.00522242 -0.00122369 0.0020645 0.000330369 -0.000340928 0.00625962 -0.00642553 -0.0081044 0.00610704 -0.0100065 -0.00868796 0.00930127 0.0176577 -0.0124114 0.00950609 0.00458443 -0.00143993 -0.0105441 -0.000405387 -0.0103584 -0.00687716 -0.0133864 0.0289884 0.0244047 0.0217527 0.0131125 -0.0289611 -0.011509
internal_weight=746.616 706.935 677.268 369.597 272.338 258.013 256.236 122.893 133.343 130.022 30.1434 307.671 289.024 26.6566 22.5618 99.8784 115.274 83.2085 58.9363 262.368 52.0824 97.2588 83.9469 56.0109 14.0014 20.5009 32.0655 23.9403 18.6466 33.3013
internal_count=149012 116142 86360 26199 18835 17463 17410 3935 13475 13415 2388 60161 54633 4018 3009 11027 3650 2904 2550 50615 1573 7364 6251 4882 841 2713 746 603 5528 724
is_linear=0
shrinkage=0.05


Tree=129
num_leaves=31
num_cat=0
split_feature=22 2 19 8 0 21 20 20 17 20 17 12 10 4 5 10 0 5 10 10 0 7 10 10 10 0 10 10 10 17
split_gain=37.3721 30.6064 3.85609 3.36117 3.65436 3.76957 6.36049 3.59794 2.9066 6.64924 4.503 3.92073 5.10469 4.60309 4.33189 4.50413 3.85265 3.43061 3.31434 3.26839 6.5064 3.58723 3.92463 2.78576 5.72119 3.46615 2.83204 3.58415 4.00054 2.62167
threshold=1.0000000180025095e-35 1.0000000180025095e-35 1.0000000180025095e-35 1.5000000000000002 22.500000000000004 1.0000000180025095e-35 3.5000000000000004 3.5000000000000004 0.093933823529411778 2.5000000000000004 0.12034482758620692 2.5000000000000004 4.1416500000000012 1.0000000180025095e-35 0.10726270373921382 3.9876500000000004 40.500000000000007 0.14793771043771045 3.9302500000000005 4.0981500000000013 39.500000000000007 1.5000000000000002 4.0939500000000004 3.8693500000000003 3.8441500000000004 27.500000000000004 4.0779000000000005 4.2090500000000004 4.1852500000000008 0.20638945233265724
decision_type=2 2 2 2 2 2 2 2 2 2 2 2 2 2 2 2 2 2 2 2 2 2 2 2 2 2 2 2 2 2
left_child=-1 2 3 -2 -5 6 8 -7 -6 11 16 13 -13 19 15 -15 23 -16 -19 21 -21 22 29 24 -11 -26 -25 28 -28 -10
right_child=1 -3 -4 4 5 7 -8 -9 9 10 -12 12 -14 14 17 -17 -18 18 -20 20 -22 -23 -24 26 25 -27 27 -29 -30 -31
leaf_value=0.048763856818258018 0.040734045977731892 0.04833935030608421 0.045286019536615055 -0.016145566622236828 -0.010580930397366989 0.024264165014288252 0.030718765090934193 -0.0098464512683027628 -0.0016734074411158058 -0.0019516689814884484 -0.012137238605158293 -0.050833682915821014 0.019656575548788746 0.07625712765584132 -0.026678270371857656 0.019496656856775752 0.040383283299104809 -0.02413762714067326 0.046262347380618414 -0.030238546638750342 0.008693318335140152 0.040312726795072348 0.070785224744065608 -0.015839328352135723 -0.017637822789933089 0.093646282171385667 0.0068281401588575381 -0.027139066710939616 0.070608823088439007 0.018723027743930327
leaf_weight=37.867266549321357 3.1728185517713419 28.408541585202329 2.9897013478912404 58.62391914287582 159.96489850338548 22.110766150988638 11.836317178094758 10.938689155038444 63.963495581410825 8.2943782957736385 174.31793906004168 5.7838355363346619 3.4427010957151651 5.0965370228514102 5.0572089729830605 10.603553566150365 5.3603000547736874 1.7310200398787854 4.1246504823211581 18.166363622993231 23.630334490910172 6.9590208660811177 1.2178156706504513 27.992829350288957 0.53977780323475544 2.1560071585699916 11.361932643223556 4.1955854715779415 2.2353407633490852 19.844298524549231
leaf_count=32923 219 29931 56 14261 23322 163 502 379 6720 1625 28834 447 44 82 58 129 80 19 228 988 178 54 51 4495 122 369 1189 243 143 1381
internal_value=0.00103399 -0.00159841 -0.00376625 -0.00405114 -0.00432379 -0.00316485 -0.00411118 0.0130166 -0.00489239 -0.00263102 -0.00803588 0.00490638 -0.0251815 0.00678246 0.0253756 0.0413851 0.00348014 0.000802674 0.0249659 0.0029229 -0.00853906 0.0081669 0.00509786 -0.000642608 0.0208713 0.0726206 -0.00614243 0.00914439 0.0214323 0.00331995
internal_weight=741.988 704.121 675.712 672.722 669.55 610.926 577.876 33.0495 566.04 406.075 236.454 169.621 9.22654 160.394 26.613 15.7001 62.1362 10.9129 5.85567 133.781 41.7967 91.9846 85.0256 56.7759 10.9902 2.69578 45.7857 17.7929 13.5973 83.8078
internal_count=149235 116312 86381 86325 86106 71845 71303 542 70801 47479 37100 10379 491 9888 516 211 8266 305 247 9372 1166 8206 8152 8186 2116 491 6070 1575 1332 8101
is_linear=0
shrinkage=0.05


Tree=130
num_leaves=31
num_cat=0
split_feature=22 2 0 17 10 21 10 10 17 20 10 0 20 10 0 17 7 0 17 17 20 20 10 4 4 0 10 10 4 0
split_gain=37.021 30.1162 5.38759 3.7794 3.3338 2.87373 3.37609 6.13775 5.68938 4.71368 3.08088 2.80926 2.4884 2.38797 3.14722 2.37106 2.27354 2.56144 3.8104 3.37414 4.95739 2.73245 6.02708 3.66755 2.65341 2.37211 2.09404 2.05188 1.95668 2.83206
threshold=1.0000000180025095e-35 1.0000000180025095e-35 33.500000000000007 0.037749287749287756 4.3024500000000012 1.0000000180025095e-35 3.7819500000000006 3.7835500000000004 0.14194139194139196 3.5000000000000004 3.8868500000000004 22.500000000000004 2.5000000000000004 3.9397000000000006 26.500000000000004 0.15655637254901963 1.5000000000000002 24.500000000000004 0.24357284113381678 0.24357284113381678 2.5000000000000004 2.5000000000000004 3.9690500000000006 2.5000000000000004 1.0000000180025095e-35 31.500000000000004 3.7949000000000006 3.6757000000000004 2.5000000000000004 24.500000000000004
decision_type=2 2 2 2 2 2 2 2 2 2 2 2 2 2 2 2 2 2 2 2 2 2 2 2 2 2 2 2 2 2
left_child=-1 2 4 -4 5 6 9 8 12 28 11 -7 -8 -12 -15 -11 17 18 21 -19 -21 22 24 -23 26 -18 -9 -5 29 -2
right_child=1 -3 3 27 -6 10 7 16 -10 15 13 -13 -14 14 -16 -17 25 19 -20 20 -22 23 -24 -25 -26 -27 -28 -29 -30 -31
leaf_value=0.048696732175320646 -0.028464161323751066 0.048248338802542513 -0.033246470613371902 0.049414639189229753 0.041856122854120471 -0.0085305456268788635 0.042628993723716729 0.060622616554280584 0.097875063527088246 0.042085735321699694 -0.048782152753790053 0.033387599260138234 -0.032936941257263812 0.033002751239834129 -0.01827435776103524 -0.024965867065390869 0.036510459875970271 -0.012363166332970639 -0.040916695839666027 0.039116270494017613 -0.012913264211815288 -0.011456147395487965 0.092877939773381171 0.028769722422626254 -0.028355427560360687 -0.0094878398972040763 0.0045492658830158985 0.0018234239514462666 0.003478307452231575 -0.010738737663400749
leaf_weight=36.007500837440602 56.91891921707429 26.944432211224921 6.726283621042966 1.2889557783491898 2.3401485159993163 5.4188004368916216 0.79132969677448217 1.5583455848973224 1.6853598426096139 4.0328529253602019 2.2647858727723351 11.265693687833844 1.7978375458624212 3.6343202302232367 7.4461430814117193 1.0414783833548424 4.8932058555074018 210.89881386375055 3.5167320873588315 7.2287116786465058 9.5171811312902719 20.975850469665605 1.727944588754325 6.6363791283220044 2.6610623504966497 4.7179371556267142 5.2980175884440541 236.95335409743711 8.3585807150229794 39.89406907511875
leaf_count=32877 18683 29791 282 25 65 104 178 334 306 225 62 188 443 66 129 71 139 37446 408 291 1730 5320 136 96 88 95 1285 9228 132 8959
internal_value=-3.97219e-05 -0.00261834 -0.00472815 0.00117953 -0.008116 -0.00848948 -0.00962585 -0.00670152 0.0468365 -0.0170287 0.0062553 0.0200609 -0.00439925 -0.0111999 -0.000116098 0.0264793 -0.0076839 -0.00855013 0.00268426 -0.0106439 0.010485 0.00755785 0.0272184 -0.00112057 0.00760015 0.0151645 0.023388 0.00228638 -0.0193575 -0.0213444
internal_weight=734.441 698.434 671.489 244.969 426.521 424.18 394.151 283.905 4.27453 110.246 30.0297 16.6845 2.58917 13.3452 11.0805 5.07433 279.63 270.019 42.3743 227.645 16.7459 38.8576 11.2454 27.6122 9.51743 9.61114 6.85636 238.242 105.172 96.813
internal_count=149182 116305 86514 9535 76979 76914 76365 48295 927 28070 549 292 621 257 195 296 47368 47134 7667 39467 2021 7259 1843 5416 1707 234 1619 9253 27774 27642
is_linear=0
shrinkage=0.05


Tree=131
num_leaves=31
num_cat=0
split_feature=22 2 1 10 10 17 10 10 1 17 20 5 10 10 10 10 17 10 19 5 17 8 1 10 20 10 10 17 5 20
split_gain=34.7678 28.2486 4.24416 5.86421 4.09878 2.67702 4.54142 3.63432 4.56684 2.74146 4.0839 4.03939 2.89586 4.75927 4.17388 3.90667 3.76177 3.72185 2.60405 2.5632 2.34128 2.75292 3.04751 2.75627 2.59736 2.08332 2.79489 2.04674 3.23789 3.03792
threshold=1.0000000180025095e-35 1.0000000180025095e-35 21.500000000000004 4.1614500000000012 4.1753500000000008 0.052289815447710192 3.4034000000000004 3.5767500000000005 15.500000000000002 0.17595459236326114 2.5000000000000004 0.18433827286663262 3.8731500000000003 3.7963000000000005 3.8250000000000006 4.1025500000000008 0.17974358974358975 3.8490500000000005 1.0000000180025095e-35 0.039886363636363643 0.050641025641025648 3.5000000000000004 28.500000000000004 4.2275500000000008 4.5000000000000009 4.3024500000000012 4.2090500000000004 0.082272360999194202 0.086785347483738465 4.5000000000000009
decision_type=2 2 2 2 2 2 2 2 2 2 2 2 2 2 2 2 2 2 2 2 2 2 2 2 2 2 2 2 2 2
left_child=-1 2 3 5 -5 7 -7 -2 -9 11 -11 27 13 16 -15 -14 -12 -16 20 -19 21 23 -23 -4 -22 26 -6 28 29 -8
right_child=1 -3 18 4 25 6 9 8 -10 10 12 -13 15 14 17 -17 -18 19 -20 -21 24 22 -24 -25 -26 -27 -28 -29 -30 -31
leaf_value=0.048629852892837555 -0.020508851347733129 0.048165806402794616 -0.023347647321656301 0.10045969592967735 0.024260890482500311 0.04597319686222371 -0.014248522784815988 0.035591074604593459 -0.007661505404370399 0.012922235386929944 0.048234057838642444 0.035232249277449827 -0.032227004472909063 0.076070152263815194 -0.035690507330764447 0.024944125340532586 -0.020241370409886092 0.0040359771956280672 0.041744452514014568 0.082163829603615332 -0.00020670059157437207 0.061326461979402995 -0.014782447007000932 0.028502066480214944 0.044760554743740938 0.059746847901704828 -0.035865090659697556 -0.020562106870499711 0.029962690921736507 0.044095737261543339
leaf_weight=34.319428792805411 9.8647142981644702 25.73846917017363 26.737723159603778 0.78185415687039395 3.5381042473018169 2.4361583217978469 58.654737152857706 11.339676911477001 11.498606322798876 23.273115317337215 1.2733477761503369 2.9380776584148398 20.28675099415705 2.1082436435390246 2.4594397286418825 2.7210804594214997 19.423195080133155 3.0826502775307749 2.5914778448641291 0.68518221098929633 327.7654292518273 1.4976857616566115 2.137540977448225 1.9814627375453699 2.2429899321869007 0.79240632615983475 2.3683529999107122 114.80059472750872 3.9698824472725383 1.3644190318882454
leaf_count=32882 2811 29863 3313 28 274 554 12949 1403 1732 2896 249 17 3618 451 519 263 4669 804 31 28 22572 97 48 79 61 11 161 26522 58 64
internal_value=0.000242776 -0.00222954 -0.00425063 -0.00864952 0.0324722 -0.00980953 -0.0115041 0.00357836 0.0144064 -0.0122249 -0.00413236 -0.0155377 -0.0118593 -0.00119295 0.0286984 -0.0247082 -0.0139995 0.00435425 -0.000624976 0.0324966 -0.00104204 -0.0136665 0.0230396 -0.0189316 0.000233233 0.0125191 -0.00155041 -0.0165634 -0.0091834 -0.0122213
internal_weight=724.673 690.353 664.615 299.661 7.48072 292.18 259.477 32.703 22.8383 257.041 75.313 181.728 52.0399 29.0321 8.33552 23.0078 20.6965 6.22727 364.954 3.76783 362.363 32.3544 3.63523 28.7192 330.008 6.69886 5.90646 178.79 63.989 60.0192
internal_count=149027 116145 86282 60081 474 59607 53661 5946 3135 53107 13497 39610 10601 6720 1802 3881 4918 1351 26201 832 26170 3537 145 3392 22633 446 435 39593 13071 13013
is_linear=0
shrinkage=0.05


Tree=132
num_leaves=31
num_cat=0
split_feature=22 2 0 17 7 5 10 10 17 10 10 8 4 17 10 10 19 17 8 0 17 0 5 5 10 17 10 17 20 17
split_gain=32.3851 26.2124 4.70253 3.4917 3.50906 3.17207 2.21661 4.6682 3.72961 2.07646 2.9512 2.01934 1.97994 3.37302 2.45078 1.91207 1.84695 1.83445 2.96923 3.84213 2.3281 2.79999 3.97219 2.62732 2.0201 1.82256 5.99649 2.40159 2.11447 4.0935
threshold=1.0000000180025095e-35 1.0000000180025095e-35 22.500000000000004 0.29217479674796754 1.0000000180025095e-35 0.19860537190082647 3.7833500000000004 3.8490500000000005 0.30151515151515157 4.2928500000000005 4.3454500000000005 1.5000000000000002 2.5000000000000004 0.17974358974358975 3.6962500000000005 4.2814000000000005 1.0000000180025095e-35 0.027587519025875192 2.5000000000000004 27.500000000000004 0.040270270270270282 29.500000000000004 0.10726270373921382 0.13025804171085192 3.9409000000000005 0.050641025641025648 4.1716000000000006 0.053101503759398504 2.5000000000000004 0.030536130536130541
decision_type=2 2 2 2 2 2 2 2 2 2 2 2 2 2 2 2 2 2 2 2 2 2 2 2 2 2 2 2 2 2
left_child=-1 2 11 4 5 9 -5 -8 -9 15 -11 -2 14 -14 -13 16 17 18 19 24 -19 23 -23 -22 -4 26 28 -27 -6 -30
right_child=1 -3 3 6 25 -7 7 8 -10 10 -12 12 13 -15 -16 -17 -18 20 -20 -21 21 22 -24 -25 -26 27 -28 -29 29 -31
leaf_value=0.048560482561166726 0.029918008202255153 0.048077512457939696 0.019372158441271527 -0.0056750623856524291 -0.044713300473345791 0.037048947657049573 0.083170405772991174 0.051347669122777544 -0.021339265914933358 0.042107094852075179 -0.016822223963954927 -0.030597440698369761 0.024178745337168638 -0.031477674185919902 -0.0063103214227400997 -0.048695103334064682 0.032437821076593709 -0.043845467741485386 -0.027055243517082536 -0.025193870327578024 -0.012349470003458839 -0.001412512923051194 -0.04969931864119579 0.013333912336428229 0.07305459352635145 0.053349669866900387 0.040743129849989353 0.0041936351070446061 0.051906529616113355 -0.026779468085434688
leaf_weight=32.719981231610291 1.3593614916317154 24.555655048636254 9.7531969968695211 4.1336492714472097 6.8221481121145207 3.4195137331262222 2.4441454818006605 1.8705912984441964 3.6426012855954468 4.2962548285722724 2.8288590926676989 31.414140169974416 5.8488664459437114 3.5221528429538012 16.201853531878442 1.6338160899467755 2.1600543858949086 3.2221293104812494 3.5164368292316786 3.0035400220658621 171.71532358159311 206.33878455776721 3.3509770501404992 9.7686693444848043 1.5867922131437797 1.5368069219402958 3.2412185329012564 151.06830800930038 1.3332030018791554 4.7022504354827106
leaf_count=32910 97 29896 1400 559 650 33 196 126 249 132 75 10523 63 84 3641 74 47 314 739 418 39147 21478 43 135 68 144 83 5449 57 227
internal_value=0.000714078 -0.00162082 -0.0035233 -0.00220683 -0.00276414 -0.00517491 0.0233478 0.0373749 0.00742009 -0.00560265 0.0195197 -0.0169598 -0.0185747 0.00224184 -0.0226333 -0.00607866 -0.00579383 -0.00607215 0.00923818 0.0193192 -0.00678708 -0.00637081 -0.00241639 -0.0109015 0.0321953 0.00332643 -0.0121966 0.00503275 -0.0275191 -0.00449079
internal_weight=723.011 690.291 665.736 607.389 595.298 426.594 12.091 7.95734 5.51319 423.175 7.12511 58.3464 56.987 9.37102 47.616 416.05 414.416 412.256 17.86 14.3435 394.396 391.174 209.69 181.484 11.34 168.704 16.0988 152.605 12.8576 6.03545
internal_count=149057 116147 86251 71843 70713 64103 1130 571 375 64070 207 14408 14311 147 14164 63863 63789 63742 2625 1886 61117 60803 21521 39282 1468 6610 1017 5593 934 284
is_linear=0
shrinkage=0.05


Tree=133
num_leaves=31
num_cat=0
split_feature=22 2 0 7 17 20 21 20 20 8 17 0 17 17 5 17 0 7 7 8 0 20 8 0 17 0 17 17 17 7
split_gain=31.9432 25.6624 4.2038 3.59579 3.22024 3.01192 2.94402 3.29675 3.65277 2.52601 2.6404 2.65187 2.4656 4.82647 2.2698 2.77556 2.4474 2.22966 2.11919 2.05547 1.87876 1.83978 1.83938 4.53791 2.83124 7.91176 2.63466 2.52276 1.94051 1.79598
threshold=1.0000000180025095e-35 1.0000000180025095e-35 32.500000000000007 1.5000000000000002 0.05594679186228483 2.5000000000000004 1.0000000180025095e-35 3.5000000000000004 5.5000000000000009 4.5000000000000009 0.07185886402753873 52.500000000000007 0.095564253098499682 0.086335403726708088 0.14793771043771045 0.31643132220795894 24.500000000000004 1.5000000000000002 1.0000000180025095e-35 1.5000000000000002 38.500000000000007 3.5000000000000004 2.5000000000000004 26.500000000000004 0.06472559698366151 31.500000000000004 0.23368794326241138 0.24357284113381678 0.26598639455782319 1.0000000180025095e-35
decision_type=2 2 2 2 2 2 2 2 2 2 2 2 2 2 2 2 2 2 2 2 2 2 2 2 2 2 2 2 2 2
left_child=-1 2 3 6 5 -4 7 14 -9 10 17 12 13 29 15 19 -17 20 -7 -2 -6 -8 26 -24 25 -25 -21 -26 -28 -12
right_child=1 -3 4 -5 9 18 21 8 -10 -11 11 -13 -14 -15 -16 16 -18 -19 -20 22 -22 -23 23 24 27 -27 28 -29 -30 -31
leaf_value=0.048487797143955534 0.032234755834717903 0.047975568713888916 -0.037278527856896934 0.024416085395024892 -0.0079132333843634044 -0.018791191674492988 0.013779896108047291 0.032803298305844046 -0.024696982566460916 0.051204803845087847 -0.0097484016043734439 0.037023798336292831 0.0019391807996344884 -0.033527150239243901 0.0060014175364487103 -0.024878934573083822 0.045537507689371828 -0.010891025538843004 0.023208699696060334 -0.0089816868545824768 0.043511490914624924 -0.013301555270266722 -0.039548055618138976 -0.010267517295878513 -0.022831924716832607 0.093623560588460608 -0.041538203233022625 0.015812944144934359 -0.0086622549077562047 0.014962189146695202
leaf_weight=31.188149911933579 1.6733985454775382 23.309653693228029 9.512636833358556 7.6119246319867662 1.8768497044220547 5.4315842047799379 22.071049725636843 8.0787025624886137 3.1205378118902436 1.5838528960011888 15.704424299299719 3.8019529774319372 189.52829485898837 14.600168003235011 19.003607301972806 1.042256168322637 2.9503259684424847 3.2337355068884781 4.6361267627216876 237.19851633708458 7.8392373886890709 7.7199358656071118 19.522009642329067 7.4732366479001922 26.856005511246625 1.3638458400964735 10.498650696128609 4.2476796191185704 8.434020556509493 12.142103668302296
leaf_count=32935 154 29772 582 219 95 643 139 408 165 31 1164 304 8090 966 209 283 325 58 126 57070 198 385 5154 1416 3326 161 2292 180 1902 245
internal_value=-0.000188212 -0.0024817 -0.0043371 -0.00765788 0.000458166 -0.0185588 -0.00836046 -0.00964001 0.0160704 0.00201368 0.00149665 0.000245038 -0.000514077 -0.0112606 -0.0105308 -0.0115244 0.0258541 0.0226335 0.000899015 -0.0120745 0.0337664 0.00655802 -0.0124105 -0.0203484 -0.0102273 0.0136537 -0.0104957 -0.0172262 -0.0280621 0.00117148
internal_weight=713.254 682.066 658.757 388.866 269.891 19.5803 381.254 351.463 11.1992 250.311 248.727 235.777 231.975 42.4467 340.264 321.26 3.99258 12.9498 10.0677 317.267 9.71609 29.791 315.594 59.4628 39.9408 8.83708 256.131 31.1037 18.9327 27.8465
internal_count=148997 116062 86290 73788 12502 1351 73569 73045 573 11151 11120 10769 10465 2375 72472 72263 608 351 769 71655 293 524 71501 10237 5083 1577 61264 3506 4194 1409
is_linear=0
shrinkage=0.05


Tree=134
num_leaves=31
num_cat=0
split_feature=22 2 8 0 19 4 10 21 20 20 0 10 20 0 10 10 0 0 0 20 20 8 10 8 10 7 0 0 10 10
split_gain=29.2416 23.5461 3.52109 3.91356 2.90916 2.75995 2.41674 2.20429 4.19057 4.10897 2.71525 2.43868 2.47197 2.28821 2.2746 3.91549 2.38668 2.36124 1.94327 1.8891 1.52453 3.6339 3.47731 3.29814 2.87073 5.02847 4.6731 4.07616 3.01143 3.33962
threshold=1.0000000180025095e-35 1.0000000180025095e-35 1.5000000000000002 20.500000000000004 1.0000000180025095e-35 8.5000000000000018 3.3251500000000003 1.0000000180025095e-35 3.5000000000000004 3.5000000000000004 31.500000000000004 3.6069500000000008 5.5000000000000009 25.500000000000004 3.6069500000000008 3.6213500000000005 21.500000000000004 35.500000000000007 26.500000000000004 3.5000000000000004 2.5000000000000004 2.5000000000000004 3.6740000000000004 2.5000000000000004 3.9690500000000006 1.5000000000000002 21.500000000000004 24.500000000000004 4.0005000000000015 3.9793500000000006
decision_type=2 2 2 2 2 2 2 2 2 2 2 2 2 2 2 2 2 2 2 2 2 2 2 2 2 2 2 2 2 2
left_child=-1 2 -2 6 5 7 -4 9 -9 14 11 -11 13 -13 16 18 -5 -18 -16 -8 21 22 -17 -22 25 26 -24 -26 29 -29
right_child=1 -3 3 4 -6 -7 19 8 -10 10 -12 12 -14 -15 15 20 17 -19 -20 -21 23 -23 24 -25 27 -27 -28 28 -30 -31
leaf_value=0.048408936378263996 0.042319407723000559 0.047885151663053148 0.026325873905446169 0.0087391832648668257 0.038944707095798663 0.039989005766024474 -0.036594872988613955 0.019356995783726225 -0.015606411022731121 0.048744163053010242 0.058945704854604923 0.041179465611839855 -0.037206004476844322 -0.013062356336134541 0.076904696417441354 0.043747419493381456 -0.034522122083188188 0.034585713497012678 -0.0073153301212659297 0.032561786704103306 -0.008114050897103724 -0.0066329563351828231 0.042329562893373571 0.01197676385288712 0.071069252141417738 0.04029762061111513 -0.01741090250286784 -0.013748838271023628 0.0028928533884972534 0.058549641194306203
leaf_weight=29.670924372097943 3.2154381321743122 22.303092906135134 1.1748554704245169 4.7210720221046385 3.1288587225135407 2.6860957094468167 14.282462500617836 25.542445855215192 11.774152979720382 1.8375368528068055 2.7686677798628798 2.6928455345332605 2.6616058945655823 3.3561261426657438 1.2212949513923366 4.7261281469836822 14.818342067068439 0.55339889787137586 0.75865013687871385 0.30622247373685318 298.50032730889507 138.84346719435416 2.6512028449214986 21.052597983507439 1.7279356229118992 4.1895335204899302 34.90083316504024 1.8227546266280104 43.212664560414851 4.2900538388639688
leaf_count=32894 224 29887 442 1517 58 301 5028 180 447 108 64 129 145 143 340 889 4279 6 113 31 51873 10268 444 1187 122 57 5958 205 1522 196
internal_value=0.00065878 -0.00150637 -0.00326284 -0.0035529 -0.00291796 -0.0031867 -0.027409 -0.00343441 0.00820593 -0.00418163 0.0223091 0.00842109 -0.00422895 0.013501 -0.00482945 -0.00421158 -0.0209721 -0.0300736 0.0530087 -0.0331476 -0.00451019 -0.00145668 0.00590545 -0.00675721 0.00353226 -0.0061155 -0.0122046 0.0113863 0.00792485 0.0380892
internal_weight=705.392 675.721 653.418 650.202 634.439 631.31 15.7635 628.624 37.3166 591.307 13.3168 10.5481 8.71058 6.04897 577.99 557.897 20.0928 15.3717 1.97995 14.5887 555.917 236.365 97.5211 319.553 92.795 41.7416 37.552 51.0534 49.3255 6.11281
internal_count=149057 116163 86276 86052 80551 80493 5501 80192 627 79565 589 525 417 272 78976 73174 5802 4285 453 5059 72721 19661 9393 53060 8504 6459 6402 2045 1923 401
is_linear=0
shrinkage=0.05


Tree=135
num_leaves=31
num_cat=0
split_feature=22 2 10 17 10 17 17 8 0 5 10 17 0 17 10 10 10 17 5 20 8 10 0 10 10 17 10 10 17 0
split_gain=26.716 21.4404 4.21903 3.72929 6.40726 3.73538 4.23173 3.59373 3.18077 4.56636 3.77143 2.87576 2.84922 3.26139 2.92461 2.22386 2.34513 2.22293 3.73108 2.47658 3.17402 3.43808 2.74596 2.60904 2.14176 2.10289 2.38023 2.48928 2.04063 1.99398
threshold=1.0000000180025095e-35 1.0000000180025095e-35 4.1556500000000005 0.12208672086720869 4.1949500000000013 0.11726508785332317 0.10557275541795667 1.5000000000000002 39.500000000000007 0.029520697167755995 4.3249500000000012 0.19478319783197837 22.500000000000004 0.29217479674796754 4.1232500000000014 4.3249500000000012 4.2275500000000008 0.19859154929577469 0.18956442831215972 2.5000000000000004 2.5000000000000004 3.5112000000000001 21.500000000000004 3.3251500000000003 3.4034000000000004 0.20638945233265724 4.197350000000001 4.2275500000000008 0.1082709215239336 48.500000000000007
decision_type=2 2 2 2 2 2 2 2 2 2 2 2 2 2 2 2 2 2 2 2 2 2 2 2 2 2 2 2 2 2
left_child=-1 2 7 4 5 6 -4 -2 9 15 -10 29 17 14 24 16 28 18 19 20 21 23 -23 -9 -14 -13 -27 -28 -6 -5
right_child=1 -3 3 11 8 -7 -8 12 10 -11 -12 25 13 -15 -16 -17 -18 -19 -20 -21 -22 22 -24 -25 -26 26 27 -29 -30 -31
leaf_value=0.048329154931372659 0.04229329247064359 0.04778421621336848 0.043203366726789288 -0.01208891054838976 -0.010457632251557717 0.10571320636448794 -0.016490274184474539 0.028729592001512594 -0.027252184324141129 -0.024251771800765584 0.027500522867149144 0.041511045529022524 0.055857315007122856 0.021915041255430204 -0.017882361980404198 -0.024898112505973305 0.054604374180648285 -0.036908770460119492 0.038793992773499937 -0.024154090381514108 -0.03874042672345912 0.040776065400783747 -0.0078575841914295102 -0.039995764381848813 -0.0027355594625832185 -0.030695273111554795 0.046287039681147835 -0.012088087050770135 0.046857999981192895 0.023233248375448583
leaf_weight=28.272928220045287 3.2004206124693146 21.270973802369554 12.083055534632878 36.743284650146961 3.8888099920004642 1.1851160540245462 3.2566114207729688 1.1085864917840869 10.908387595787643 4.1243035309016696 3.3776391746941945 4.5903807049617162 0.56693582632578809 11.866871695267035 32.414760980056599 0.91636466979980546 6.9626020737923682 8.6327750531490874 2.6812373474240294 24.354368474683724 3.3210513077210626 7.1621312259230745 4.0682598429266363 3.883715609787032 449.08714277902618 2.6920167275238764 2.8064085212536156 2.8808706905692816 1.3250022060237823 3.5392887345515183
leaf_count=32909 222 29898 607 1655 292 52 128 396 143 37 155 129 114 1117 2073 39 379 1856 15 6687 1261 1773 921 1426 64319 156 59 101 80 173
internal_value=0.00156601 -0.0004616 -0.00210226 0.00723225 0.0171845 0.041429 0.0302968 -0.00382383 0.00358375 0.0176002 -0.0133548 -0.0018949 -0.00416899 -0.00294841 -0.00360456 0.0315693 0.0373859 -0.0148418 -0.0100622 -0.0138439 -0.000445545 0.00918824 0.0239563 -0.022487 -0.0025379 0.0177535 0.0017003 0.0193315 0.00930501 -0.00849784
internal_weight=703.172 674.899 653.628 101.28 48.0279 16.5248 15.3397 552.348 31.5031 17.2171 14.286 53.2523 549.148 493.936 482.069 13.0928 12.1764 55.2121 46.5794 43.8981 19.5437 16.2227 11.2304 4.9923 449.654 12.9697 8.3793 5.68728 5.21381 40.2826
internal_count=149172 116263 86365 4185 1912 787 735 82180 1125 827 298 2273 81958 67623 66506 790 751 14335 12479 12464 5777 4516 2694 1822 64433 445 316 160 372 1828
is_linear=0
shrinkage=0.05


Tree=136
num_leaves=31
num_cat=0
split_feature=22 2 10 12 4 0 17 17 17 5 5 0 10 5 17 7 17 10 10 10 5 5 10 5 4 10 10 17 17 0
split_gain=27.6023 22.0962 4.02856 3.05565 2.77246 2.36599 2.49086 1.97511 2.62856 1.90389 2.17562 1.8206 1.72675 1.72584 2.43893 2.21457 3.77398 3.09946 4.72441 2.59119 2.47791 2.97421 3.1111 2.41099 3.1554 2.17592 3.4546 5.85187 9.14631 3.12011
threshold=1.0000000180025095e-35 1.0000000180025095e-35 3.6069500000000008 1.0000000180025095e-35 8.5000000000000018 25.500000000000004 0.26598639455782319 0.29217479674796754 0.26726190476190481 0.13025804171085192 0.10268392044092979 18.500000000000004 3.3251500000000003 0.12945408379179013 0.1082709215239336 1.0000000180025095e-35 0.23368794326241138 4.3024500000000012 4.3360500000000011 4.3024500000000012 0.10268392044092979 0.086785347483738465 3.8817500000000007 0.071175278622087154 1.0000000180025095e-35 3.8730000000000007 3.8441500000000004 0.057983193277310933 0.093933823529411778 30.500000000000004
decision_type=2 2 2 2 2 2 2 2 2 2 2 2 2 2 2 2 2 2 2 2 2 2 2 2 2 2 2 2 2 2
left_child=-1 2 5 -4 7 11 -7 8 13 10 -9 12 -2 15 -15 17 19 20 -19 23 21 25 -23 24 -17 26 -5 -28 -29 -27
right_child=1 -3 3 4 -6 6 -8 9 -10 -11 -12 -13 -14 14 -16 16 -18 18 -20 -21 -22 22 -24 -25 -26 29 27 28 -30 -31
leaf_value=0.048246003105588943 0.048374405068238126 0.047676915360873387 0.041244225541553457 -0.00523857661045033 0.039909552954024131 -0.006842237260192491 0.068304521515790903 0.012268455530855635 -0.030416572138304981 -0.016541143553654627 0.070722256036475348 -0.030047835933933925 -0.014594122429775909 0.033677996045090718 -0.0023850920629349646 -5.860359939722966e-05 0.040931727915007474 0.067066974997659817 -0.010742005252780337 -0.027138186096036646 -0.033251590527885171 -0.01684306694561484 0.049480698718113864 -0.032630236015747181 0.027700206862683999 -0.016367596997753191 0.073692468220962551 -0.045649031450275747 0.024828232524061827 -0.0049580631315449073
leaf_weight=26.942160285194404 0.69247359759174587 20.268070148595143 2.8536066755186758 110.44355212838855 2.6720203165896228 4.5036338423378757 0.40204656310379494 8.3864717721007747 8.3772999038919789 2.849563834257423 1.1740260710939754 26.085918091004714 2.1867685419274494 6.3529469836503294 12.606299504637716 134.18417467921972 4.6438356931321314 2.6185718849301329 3.7292779190465808 7.7426690692082039 7.6725720390677443 2.1688249767757943 3.7851264458149672 4.188566814409568 10.08266012277454 97.944946402451023 2.6812594986986396 5.4462003998924073 15.162015962647272 155.36382264387794
leaf_count=32898 234 29884 195 25716 296 665 45 1037 921 59 20 8459 687 58 199 5918 189 82 93 100 211 133 75 46 94 21480 541 1164 2826 14715
internal_value=-0.000442272 -0.0024774 -0.00411969 -0.00317386 -0.00344869 -0.0206591 0.0098395 -0.00370463 -0.00412598 0.0153044 0.0254637 -0.0259805 0.00911629 -0.00369955 0.010781 -0.00420112 0.000763197 -0.00615995 0.0261144 -0.000683817 -0.00673502 -0.00613425 0.0263733 0.000868256 0.00205876 -0.00670099 -0.00152533 0.0155743 0.00495235 -0.00941671
internal_weight=694.211 667.269 647.001 613.13 610.277 33.8708 4.90568 607.605 595.195 12.4101 9.5605 28.9652 2.87924 586.817 18.9592 567.858 160.842 407.016 6.34785 156.198 400.668 392.996 5.95395 148.455 144.267 387.042 133.733 23.2895 20.6082 253.309
internal_count=149040 116142 86258 76168 75973 10090 710 75677 74561 1116 1057 9380 921 73640 257 73383 6347 67036 175 6158 66861 66650 208 6058 6012 66442 30247 4531 3990 36195
is_linear=0
shrinkage=0.05


Tree=137
num_leaves=31
num_cat=0
split_feature=22 2 0 20 17 20 8 0 17 0 4 4 0 20 5 21 20 0 0 8 17 0 17 20 0 20 5 7 17 5
split_gain=25.6867 20.5289 3.48762 2.43174 2.16566 2.60114 2.00349 2.29825 2.4338 2.69106 3.40551 2.84008 1.91678 1.91291 1.72309 1.70244 2.0607 2.96166 1.84682 3.87477 3.02977 3.22533 2.98262 3.02425 3.58496 3.25589 4.73832 4.61348 3.21374 2.83728
threshold=1.0000000180025095e-35 1.0000000180025095e-35 32.500000000000007 4.5000000000000009 0.037749287749287756 2.5000000000000004 1.5000000000000002 20.500000000000004 0.045983086680761107 23.500000000000004 1.0000000180025095e-35 1.0000000180025095e-35 18.500000000000004 3.5000000000000004 0.26680790960451983 1.0000000180025095e-35 3.5000000000000004 30.500000000000004 26.500000000000004 2.5000000000000004 0.24357284113381678 28.500000000000004 0.24357284113381678 3.5000000000000004 25.500000000000004 2.5000000000000004 0.13025804171085192 1.0000000180025095e-35 0.06472559698366151 0.041522988505747128
decision_type=2 2 2 2 2 2 2 2 2 2 2 2 2 2 2 2 2 2 2 2 2 2 2 2 2 2 2 2 2 2
left_child=-1 2 6 4 5 -4 -2 12 9 10 -9 -11 -8 -14 15 18 -17 -18 19 22 -20 -22 23 25 -25 27 28 29 -27 -10
right_child=1 -3 3 -5 -6 -7 7 8 14 11 -12 -13 13 -15 -16 16 17 -19 20 -21 21 -23 -24 24 -26 26 -28 -29 -30 -31
leaf_value=0.048155533637080791 0.034185573844661248 0.047564943333457982 -0.045509705297270393 0.050243047572498457 0.0011665084004553136 0.014524894499060867 0.0093620544857097865 0.0080276700887376221 0.026182653584683881 0.0021231895165092127 0.064816223393520236 -0.055720073771510142 -0.037980103814252791 0.032092904414087485 0.027425614845551335 0.018069805500573185 -0.028976591702998929 0.03497406046631945 -0.0071473836110672014 -0.034929496607171089 0.046662723937219895 -0.0014054371270613381 -0.031664475298696496 0.051800478099648085 -0.028581190418094805 0.018203219559707665 0.021306478334235161 -0.043702295978001855 -0.021484817347664803 -0.016000129059769597
leaf_weight=25.621749457728583 2.0173620267305514 19.312346555991098 4.2835131641477338 1.4710412132553745 260.14412835566327 2.1469449531286955 2.7416131630307055 10.357940480345862 15.612957118311902 15.015960795339199 2.7182377185672513 1.4592830920591939 11.651716363267038 0.31363796908408481 2.5832162573933592 12.571147672832014 5.9797134301625183 1.5171382045373318 164.93635249254294 16.761003080988303 4.5451484753284594 9.2638845588080567 12.534380758064797 3.442711158655583 1.2601697901263831 4.8234739138279101 7.7199117019772521 2.7778974941465995 59.107570016989484 4.4986520241945973
leaf_count=32819 209 29864 201 33 12199 113 898 1949 4183 2629 58 44 4550 32 13 66 340 38 29851 4332 514 1018 2466 186 63 1304 111 372 18317 119
internal_value=-3.42332e-06 -0.0019326 -0.00348776 0.00086988 0.00041067 -0.0262086 -0.0065866 -0.00689695 -0.00605949 0.00750058 0.0235987 -0.00589557 -0.0256781 -0.0338097 -0.00729302 -0.00764968 0.00621864 -0.0134419 -0.00857263 -0.0131321 -0.00523899 0.0164985 -0.00958289 -0.00650595 0.0290268 -0.00855883 -0.013759 0.00761378 -0.0182562 0.0164361
internal_weight=689.191 663.569 644.257 268.046 266.575 6.43046 376.211 374.194 359.487 29.5514 13.0762 16.4752 14.707 11.9654 329.935 327.352 20.068 7.49685 307.284 128.539 178.745 13.809 111.778 99.2433 4.70288 94.5405 71.651 22.8895 63.931 20.1116
internal_count=148891 116072 86208 12546 12513 314 73662 73453 67973 4680 2007 2673 5480 4582 63293 63280 444 378 62836 31453 31383 1532 27121 24655 249 24406 19732 4674 19621 4302
is_linear=0
shrinkage=0.05


Tree=138
num_leaves=31
num_cat=0
split_feature=22 9 8 1 19 5 17 17 7 10 10 20 8 1 10 10 10 17 1 10 10 1 5 10 17 5 10 10 1 5
split_gain=25.5073 20.3177 3.29545 3.80757 3.00291 2.84382 4.73442 2.85935 2.64414 3.52033 3.51672 2.74273 4.83807 5.77521 4.59038 3.96349 7.38119 4.19355 3.94664 4.14364 3.85188 3.30252 3.15958 3.08306 3.03403 3.45157 3.63427 2.92344 2.88082 4.83966
threshold=1.0000000180025095e-35 2.5000000000000004 1.5000000000000002 12.500000000000002 1.0000000180025095e-35 0.18738957597173148 0.26975051975051983 0.2965856481481482 1.0000000180025095e-35 4.3024500000000012 4.3360500000000011 2.5000000000000004 2.5000000000000004 17.500000000000004 3.9139500000000003 4.1614500000000012 4.0658000000000003 0.23145604395604399 18.500000000000004 4.1949500000000013 3.5365000000000006 22.500000000000004 0.046927432885906048 4.2046500000000009 0.082272360999194202 0.065828868578632224 3.9277500000000005 3.7381500000000005 18.500000000000004 0.086785347483738465
decision_type=2 2 2 2 2 2 2 2 2 2 2 2 2 2 2 2 2 2 2 2 2 2 2 2 2 2 2 2 2 2
left_child=-1 2 -2 -4 5 7 -7 8 9 11 -11 12 13 14 22 16 17 28 -14 -20 -19 23 -5 -17 27 26 -26 -15 29 -13
right_child=1 -3 3 4 -6 6 -8 -9 -10 10 -12 15 18 24 -16 21 -18 20 19 -21 -22 -23 -24 -25 25 -27 -28 -29 -30 -31
leaf_value=0.048066961234797832 0.041089188755186384 0.047451202345352744 -0.029250011101042847 0.021858424442737345 0.038727154137743108 0.040247685556076648 -0.029501610704754613 0.020385913603834967 0.00013193567000241492 0.060349716522667601 -0.0069625565739350791 -0.019101001081421959 -0.031078821429716266 0.016381952851245506 0.065074605531393964 0.067738215018131182 -0.034703985503128143 0.040414800125875706 -0.001307125115123525 -0.034746325408049603 -0.042682889732464008 -0.0030723076244523776 -0.028013906986495703 0.00079101267339931223 -0.012411783025898574 -0.043128515239903464 0.03056111052014375 -0.044663728687571597 -0.0022924816084640906 0.017207358686670584
leaf_weight=24.444250967644621 2.9589624120853832 18.424954480607994 14.471786666777914 18.549351832363762 3.0743644807953379 7.3279028094839287 2.6040589804761112 10.085878601996226 164.475762182381 2.8376567661762229 3.5537690282799304 71.271085127606057 15.89807886816561 2.0751376848202217 4.9008553461171678 2.8002553139813271 32.693573505384848 0.76729149464517732 88.386770653771237 9.3611275106668455 12.663625855697317 17.869173095561564 2.9023380605503908 3.1848902502097189 7.9094483694061699 2.2952789012342683 10.384068540763108 6.4163056132383645 114.8883145947475 9.7226485889404994
leaf_count=32864 226 29876 5467 4849 54 312 25 1086 6593 81 98 19887 4555 414 358 275 5279 114 5727 266 3204 1629 87 237 1273 29 989 1241 21792 250
internal_value=-0.00106689 -0.00294312 -0.00445079 -0.00472368 -0.00411376 -0.00438566 0.0209343 -0.00482725 -0.00527992 -0.00729255 0.0270443 -0.00785801 -0.00285565 0.00914961 0.0256647 -0.0110167 -0.0129325 -0.00938312 -0.00874015 -0.00482897 -0.035464 0.00815797 0.0141637 0.0373268 -0.00617202 0.00441003 0.0123009 -0.0295912 -0.0074238 -0.0145858
internal_weight=689.199 664.755 646.33 643.371 628.899 625.825 9.93196 615.893 605.807 441.331 6.39143 434.94 169.079 55.4328 26.3525 265.861 242.007 209.313 113.646 97.7479 13.4309 23.8543 21.4517 5.98515 29.0802 20.5888 18.2935 8.49144 195.882 80.9937
internal_count=149137 116273 86397 86171 80704 80650 337 80313 79227 72634 179 72455 19788 9240 5294 52667 50526 45247 10548 5993 3318 2141 4936 512 3946 2291 2262 1655 41929 20137
is_linear=0
shrinkage=0.05


Tree=139
num_leaves=31
num_cat=0
split_feature=22 2 10 10 17 8 19 4 0 10 17 5 10 21 10 10 0 10 17 17 17 17 5 5 17 17 10 0 7 0
split_gain=22.6286 17.867 3.35305 3.73966 4.99462 2.52995 2.2783 2.10415 1.63777 1.6131 2.65047 2.83744 2.24006 1.92381 1.88581 4.42883 5.17318 4.35826 4.64463 5.63691 4.0721 6.24533 6.5939 4.36208 3.42363 3.89626 3.69243 3.39437 2.99162 3.34431
threshold=1.0000000180025095e-35 1.0000000180025095e-35 3.6069500000000008 3.6213500000000005 0.12208672086720869 1.5000000000000002 1.0000000180025095e-35 8.5000000000000018 26.500000000000004 3.6962500000000005 0.07185886402753873 0.044859969813852089 3.6428000000000007 1.0000000180025095e-35 3.8667500000000001 3.9227000000000003 41.500000000000007 3.8441500000000004 0.31643132220795894 0.34698996655518399 0.057983193277310933 0.093933823529411778 0.13025804171085192 0.041522988505747128 0.23368794326241138 0.20881782945736438 3.8036000000000008 32.500000000000007 1.5000000000000002 24.500000000000004
decision_type=2 2 2 2 2 2 2 2 2 2 2 2 2 2 2 2 2 2 2 2 2 2 2 2 2 2 2 2 2 2
left_child=-1 2 -2 4 -4 -5 7 9 -6 10 11 12 -7 -12 17 16 28 18 24 -20 27 22 -22 -23 25 -11 -27 -19 29 -16
right_child=1 -3 3 5 8 6 -8 -9 -10 14 13 -13 -14 -15 15 -17 -18 20 19 -21 21 23 -24 -25 -26 26 -28 -29 -30 -31
leaf_value=0.047980634875639409 -0.017914295942119157 0.047327740738803137 -0.022306525543831758 0.040014961438292966 0.1207927666496238 0.028488765004493651 0.035025911684342666 0.037366255261865343 0.010193043963799371 -0.0032971370764122766 -0.027292686164070448 0.050862321422551995 -0.019461355535351707 0.022622843886061533 0.0027744606175868353 -0.001600843616630629 0.055299661399637594 0.090159150593365295 0.097997220073890084 -0.015997965304984235 -0.045901845538184355 0.037407876806689944 0.057101386962220307 -0.033969078570703325 -0.032786547569023571 0.05680011008008972 -0.026808827631313675 -0.016425398756417103 0.031907255177270492 -0.028321138635040061
leaf_weight=23.391883047996089 32.26653050375171 17.544345037487801 1.0359971493016922 2.582189430249854 0.65414820006117202 2.4457107950001937 3.0995196683797976 2.3141434090211979 0.67213539849035442 86.506369038019329 20.104690214851875 1.7440417981706549 7.4860017253085971 1.3785329023376096 10.665916016558183 381.46254189126194 1.4609853634610761 2.2501970906741948 1.5039971452206367 1.4870401599910108 5.9104491923935738 15.061497397255154 1.0904948636889455 1.676323509775101 8.0727964737452549 4.1251456788741043 1.1105168105568735 0.61586937448009837 1.8501579761505116 41.159287787275389
leaf_count=32982 10073 29828 261 189 150 474 56 306 46 17175 5893 36 1501 35 1923 33904 20 422 130 85 1223 2650 8 68 1518 783 215 56 29 7076
internal_value=0.000688137 -0.00105982 -0.00245413 -0.00160772 0.0509884 -0.00189585 -0.00214064 -0.00238998 0.0932188 -0.00260553 -0.0131623 0.00572615 -0.00612759 -0.023226 -0.00196495 -0.00353489 -0.0166488 0.0033181 -0.00140513 0.0515147 0.0209592 0.0126151 -0.0247261 0.0287473 -0.00348617 -0.000582175 0.0376108 0.0689315 -0.0195827 -0.0219901
internal_weight=682.729 659.338 641.793 609.527 2.36228 607.164 604.582 601.483 1.32628 599.169 33.159 11.6758 9.93171 21.4832 566.01 436.599 55.1363 129.411 102.806 2.99104 26.6048 23.7388 7.00094 16.7378 99.8148 91.742 5.23566 2.86607 53.6754 51.8252
internal_count=149115 116133 86305 76232 457 75775 75586 75530 196 75224 7939 2011 1975 5928 67285 42952 9048 24333 19906 215 4427 3949 1231 2718 19691 18173 998 478 9028 8999
is_linear=0
shrinkage=0.05


Tree=140
num_leaves=31
num_cat=0
split_feature=22 2 8 1 4 19 20 20 8 17 17 8 21 21 17 7 10 1 1 1 10 10 20 10 10 17 10 7 17 1
split_gain=22.1112 17.373 3.04038 2.82907 2.22069 1.75201 1.5316 1.51177 5.15819 4.76192 4.5775 4.62729 4.1642 3.61685 3.18197 3.07122 3.1673 2.91139 2.95326 2.63836 2.33378 4.04101 4.44844 2.94486 4.17338 3.28674 4.72796 2.91415 2.89109 2.48294
threshold=1.0000000180025095e-35 1.0000000180025095e-35 1.5000000000000002 12.500000000000002 8.5000000000000018 1.0000000180025095e-35 3.5000000000000004 2.5000000000000004 3.5000000000000004 0.20483682983682985 0.12208672086720869 3.5000000000000004 1.0000000180025095e-35 1.0000000180025095e-35 0.13667496886674971 1.5000000000000002 4.0939500000000004 13.500000000000002 41.500000000000007 13.500000000000002 3.8544000000000005 4.0467500000000012 4.5000000000000009 3.8275000000000001 3.8313500000000005 0.12933094384707292 3.8424500000000004 1.0000000180025095e-35 0.19859154929577469 28.500000000000004
decision_type=2 2 2 2 2 2 2 2 2 2 2 2 2 2 2 2 2 2 2 2 2 2 2 2 2 2 2 2 2 2
left_child=-1 2 -2 6 5 7 -4 10 9 19 12 15 17 -11 -13 -12 -17 -5 -19 -9 23 -22 28 27 -25 26 -26 29 -23 -21
right_child=1 -3 3 4 -6 -7 -8 8 -10 13 11 14 -14 -15 -16 16 -18 18 -20 20 21 22 -24 24 25 -27 -28 -29 -30 -31
leaf_value=0.047884510910854987 0.040866293247912473 0.047198695959006491 -0.028120215441713631 0.02503673112862493 0.038030418215882891 0.03078988571947 0.032396064839871584 -0.030305755145557663 0.031897116218624219 -0.024683523748183323 0.0051076839479829014 0.022685696773083436 0.04183361357928346 0.023031833861318348 -0.048620130442829423 0.05011573354170859 0.0073907640978354786 -0.012346779317568243 0.033626523814708646 -0.0054201235926883886 -0.011989083692252218 -0.0016791418550435801 0.081983462375603819 0.093753570396975752 -0.012106399997800162 -0.019430018943750113 0.062392527621747879 0.031400172225531917 0.037164517532889206 0.048485323557774795
leaf_weight=22.315228946739808 2.9291697822045526 16.704682046663947 13.725214546429921 5.0076661102939388 2.3248318419791749 2.828211376676335 0.3088626544922598 8.1635563527233881 8.157041813246904 44.068648714921437 110.0215538982302 1.4379246500320721 3.1775386556982985 3.5780804650858036 5.1118031598161906 7.3461363017559078 9.8960182354785484 105.65669380896725 2.6712882458232334 57.296884036390111 117.35083174449392 104.22208340209909 0.68408435769379039 0.96155125182121892 3.2171638649888319 4.1928282515145838 4.0234021376818419 5.6500671482644966 4.0187665333505711 1.2219133637845505
leaf_count=32989 229 29777 5419 1162 309 52 32 2018 180 8115 8145 89 14 64 249 49 91 12885 29 13580 20953 9327 20 199 586 822 679 554 362 52
internal_value=3.43794e-05 -0.00166387 -0.00301245 -0.00327825 -0.00275575 -0.00296969 -0.0247221 -0.00317397 -0.0052139 -0.00614429 -0.000175967 0.00611226 -0.00738845 -0.0207005 -0.0320344 0.00830996 0.0273434 -0.00912228 -0.0109159 -0.00385503 -0.00304461 -0.00559239 0.0013455 0.00446008 0.0257839 0.0129869 0.0318386 8.7024e-06 9.00509e-05 -0.00349883
internal_weight=678.27 655.954 639.25 636.321 622.287 619.962 14.0341 617.134 366.807 358.65 250.327 133.813 116.513 47.6467 6.54973 127.264 17.2422 113.336 108.328 311.003 302.84 226.276 108.925 76.5638 12.3949 11.4334 7.24057 64.1689 108.241 58.5188
internal_count=149031 116042 86265 86036 80585 80276 5451 80224 57511 57331 22713 8623 14090 8179 338 8285 140 14076 12914 49152 47134 30662 9709 16472 2286 2087 1265 14186 9689 13632
is_linear=0
shrinkage=0.05


Tree=141
num_leaves=31
num_cat=0
split_feature=22 2 5 5 8 10 17 10 17 17 17 8 20 0 17 10 0 7 20 0 10 8 10 17 0 17 17 0 20 17
split_gain=20.7021 16.2481 2.30014 3.08553 2.90536 2.66992 4.47266 2.79663 2.25939 2.40071 2.93599 2.10449 1.88127 3.29046 3.66883 2.88864 1.84706 1.72263 3.57301 3.05118 3.66869 4.97623 3.10441 3.06969 5.53142 2.57376 2.95944 4.87755 2.00028 4.36288
threshold=1.0000000180025095e-35 1.0000000180025095e-35 0.022857889237199586 0.037210107303565255 3.5000000000000004 3.4034000000000004 0.098746324098436783 3.4615500000000003 0.17974358974358975 0.12208672086720869 0.095564253098499682 4.5000000000000009 2.5000000000000004 23.500000000000004 0.082272360999194202 3.6537500000000005 17.500000000000004 1.0000000180025095e-35 2.5000000000000004 21.500000000000004 3.8544000000000005 3.5000000000000004 3.8424500000000004 0.17274535809018571 39.500000000000007 0.043961352657004842 0.048003072196620589 31.500000000000004 4.5000000000000009 0.11726508785332317
decision_type=2 2 2 2 2 2 2 2 2 2 2 2 2 2 2 2 2 2 2 2 2 2 2 2 2 2 2 2 2 2
left_child=-1 2 5 8 12 6 16 -7 9 10 -4 17 15 14 -14 -5 -2 18 -9 -20 22 23 28 25 -25 -22 27 -27 -21 -30
right_child=1 -3 3 4 -6 7 -8 11 -10 -11 -12 -13 13 -15 -16 -17 -18 -19 19 20 21 -23 -24 24 -26 26 -28 -29 29 -31
leaf_value=0.047776510031363878 0.043243173238920185 0.047065486409150405 0.0024942455484055835 -0.029644403624956267 -0.040084236020401044 -0.041556544749597579 0.078332134901888409 0.00020540769931800168 0.051255917118668871 -0.013988890643760644 0.054944856162301048 0.039346458888641182 0.052309684767812441 -0.013409694006274397 -0.00066382582132321153 0.01640554831697633 -0.032713325996977578 0.00051488848674716701 -0.035984346825810899 -0.0043359548473291864 -0.043506597813523652 0.041181559843825141 0.035201525111316877 -0.033141581472882618 0.03583949555550283 -0.025993987825272281 -0.0097379064834127328 0.087642782594664861 0.067864670899079355 -0.028470153490537976
leaf_weight=21.211636073945556 0.15891262656077731 15.913532915001268 6.4085998805239814 2.9234319943934706 3.298688809387385 3.9763936870731404 1.5851108330534769 148.55574097053614 3.9960479848086825 5.3701930362731209 3.6978675834834576 1.8134159729816008 3.5550590958446255 31.20707802567631 11.485568109434096 28.615909026237205 1.9055724130012093 147.29292894387618 9.6510744851548207 64.565670915297233 4.574705029372125 3.2045240737497798 5.0208013923838726 31.453982128761709 2.3780049923807374 1.0997857241891318 105.20126505102962 1.0482512698508797 1.8645145269110792 1.2554342350922523
leaf_count=32924 39 29734 108 135 139 1497 445 20281 63 106 86 49 86 842 546 736 765 6454 4072 17215 633 34 1183 7936 126 295 22041 212 85 74
internal_value=0.000305213 -0.00130732 -0.00258731 0.00432179 -5.66948e-05 -0.00388769 0.0338871 -0.00420934 0.0216663 0.0113792 0.0249046 -0.00385072 0.00212796 -0.00427326 0.0143377 0.0113572 -0.0146634 -0.00407353 -0.00584933 -0.00972192 -0.00842202 -0.012891 0.000784713 -0.0143523 -0.0274033 -0.0101996 -0.0083918 0.0396859 -0.0022436 0.0315991
internal_weight=674.29 653.078 637.165 100.558 81.0857 536.606 3.6496 532.956 19.4727 15.4767 10.1065 528.98 77.787 46.2477 15.0406 31.5393 2.06449 527.167 379.874 231.318 221.667 148.961 72.7064 145.756 33.832 111.924 107.349 2.14804 67.6856 3.11995
internal_count=148941 116017 86283 2847 2484 83436 1249 82187 363 300 194 80690 2345 1474 632 871 804 80641 74187 53906 49834 31277 18557 31243 8062 23181 22548 507 17374 159
is_linear=0
shrinkage=0.05


Tree=142
num_leaves=31
num_cat=0
split_feature=22 2 12 0 10 4 20 19 0 10 17 10 17 10 10 10 17 10 0 10 10 17 10 10 20 10 10 10 0 0
split_gain=19.1021 14.9325 2.6917 2.60759 2.29145 2.15676 2.07272 1.79671 1.5991 2.56703 2.62867 5.5733 2.65826 3.28581 4.47736 2.98615 2.56057 2.41128 2.65821 2.89134 2.78823 5.99144 2.36501 2.00323 2.0635 1.72149 2.327 2.32189 1.61768 2.22954
threshold=1.0000000180025095e-35 1.0000000180025095e-35 1.0000000180025095e-35 20.500000000000004 3.4034000000000004 8.5000000000000018 3.5000000000000004 1.0000000180025095e-35 34.500000000000007 3.8635500000000005 0.1623310810810811 4.2326500000000005 0.21244358478401035 3.9524000000000004 4.1891500000000006 4.0897000000000014 0.1283882783882784 4.0542500000000006 35.500000000000007 4.0061500000000008 3.9793500000000006 0.093933823529411778 4.1852500000000008 4.0658000000000003 2.5000000000000004 4.2326500000000005 4.2391500000000013 4.2143500000000005 41.500000000000007 46.500000000000007
decision_type=2 2 2 2 2 2 2 2 2 2 2 2 2 2 2 2 2 2 2 2 2 2 2 2 2 2 2 2 2 2
left_child=-1 2 -2 4 -4 7 -6 8 25 -10 16 12 15 -14 -15 -12 17 18 -11 20 -20 -22 -17 24 -19 27 -27 -5 -25 -30
right_child=1 -3 3 5 6 -7 -8 -9 9 10 11 -13 13 14 -16 22 -18 23 19 -21 21 -23 -24 28 -26 26 -28 -29 29 -31
leaf_value=0.047678936127578432 0.040294639093979762 0.046937647422080245 0.016545762029683952 -0.0037936341416826649 -0.036912171034851886 0.038403175701009207 0.037164960437816828 0.032175842032428181 0.021457331675415373 -0.042050988819343542 0.038370025079110082 -0.032472584017231937 0.039483154772978278 -0.025929920384781636 0.047279349167972273 -0.0072603139465181547 -0.013815731168608632 -0.00053098658247740843 -0.0049280024889565323 -0.024403700575612607 -0.020546386346379328 0.072765409699816638 0.033153808235604973 0.010397539373442777 0.064292891194312654 0.06268643972735928 0.0042267432133949153 -0.043004804266780189 -0.016259609398047929 0.014284781640510738
leaf_weight=20.300641857902519 2.8042519013397387 15.21797794930171 2.3458801463711998 395.53660139034037 10.634385174838823 2.38487599720247 0.23878500144928771 2.9095353290904304 14.319496992044149 4.4157926379702976 15.982759897597136 5.8972093961201599 2.8100555390119544 10.4327439609915 1.6013530725613225 9.808924966491757 40.446242025587708 2.100199239794164 13.136303173843777 9.7291364884003979 2.3828998231329015 3.0428421562537551 4.5029611447826019 37.298254476627335 1.9009230541996656 1.1363820685073722 9.2373986202292127 2.8232230790890744 16.320403855293993 8.203675718046723
leaf_count=33005 224 29805 907 72833 4543 305 28 51 450 441 515 140 74 347 32 299 1389 41 466 383 83 80 102 1539 85 56 448 179 211 84
internal_value=0.00108715 -0.000439929 -0.00164854 -0.00189817 -0.0230712 -0.00140902 -0.0322922 -0.00162516 -0.00183771 0.00176818 0.000179822 0.009774 0.0158775 -0.00145333 -0.0133082 0.0241446 -0.00338808 0.000988226 -0.00992558 -0.00364689 0.00792397 0.0349645 0.00679001 0.00647856 0.0369642 -0.00364026 0.0155791 -0.00417852 0.00394855 -0.0058827
internal_weight=669.902 649.601 634.383 631.579 13.2191 618.36 10.8732 615.975 613.066 204.332 190.013 51.036 45.1388 14.8442 12.0341 30.2946 138.977 98.5304 32.707 28.2912 18.562 5.42574 14.3119 65.8235 4.00112 408.734 10.3738 398.36 61.8223 24.5241
internal_count=149145 116140 86335 86111 5478 80633 4571 80328 80277 6761 6311 1509 1369 453 379 916 4802 3413 1453 1012 629 163 401 1960 126 73516 504 73012 1834 295
is_linear=0
shrinkage=0.05


Tree=143
num_leaves=31
num_cat=0
split_feature=22 2 21 17 8 8 5 10 0 10 4 0 10 10 17 10 17 17 10 17 0 0 10 0 10 17 8 17 0 5
split_gain=17.8743 14.0384 2.41048 2.60279 3.10661 2.10904 2.00738 1.81242 1.74817 2.22118 1.60508 1.60252 3.90358 1.36886 4.87326 8.33931 3.10809 3.8648 2.2956 3.04603 2.8144 2.21672 3.07769 7.23886 3.50197 3.36169 2.84374 13.6409 5.09202 3.50849
threshold=1.0000000180025095e-35 1.0000000180025095e-35 1.0000000180025095e-35 0.18942218080149117 2.5000000000000004 1.5000000000000002 0.26100803101633901 3.7084000000000006 20.500000000000004 3.4034000000000004 1.0000000180025095e-35 25.500000000000004 3.7949000000000006 4.1556500000000005 0.12208672086720869 4.1949500000000013 0.11726508785332317 0.10557275541795667 4.1158500000000009 0.24357284113381678 38.500000000000007 30.500000000000004 4.0837000000000012 26.500000000000004 3.8730000000000007 0.14971264367816095 2.5000000000000004 0.15331196581196585 23.500000000000004 0.039886363636363643
decision_type=2 2 2 2 2 2 2 2 2 2 2 2 2 2 2 2 2 2 2 2 2 2 2 2 2 2 2 2 2 2
left_child=-1 2 5 4 7 -2 8 -4 9 -7 11 12 -9 18 15 16 17 -15 21 20 -20 22 24 -24 26 -25 -10 -28 -29 -30
right_child=1 -3 3 -5 -6 6 -8 10 13 -11 -12 -13 -14 14 -16 -17 -18 -19 19 -21 -22 -23 23 25 -26 -27 27 28 29 -31
leaf_value=0.04756181865925764 0.0381876334714727 0.046808790319348585 0.021848036786343627 0.039414613677082683 0.043786443505579448 0.018348951533911275 0.031974152995618739 -0.034885951643262927 0.002267054872059446 -0.03017983142935738 0.020161420407491751 -0.022224070912206434 0.034904006382594097 0.045091353111584631 -0.0072307731191267547 -0.00059824893951070926 0.1027674695461893 -0.014404226531117904 -0.0277845801874127 0.031968376503936455 0.0017581058938882577 0.0018842483108608709 0.093274572031013053 -0.038008912386739507 -0.013285794691310276 0.026655414674464223 -0.043692791263954089 -0.032660563657093855 0.061553256234661027 -0.024542689056611194
leaf_weight=19.299231074168347 2.2436600348446509 14.572184554039266 5.7536065927706685 5.6160731902346006 3.4345070868730536 2.2761693116044617 3.2573598711751393 2.4185808431357207 113.63957153295632 9.9786129518179205 3.4882675549015394 13.527753425762056 3.8935532374307513 11.109373204410074 50.659615803509951 29.726016387343407 1.2144061601720739 2.9994719657115629 24.594753310782835 2.3461436212528488 11.60239190654829 192.63510541198775 1.6355581893585611 2.8948146919719875 101.66635798360221 3.1770999673753977 15.347873904509472 1.7211840349482352 6.1404618499800563 0.85771797038614739
leaf_count=32952 191 29912 88 94 76 925 277 48 28710 4538 28 265 78 602 2097 1019 50 122 2679 76 203 15542 82 522 21494 344 4621 510 962 25
internal_value=0.00136526 -8.97785e-05 -0.00124729 0.0107753 0.00480043 -0.00203893 -0.00225645 -0.00110628 -0.00250078 -0.0204619 -0.00743303 -0.0130193 0.00704913 -0.00208237 0.00335095 0.0151491 0.0438631 0.0323267 -0.00317441 -0.0147184 -0.0185225 -0.00213142 -0.0052572 0.0240179 -0.00629581 -0.00518888 -0.00107666 -0.0163255 0.0313858 0.0492519
internal_weight=663.727 644.428 629.856 38.1323 32.5163 591.724 589.48 29.0818 586.223 12.2548 23.3282 19.8399 6.31213 573.968 95.7089 45.0493 15.3233 14.1088 478.259 38.5433 36.1971 439.716 247.081 7.70747 239.373 6.07191 137.707 24.0672 8.71936 6.99818
internal_count=149132 116180 86268 677 583 85591 85400 507 85123 5463 419 391 126 79660 3890 1793 774 724 75770 2958 2882 72812 57270 948 56322 866 34828 6118 1497 987
is_linear=0
shrinkage=0.05


Tree=144
num_leaves=31
num_cat=0
split_feature=22 2 17 10 17 10 10 5 10 10 0 10 17 17 10 7 10 10 10 21 17 10 17 10 5 17 10 10 10 0
split_gain=17.6273 13.8067 2.43269 3.9346 3.47968 6.5149 7.10318 3.32856 3.16224 2.79508 2.74164 6.47315 3.5929 3.30937 3.61185 3.16777 3.25298 3.40621 2.89589 2.81508 2.77028 3.65966 2.86903 3.01453 2.68448 2.64969 3.01587 2.72599 2.46219 2.30735
threshold=1.0000000180025095e-35 1.0000000180025095e-35 0.093933823529411778 3.4034000000000004 0.09699820788530468 3.9524000000000004 4.1949500000000013 0.084561213434452887 3.9900500000000005 4.0151500000000011 24.500000000000004 3.8963500000000004 0.11451990632318503 0.31643132220795894 3.7833500000000004 1.0000000180025095e-35 3.8002500000000006 3.8275000000000001 3.7833500000000004 1.0000000180025095e-35 0.18942218080149117 3.7888500000000005 0.12208672086720869 3.6069500000000008 0.27005577005577014 0.087595907928388769 4.1614500000000012 4.2814000000000005 3.8441500000000004 41.500000000000007
decision_type=2 2 2 2 2 2 2 2 2 2 2 2 2 2 2 2 2 2 2 2 2 2 2 2 2 2 2 2 2 2
left_child=-1 2 7 -4 5 -5 8 25 -7 -10 24 12 28 15 -15 16 20 -18 -17 -19 22 -22 -14 -24 -6 26 -2 -28 -12 -13
right_child=1 -3 3 4 10 6 -8 -9 9 -11 11 29 13 14 -16 18 17 19 -20 -21 21 -23 23 -25 -26 -27 27 -29 -30 -31
leaf_value=0.047444127173420607 -0.0084801363972639553 0.04665842988718133 0.056318030545774347 -0.028795883716945109 -0.014722063696193055 0.11662981367696888 -0.031162638922615605 0.018069793079013595 -0.024509719277759291 0.049422533978985168 0.013919818684158966 -0.0053508894142610987 -0.019411329900932278 -0.014644329448424503 0.081092358550997626 -0.016713622054606421 -0.038165461841035191 -0.0052156131818263691 0.043239258920235141 0.050765384691189921 -0.01925799280525577 0.054479619272912089 -0.027311806614690716 0.039404457266975459 0.037229596644589039 -0.025385475863722137 0.021045134853781969 -0.028873238986480195 0.062897378885956076 0.007066537746188018
leaf_weight=18.382654908054974 149.91597611852922 13.879818685643839 2.083660408621653 3.620701572392135 47.107919294503517 1.3684886484406869 1.9625937812961627 11.861105477437375 0.92568096704781044 5.9608315802179277 6.242712621111421 237.06896466203034 2.4412311883643332 1.0741482593584799 1.9790940764360128 2.0237473226152343 6.7522975357715032 26.995904923649508 7.809420227073133 1.441739173606037 8.7835164433345181 1.0446434647310514 1.2000713888555754 14.186532334191723 1.6824742574244727 19.334500372991897 15.036214227555321 2.3912071916274718 4.484518711687997 43.490498090861365
leaf_count=32907 26872 29853 458 530 12875 146 81 278 96 514 1208 24689 504 148 127 192 1342 5095 414 28 1780 155 261 3086 8 3318 664 71 759 709
internal_value=0.000463069 -0.000949131 -0.0020698 4.02594e-05 -0.000362812 0.0234313 0.0428557 -0.00663541 0.061919 0.0376369 -0.00120901 0.000283831 0.012165 0.00805609 0.0521082 0.00552335 0.00119946 -0.00878504 0.0304966 -0.00074938 0.0137671 -0.00711289 0.0250443 0.0328518 -0.0122188 -0.00829304 -0.00617915 0.0130007 0.0380123 -0.00340776
internal_weight=662.533 644.15 630.27 431.731 429.648 13.8383 10.2176 198.539 8.255 6.88651 415.809 367.019 86.4596 75.7323 3.05324 72.6791 62.8459 35.1899 9.83317 28.4376 27.656 9.82816 17.8278 15.3866 48.7904 186.678 167.343 17.4274 10.7272 280.559
internal_count=149168 116261 86408 55205 54747 1367 837 31203 756 610 53380 40497 15099 13132 275 12857 12251 6465 606 5123 5786 1935 3851 3347 12883 30925 27607 735 1967 25398
is_linear=0
shrinkage=0.05


Tree=145
num_leaves=31
num_cat=0
split_feature=2 12 5 17 7 20 12 0 10 1 10 17 5 1 10 10 17 0 17 10 1 10 1 17 10 5 17 8 10 0
split_gain=16.1319 2.63396 2.42051 5.19133 2.05752 2.79166 5.31179 4.88067 4.98586 4.63904 3.81596 4.14931 3.7007 3.86741 2.60305 2.3191 2.15698 4.35507 2.04127 5.79993 2.00013 2.04776 1.99567 4.00068 2.45806 3.11632 1.98793 2.88317 3.46847 2.50274
threshold=1.0000000180025095e-35 1.0000000180025095e-35 0.18535277358806773 0.26975051975051983 1.0000000180025095e-35 2.5000000000000004 1.5000000000000002 25.500000000000004 3.5580500000000002 18.500000000000004 3.9277500000000005 0.080322580645161304 0.065828868578632224 28.500000000000004 3.9139500000000003 3.7628000000000008 0.24037037037037037 29.500000000000004 0.20638945233265724 3.9677500000000001 13.500000000000002 3.5365000000000006 32.500000000000007 0.14670014347202298 4.1106500000000006 0.061633428300094974 0.11726508785332317 2.5000000000000004 3.7722500000000005 24.500000000000004
decision_type=2 2 2 2 2 2 2 2 2 2 2 2 2 2 2 2 2 2 2 2 2 2 2 2 2 2 2 2 2 2
left_child=1 -1 4 -4 5 6 7 8 -3 -8 15 -12 13 -13 -10 -9 18 -18 22 -20 21 -7 24 -24 -11 -26 27 29 -29 -22
right_child=-2 2 3 -5 -6 20 9 10 14 16 11 12 -14 -15 -16 -17 17 -19 19 -21 26 -23 23 -25 25 -27 -28 28 -30 -31
leaf_value=0.040093618701981054 0.04722667094702012 -0.0086491409872620859 0.040697189055708072 -0.029847331585626902 0.0031921277627130471 0.0094374204914490067 -0.029190672658915937 0.0072708070430825104 0.025583814834087934 -0.00025933675629517073 -0.035094481872475693 0.051244156592883339 -0.027710052320186109 -0.016595355323838823 0.065874816772199363 -0.033868928238783784 0.069144459651504828 -0.00092699199062981977 0.020000158493086465 -0.050272573413713717 0.010920485945769613 -0.034575952708072066 -0.0056979169094867332 0.034809270069447631 -0.036611921096032278 0.026174333076920228 -0.0092069989862116116 -0.028416229214413405 0.033341511553033436 -0.0074141844352575374
leaf_weight=2.8996570584131396 16.913275101833278 8.1867917848867346 8.0067279104259779 2.8390865519759236 167.28891401021974 2.9735529162280718 15.762940606393384 4.6792325874557745 23.111190671566877 48.102491005556658 2.5350318985583717 8.6123512141057272 1.9141281032061659 2.1641219991724929 4.8733239103457882 9.2841597071383131 2.2198089701414556 7.0398968036170118 4.1900893708225322 6.3035873037297279 23.172346420178656 10.266434371180365 13.813167034910295 9.5889627257420198 9.2852952912799065 1.6855885553813994 149.12450800536317 2.0407622790662563 10.104363926162476 80.517634800024098
leaf_count=841 38447 3825 1719 114 9971 1463 5079 975 7007 5281 562 1079 32 68 444 1804 113 149 209 217 6127 4224 180 92 808 34 38014 837 1376 18087
internal_value=0.000425258 -0.000878051 -0.00112606 0.0212701 -0.00154549 -0.00326583 0.00151999 0.0128471 0.024866 -0.00480979 -0.00237717 0.0144991 0.0262455 0.0373683 0.0346309 -0.0205181 -0.000804074 0.0209732 -0.0031732 -0.0229141 -0.00641415 -0.0247225 -0.00041707 0.0116461 -0.00531026 -0.0255847 -0.00540977 -0.000484304 0.021592 -0.00325163
internal_weight=659.499 642.586 639.686 10.8458 628.841 461.552 183.352 65.3603 36.1713 117.992 29.189 15.2256 12.6906 10.7765 27.9845 13.9634 102.229 9.25971 92.9692 10.4937 278.2 13.24 82.4755 23.4021 59.0734 10.9709 264.96 115.835 12.1451 103.69
internal_count=149178 110731 109890 1833 108057 98086 27958 15796 11276 12162 4520 1741 1179 1147 7451 2779 7083 262 6821 426 70128 5687 6395 272 6123 842 64441 26427 2213 24214
is_linear=0
shrinkage=0.05


Tree=146
num_leaves=31
num_cat=0
split_feature=22 2 0 5 5 8 10 20 10 10 17 0 17 20 21 17 17 17 0 10 10 0 10 17 17 10 10 10 10 20
split_gain=16.5118 12.4213 3.84177 3.37379 2.53357 3.54076 2.36302 2.21032 1.9693 3.5857 3.58133 2.72339 9.81488 3.2432 2.55398 2.39414 2.73057 2.19876 2.20828 4.63092 2.81023 2.51032 3.62166 5.39258 4.07381 2.9256 2.36961 5.44477 3.17177 2.5759
threshold=1.0000000180025095e-35 1.0000000180025095e-35 20.500000000000004 0.023952954675846246 0.031373031496062999 3.5000000000000004 3.3251500000000003 3.5000000000000004 4.0151500000000011 4.0214000000000008 0.14760348583878 27.500000000000004 0.13182720953326715 4.5000000000000009 1.0000000180025095e-35 0.06472559698366151 0.077422577422577438 0.17595459236326114 31.500000000000004 3.8635500000000005 4.0061500000000008 28.500000000000004 3.7963000000000005 0.19859154929577469 0.19859154929577469 3.7844500000000005 3.9409000000000005 3.9233500000000006 3.7672500000000002 2.5000000000000004
decision_type=2 2 2 2 2 2 2 2 2 2 2 2 2 2 2 2 2 2 2 2 2 2 2 2 2 2 2 2 2 2
left_child=-1 2 6 8 -5 -6 -2 -8 17 10 -10 12 14 15 -11 -13 -17 -4 19 21 -21 22 23 25 -24 -19 27 28 -20 -28
right_child=1 -3 3 4 5 -7 7 -9 9 11 -12 13 -14 -15 -16 16 -18 18 26 20 -22 -23 24 -25 -26 -27 29 -29 -30 -31
leaf_value=0.047293382120201108 0.024808734975904755 0.046351946797915718 -0.0078912667440180755 0.029201846681303933 0.0065278702964716023 -0.039663616589747 -0.03875683742003494 0.034697521571913775 0.058138274725335254 0.064153812129530072 -0.0077570056562981955 -0.020318138721645836 -0.030706458654599325 0.061074250928429975 -0.020102381494373746 0.021724534993170098 -0.0025252822148760104 0.050708379126607972 0.059810703078451259 -0.028422012804640885 0.037901650371265666 -0.022223748864553035 -0.013878630216303468 -0.016011576428336501 0.06257985224764151 -0.025271133140658486 0.014835177770910958 0.079783182642218273 -0.0049442636144880446 -0.031644304497446284
leaf_weight=17.320876253012102 1.2229580963030446 12.642734608612953 227.85006850515492 10.651100438088177 81.683810626389459 3.3771594525314859 11.814159938017834 0.35445075691677708 4.250785064417868 6.5489409875590336 3.0479480673093349 16.359153677010909 4.6572951020207256 1.0222366238012899 0.55729193286970247 11.46412018034607 168.37748821103014 5.2261148089310252 1.3603158381301934 17.297151306411255 0.89247153280302782 4.9197872139047822 2.0012226630933574 13.151382577838374 5.08566460525617 0.93759566638618697 6.8042131690308434 2.7225348325446239 8.894966039573772 3.8345674995798618
leaf_count=32849 449 29867 46286 106 2343 137 5041 40 621 1481 380 1767 1104 28 19 426 12172 1483 81 4256 178 912 493 3734 1197 229 134 128 607 522
internal_value=0.000491828 -0.000848679 -0.00187375 -0.0012721 0.00730383 0.00425437 -0.0274113 -0.0341448 -0.00286998 0.000768558 0.0330016 -0.000508963 0.0218805 -0.00194805 0.0558815 -0.00258444 -0.00086788 -0.00547856 0.00204394 -0.00396983 -0.0233623 0.00766642 0.013844 0.0019771 0.0419429 0.0372364 0.0143007 0.0278473 0.00819605 -0.00319704
internal_weight=656.331 639.01 626.367 612.975 95.7121 85.061 13.3916 12.1686 517.263 216.285 7.29873 208.987 11.7635 197.223 7.10623 196.201 179.842 300.978 73.128 49.5114 18.1896 31.3218 26.402 19.3151 7.08689 6.16371 23.6166 12.9778 10.2553 10.6388
internal_count=149070 116221 86354 80824 2586 2480 5530 5081 78238 17998 1001 16997 2604 14393 1500 14365 12598 60240 13954 12482 4434 8048 7136 5446 1690 1712 1472 816 688 656
is_linear=0
shrinkage=0.05


Tree=147
num_leaves=31
num_cat=0
split_feature=22 2 0 21 20 20 10 10 17 17 0 8 10 10 0 8 5 10 20 17 0 10 17 20 8 8 10 0 7 10
split_gain=16.2721 12.2039 2.9535 2.92302 5.5618 3.60508 3.51341 2.56975 2.193 2.6484 2.76018 5.90096 3.51741 2.70268 4.74811 3.84382 4.1533 3.8342 5.05659 2.70845 2.94468 3.34892 2.45392 3.38694 4.97995 4.06175 4.53099 4.13526 3.41344 3.3833
threshold=1.0000000180025095e-35 1.0000000180025095e-35 22.500000000000004 1.0000000180025095e-35 3.5000000000000004 3.5000000000000004 3.8936000000000006 4.0603500000000006 0.093933823529411778 0.087595907928388769 37.500000000000007 3.5000000000000004 3.8937500000000003 3.9355500000000005 27.500000000000004 2.5000000000000004 0.02788888888888889 3.9435500000000006 2.5000000000000004 0.07634032634032635 24.500000000000004 3.9790000000000005 0.09699820788530468 2.5000000000000004 3.5000000000000004 3.5000000000000004 4.1158500000000009 41.500000000000007 1.5000000000000002 3.9524000000000004
decision_type=2 2 2 2 2 2 2 2 2 2 2 2 2 2 2 2 2 2 2 2 2 2 2 2 2 2 2 2 2 2
left_child=-1 2 -2 4 8 6 -5 -8 9 10 13 12 -12 -4 19 16 -16 -17 -19 20 -15 -22 29 25 -25 26 28 -28 -24 -10
right_child=1 -3 3 5 -6 -7 7 -9 22 -11 11 -13 -14 14 15 17 -18 18 -20 -21 21 -23 23 24 -26 -27 27 -29 -30 -31
leaf_value=0.047178503164061823 -0.014034173433730117 0.04619829800585256 -0.016907137494444845 0.047695940189505195 0.02922584658748283 -0.0095652934626408517 -0.015589499562664276 0.028341644152070761 -0.018732663131784729 -0.029931825694511791 0.066881830064857928 -0.05180861777143201 0.009177864878066563 0.069829874415399382 -0.027805327894069809 0.084862494080191114 0.018104352181541779 -0.015250551373824929 0.058674998293504622 -0.027761080853658322 -0.024039411357527969 0.035500914927150629 0.0079136083755660166 -0.0072867072469893898 0.0441109060807095 -0.028810516884011261 -0.021222742775049999 0.0098133115442949042 0.03874745794944609 0.034479128328386163
leaf_weight=16.58752476843074 50.584256905014627 12.096602229110429 58.611507348367013 8.5894001419655996 12.567453039577229 10.756550586316736 5.9491123156622034 5.4536788654513657 3.4776285546831778 12.02187843993306 2.1146929534152212 2.5919904978945842 20.78166641574353 2.8022415114101014 23.942462896695364 0.66505144303664465 5.3995005218312135 8.5355385781731439 2.0565568399615577 1.3881288731936354 2.9081638120114786 5.3018384147435427 100.57954172184691 204.71581734553911 3.8381562093272796 8.1928438770119083 24.636210731696337 17.671311594545841 8.9915960123762471 9.2219339651055616
leaf_count=32967 14459 29930 14485 44 508 394 63 58 533 1083 43 40 533 365 3809 59 64 829 70 220 744 975 8326 36007 79 466 856 352 71 815
internal_value=-0.000265729 -0.00157433 -0.00257232 -0.00153915 -0.00239726 0.013213 0.0253404 0.00601273 -0.00320006 -0.00831973 -0.0062216 0.00838593 0.0170832 -0.00960234 -0.00136055 -0.00967456 -0.0190388 0.0142955 0.00292624 0.0245504 0.0329065 0.0140902 -0.00118144 -0.00194862 -0.00613482 0.00350972 0.00543023 -0.00833212 0.0107714 0.0196039
internal_weight=653.031 636.443 624.347 573.762 543.014 30.7487 19.9922 11.4028 530.446 149.121 137.099 25.4883 22.8964 111.611 52.9995 40.5991 29.342 11.2571 10.5921 12.4004 11.0122 8.21 381.325 368.625 208.554 160.072 151.879 42.3075 109.571 12.6996
internal_count=149247 116280 86350 71891 71332 559 165 121 70824 23319 22236 616 576 21620 7135 4831 3873 958 899 2304 2084 1719 47505 46157 36086 10071 9605 1208 8397 1348
is_linear=0
shrinkage=0.05


Tree=148
num_leaves=31
num_cat=0
split_feature=22 9 0 8 19 17 17 10 17 10 10 5 0 10 8 10 10 10 10 0 5 10 17 0 10 7 10 10 17 10
split_gain=14.1158 10.552 2.38759 2.16954 1.77889 1.66088 6.0625 4.25525 3.36388 4.29205 5.58731 3.39007 3.25057 5.82242 4.131 4.76043 4.33287 3.40812 3.81229 3.47065 3.11003 3.12365 2.97832 2.51385 5.27411 3.87272 3.27606 3.10856 2.94351 3.49737
threshold=1.0000000180025095e-35 2.5000000000000004 52.500000000000007 1.5000000000000002 1.0000000180025095e-35 0.093933823529411778 0.080322580645161304 4.2646500000000005 0.098746324098436783 3.9524000000000004 4.1949500000000013 0.26100803101633901 24.500000000000004 3.8817500000000007 2.5000000000000004 3.8036000000000008 3.8101500000000006 3.5588000000000002 3.6636000000000002 23.500000000000004 0.12008583690987125 3.4034000000000004 0.07634032634032635 24.500000000000004 3.8730000000000007 1.0000000180025095e-35 3.7833500000000004 3.8797500000000005 0.10741758241758244 3.8868500000000004
decision_type=2 2 2 2 2 2 2 2 2 2 2 2 2 2 2 2 2 2 2 2 2 2 2 2 2 2 2 2 2 2
left_child=-1 2 3 -2 5 6 7 12 9 -7 -11 20 13 17 16 -16 -14 -5 22 -20 21 -10 -19 -23 25 -25 -27 -26 -29 -30
right_child=1 -3 -4 4 -6 8 -8 -9 11 10 -12 -13 14 -15 15 -17 -18 18 19 -21 -22 23 -24 24 27 26 -28 28 29 -31
leaf_value=0.04703990177209242 0.038671216859930871 0.046020786726534882 0.035589310021342031 -0.026996320028888084 0.032165267026217685 -0.019008278898372338 -0.021541151863742336 0.052213818389439129 0.054085221600113892 0.056864690773301946 -0.03068828488103514 0.048273887194118265 0.0097064148127430031 0.047594261132453762 -0.02894955664279121 0.019076921209157997 -0.018435145213232411 0.051197904758903429 0.01264725440995796 -0.02925566842260767 -0.019869338831821015 -0.012199096214263924 -0.02462601681454012 0.0085953100781982171 -0.043274831057671381 -0.0058957371846833362 0.058439488441174539 -0.01638393603193956 0.039555577012789278 -0.0002331900424895268
leaf_weight=15.775871565128908 2.4951207211706778 11.517182667448649 3.5882305037230244 7.3566569486865765 3.0577440264169118 3.4906363780610254 41.600478135747835 2.7797965183854094 1.6951021554414172 8.0436492832377535 1.60224911244586 2.5870403843000522 16.942854115739465 7.3723766177427015 5.5457371366210308 24.233159777475521 59.97195756318979 5.9250421703327474 13.044055061880501 6.6304811914451411 18.809571568854153 36.680261417874135 0.96050015417858947 62.48726446647197 3.4379152655601493 2.4402484963648003 6.6333108465187252 27.169693586649373 4.6530090151354662 239.3540655632969
leaf_count=32880 220 29847 336 2611 51 508 6918 77 458 753 78 27 3442 1083 1009 2155 8525 1305 1843 1627 370 12638 344 12111 668 216 377 2917 743 22965
internal_value=0.00177162 0.000569312 -0.000346879 -0.000613119 -0.000835198 -0.00105248 -0.00488597 -0.00017859 0.000714571 0.0246911 0.040805 -0.000120081 -0.00150662 0.0102516 -0.00610984 0.00948295 -0.0121911 0.00100391 0.0094576 -0.00220639 -0.000549082 0.000445016 0.0388392 6.72412e-05 0.00139836 0.0133887 0.0422695 -0.00176341 -0.00108007 0.000683898
internal_weight=647.881 632.105 620.588 617 614.505 611.447 192.363 150.763 419.084 13.1365 9.6459 405.947 147.983 41.2891 106.694 29.7789 76.9148 33.9167 26.5601 19.6745 403.36 384.551 6.88554 382.856 346.176 71.5608 9.07356 274.615 271.177 244.007
internal_count=149102 116222 86375 86039 85819 85768 30939 24021 54829 1339 831 53490 23944 8813 15131 3164 11967 7730 5119 3470 53463 53093 1649 52635 39997 12704 593 27293 26625 23708
is_linear=0
shrinkage=0.05


Tree=149
num_leaves=31
num_cat=0
split_feature=22 2 19 5 5 21 10 0 0 10 10 17 10 17 10 17 17 17 10 17 7 17 8 17 10 10 0 10 8 10
split_gain=13.4423 10.0334 2.32942 1.80711 1.94919 1.88379 1.79425 2.82976 2.07819 7.98601 4.12366 4.11781 2.74252 2.36966 4.26927 2.35897 2.40695 3.96603 5.00262 7.06707 7.88308 2.29214 3.40367 5.19927 6.21473 3.73622 2.58973 2.44923 2.99918 2.33067
threshold=1.0000000180025095e-35 1.0000000180025095e-35 1.0000000180025095e-35 0.022857889237199586 0.02788888888888889 1.0000000180025095e-35 3.7850500000000005 24.500000000000004 27.500000000000004 4.0542500000000006 4.0837000000000012 0.13182720953326715 4.1556500000000005 0.060915275200989494 4.0123500000000005 0.07634032634032635 0.17274535809018571 0.12933094384707292 4.1232500000000014 0.11378020713463753 1.5000000000000002 0.1082709215239336 2.5000000000000004 0.07634032634032635 4.0181500000000012 4.0391500000000011 40.500000000000007 4.0779000000000005 2.5000000000000004 3.9435500000000006
decision_type=2 2 2 2 2 2 2 2 2 2 2 2 2 2 2 2 2 2 2 2 2 2 2 2 2 2 2 2 2 2
left_child=-1 2 3 6 -5 -6 -2 -8 9 13 21 -11 15 14 -9 -12 17 18 19 20 -17 22 -10 26 -25 -26 -24 29 -29 -23
right_child=1 -3 -4 4 5 -7 7 8 10 11 12 -13 -14 -15 -16 16 -18 -19 -20 -21 -22 27 23 24 25 -27 -28 28 -30 -31
leaf_value=0.046910061797521413 -0.0075708890694777559 0.045856224144706192 0.038657678474182527 0.035131335030162934 0.0021608632726173539 0.031761891090726406 0.016065684922473469 -0.010231756956808134 -0.0090474769823545662 0.060061555731915822 -0.039263599005625045 -0.015596015648788592 -0.00031492901184536294 -0.022405177004365198 0.078155775662097485 -0.0042790785224743602 -0.027847070553897325 0.014862502998395958 -0.047371178477983708 -0.047162186606023941 0.089309614217517375 0.015188342777262789 0.043332371883288721 -0.033175885187060355 0.08688406805001872 0.001591997873428994 -0.025514985674055829 0.060681710842676755 -0.012672583647969317 0.0014233024301109193
leaf_weight=15.080656795471439 102.28938451828435 11.024054644454734 2.8221921813674262 4.3410900924354783 88.733043231070042 4.7374705281108609 24.106382789323106 5.6238051455002269 55.090774577809498 4.5823593572713426 7.5993877348955712 2.143016072222963 73.086199266836047 39.73884894978255 0.73646568972617377 6.8993074214085954 13.280036143492906 15.761038340395315 7.5301231439225367 3.9957359451800576 2.2794705852866173 50.461634018924087 10.463504013838246 8.2556396184954774 1.080965420231222 3.4527881261892617 0.89084638468921262 3.5166216010693452 1.583331507630646 76.993134927935898
leaf_count=32933 29532 29912 52 34 2766 48 6360 1220 8586 780 720 451 3545 10863 117 914 1039 1427 587 199 22 6732 1042 583 62 160 17 276 77 8063
internal_value=0.0017649 0.000617246 -0.000256764 -0.000496153 0.00570554 0.00398149 -0.00166816 -0.000213068 -0.00124448 -0.0103773 0.000191366 0.0370554 -0.00677256 -0.0179371 0.00923086 -0.0148563 -0.0104275 -0.00350973 -0.0175357 0.00165626 0.0254536 0.0044918 -0.00222045 0.0130976 -0.00864233 0.0339537 0.0363027 0.00849063 0.039564 0.00694894
internal_weight=648.179 633.099 622.075 619.252 97.8116 93.4705 521.441 419.151 395.045 52.8245 342.221 6.72538 130.431 46.0991 6.36027 57.3451 49.7457 36.4657 20.7046 13.1745 9.17878 211.789 79.2345 24.1437 12.7894 4.53375 11.3544 132.555 5.09995 127.455
internal_count=149119 116186 86274 86222 2848 2814 83374 53842 47482 13431 34051 1231 8453 12200 1337 4908 4188 3149 1722 1135 936 25598 10450 1864 805 222 1059 15148 353 14795
is_linear=0
shrinkage=0.05


Tree=150
num_leaves=31
num_cat=0
split_feature=2 12 0 10 10 10 17 0 17 1 10 17 0 5 17 17 10 10 17 10 10 17 17 17 17 17 10 10 0 10
split_gain=12.6075 2.43593 2.08601 1.8995 1.71001 2.72718 2.46656 1.74168 1.69653 2.48272 1.78606 2.39355 2.38886 1.69919 2.55207 1.68854 3.87787 1.53727 1.42556 1.33588 3.41861 3.58679 2.24001 1.80409 1.35182 1.31484 1.30859 3.4687 4.50626 3.31313
threshold=1.0000000180025095e-35 1.0000000180025095e-35 50.500000000000007 4.1503500000000004 3.4034000000000004 3.4615500000000003 0.098746324098436783 17.500000000000004 0.29217479674796754 16.500000000000004 3.5365000000000006 0.26726190476190481 38.500000000000007 0.18535277358806773 1.0000000180025095e-35 0.17974358974358975 3.4921500000000005 3.3507000000000002 0.045983086680761107 3.7833500000000004 3.8494000000000006 0.30151515151515157 0.34698996655518399 0.31643132220795894 0.36939571150097467 0.2965856481481482 4.3454500000000005 4.2928500000000005 34.500000000000007 4.2814000000000005
decision_type=2 2 2 2 2 2 2 2 2 2 2 2 2 2 2 2 2 2 2 2 2 2 2 2 2 2 2 2 2 2
left_child=1 -1 4 -4 6 -6 7 -3 10 -10 15 13 -13 26 -15 18 -17 -8 -7 -11 22 25 23 -21 -23 -22 27 29 -29 -12
right_child=-2 2 3 -5 5 8 17 -9 9 19 11 12 -14 14 -16 16 -18 -19 -20 20 21 24 -24 -25 -26 -27 -28 28 -30 -31
leaf_value=0.039425551582636401 0.046543572059321109 0.042034615776078858 -0.005451673496336136 0.04222007367184287 -0.0374748693747241 0.027637382150881601 0.0050686312200518497 -0.028216619897642993 -0.017720115207061436 -0.0061513195594073925 -0.0018287388191164195 -0.036614504345758955 0.030334749058120572 -0.04329020947690481 0.03217777035407296 -0.021028139075777243 0.092539147090166154 0.080697415417497032 -0.017001129436511549 0.010850816526050494 0.0059520088572609124 -0.035381324657614177 -0.0053467639950993302 0.11596515057287145 0.02079995644039603 0.076103257927065265 -0.022432551968758326 0.081771220655803667 0.0068602400189313037 -0.04864787008021014
leaf_weight=2.7500876225822131 13.407517122454008 0.27406344932387527 3.1275739188131402 4.2561280052177608 4.2451949765090822 2.3721102740673805 1.2067509306652937 2.0283402361674234 3.4404320008470668 2.0992678417533162 560.45762548173661 7.3249883009702881 0.80483463665586885 0.43801272471318853 6.0878032789914869 0.7213963570538906 0.96644263705820777 1.0710098669223953 2.84802325812052 0.77954685699660187 1.3321392056532206 2.6729700629075528 0.60672280160360959 1.1861337731534147 0.75189066899474699 0.86043201352003951 6.652895747247384 1.7494632355519559 8.2541565082792641 2.8063414257485411
leaf_count=850 38448 260 77 571 2131 757 564 1102 615 437 97129 1229 14 19 1321 259 247 190 1455 119 106 268 41 61 17 62 283 93 210 124
internal_value=0.00029316 -0.000756392 -0.000993464 0.0237857 -0.00132424 -0.00156999 0.0262386 -0.00965804 -0.00126182 0.0155086 -0.00166973 -0.0019805 -0.02739 -0.00158223 0.0220332 0.0219463 0.0542351 0.0544 0.00446543 0.027205 0.0354941 0.00936172 0.0739654 0.091994 -0.0211341 0.0486961 -0.00188544 -0.00160834 0.0262016 -0.00214781
internal_weight=647.58 634.173 631.423 7.3837 624.039 619.459 4.58016 2.3024 615.214 13.7295 601.484 594.576 8.12982 586.446 6.52582 6.90797 1.68784 2.27776 5.22013 10.2891 8.18984 5.61743 2.5724 1.96568 3.42486 2.19257 579.92 573.268 10.0036 563.264
internal_count=149059 110611 109761 648 109113 106997 2116 1362 104866 1726 103140 100422 1243 99179 1340 2718 506 754 2212 1111 674 453 221 180 285 168 97839 97556 303 97253
is_linear=0
shrinkage=0.05


Tree=151
num_leaves=31
num_cat=0
split_feature=22 2 8 0 17 0 21 10 0 17 17 10 20 10 0 10 10 17 5 5 10 10 17 17 5 5 0 17 5 17
split_gain=13.0514 9.33094 2.0849 2.0642 1.71507 1.79977 1.7559 1.74479 4.59646 4.19078 3.83021 3.77648 3.45463 2.90084 3.67447 3.10704 2.75512 2.27398 2.19301 2.17545 2.1628 2.92808 2.76462 4.52028 4.57395 3.49313 2.98144 2.66413 2.64311 2.46212
threshold=1.0000000180025095e-35 1.0000000180025095e-35 1.5000000000000002 54.500000000000007 0.29217479674796754 24.500000000000004 1.0000000180025095e-35 3.6962500000000005 25.500000000000004 0.07634032634032635 0.070505385252692634 3.5223000000000004 2.5000000000000004 3.4921500000000005 21.500000000000004 3.4034000000000004 3.5729000000000002 0.16552511415525115 0.26100803101633901 0.14118503296515114 3.8730000000000007 3.8441500000000004 0.048003072196620589 0.093933823529411778 0.13025804171085192 0.041522988505747128 32.500000000000007 0.057983193277310933 0.036867142371729535 0.11451990632318503
decision_type=2 2 2 2 2 2 2 2 2 2 2 2 2 2 2 2 2 2 2 2 2 2 2 2 2 2 2 2 2 2
left_child=-1 2 -2 4 7 6 -6 8 9 10 12 13 19 15 -15 17 -10 -11 20 -4 21 -9 26 24 27 28 -23 -24 29 -25
right_child=1 -3 3 -5 5 -7 -8 18 16 11 -12 -13 -14 14 -16 -17 -18 -19 -20 -21 -22 22 23 25 -26 -27 -28 -29 -30 -31
leaf_value=0.046726944101009756 0.038102334831448176 0.045468782238819512 -0.00033262383149725385 0.038295547203795924 -0.027386888610398355 0.025344443695212299 0.03434977693356573 0.00019254610165240376 0.048881436418500103 0.05881464618671637 0.051476805470646828 -0.038936435109741672 -0.035407835131659869 0.099834567494674953 -0.01976386293313126 -0.040394405651321269 0.0011194428195444484 -0.022753815271278628 0.037056688510986764 0.05929487243250664 -0.002935998680993672 0.089034377536191603 0.019498020247015316 0.057759103777632041 0.051970782141050886 -0.032896763350477455 -0.015830439270556027 -0.04621470015464544 0.089183698197221134 0.012649240248207764
leaf_weight=14.190907055453861 2.3942031236365429 10.002609078364911 8.1488940811250359 2.2925620335154226 3.176157863461412 10.389252310851587 0.65015780180692662 95.793265113257803 3.1121622889768323 1.0583086737897272 2.2029027673415831 21.510241169598885 5.8622409853851414 0.48932092241011538 0.64921831933315843 3.015059596626088 11.546490367036311 0.7533783281687646 2.7754783141426733 0.88004030287265855 412.75238030531909 1.4420103330630838 1.3837043638341144 3.1822617221623757 1.0450991317629812 1.5611603623256076 0.57215535407885898 5.7612303574569523 0.93392979353666206 14.279140111757441
leaf_count=32770 223 29768 3013 311 581 855 3 19514 401 338 537 8363 1135 198 273 1341 2130 147 33 6 41868 240 291 497 7 65 63 1255 18 2509
internal_value=0.000930695 -0.000173968 -0.000982871 -0.00119587 -0.00140504 0.0151795 -0.0119531 -0.00182208 -0.00989595 -0.0177985 0.00167633 -0.0295482 -0.00846655 0.00503461 0.0542851 -0.0139054 0.0137338 0.0288662 -0.000922332 0.0108121 -0.0011863 0.00452543 0.0178393 0.0124663 -0.0173781 0.0249591 0.0638767 -0.0326572 0.0313121 0.0235536
internal_weight=643.806 629.615 619.612 617.218 614.926 14.2156 3.82632 600.71 59.2283 44.5696 17.0941 27.4755 14.8912 5.96529 1.13854 4.82675 14.6587 1.81169 541.482 9.02893 538.706 125.954 30.1607 28.1465 8.19003 19.9565 2.01417 7.14493 18.3953 17.4614
internal_count=148753 115983 86215 85992 85681 1439 584 84242 17882 15351 4691 10660 4154 2297 471 1826 2531 485 66360 3019 66327 24459 4945 4642 1553 3089 303 1546 3024 3006
is_linear=0
shrinkage=0.05


Tree=152
num_leaves=31
num_cat=0
split_feature=22 2 8 4 19 7 8 17 20 17 10 10 10 10 17 10 10 10 17 10 17 10 10 10 17 10 5 10 20 21
split_gain=12.9204 9.22381 2.0644 1.43903 1.21543 1.1645 0.936086 0.976516 1.9574 2.31174 3.47394 2.59279 2.61891 9.95393 2.40437 2.12793 2.77982 1.95105 2.06649 1.85141 4.68096 3.6194 2.59044 2.56534 2.06806 2.05 1.84652 3.66216 1.75797 2.86926
threshold=1.0000000180025095e-35 1.0000000180025095e-35 1.5000000000000002 8.5000000000000018 1.0000000180025095e-35 2.5000000000000004 4.5000000000000009 0.16784037558685447 2.5000000000000004 0.23368794326241138 4.1313500000000012 3.8731500000000003 4.0061500000000008 4.0252000000000008 0.26598639455782319 3.8635500000000005 3.8101500000000006 3.6213500000000005 0.30901856763925734 3.7963000000000005 0.17712418300653598 3.7193500000000004 3.7037500000000008 3.7037500000000008 0.18942218080149117 3.6844000000000006 0.036867142371729535 3.8333500000000007 3.5000000000000004 1.0000000180025095e-35
decision_type=2 2 2 2 2 2 2 2 2 2 2 2 2 2 2 2 2 2 2 2 2 2 2 2 2 2 2 2 2 2
left_child=-1 2 -2 4 5 6 7 28 -9 11 14 19 -13 -14 -11 16 17 18 -16 20 22 23 -10 24 25 -22 27 -21 -4 -30
right_child=1 -3 3 -5 -6 -7 -8 8 9 10 -12 12 13 -15 15 -17 -18 -19 -20 26 21 -23 -24 -25 -26 -27 -28 -29 29 -31
leaf_value=0.04659488583194684 0.037632120401830754 0.045291317741191647 -0.0041005813010509566 0.033982703754294442 0.026654661145099012 -0.019026185128127322 0.02482266353044417 0.0071499019679611801 -0.015716778466087152 -0.040796371391500802 0.02779247827752563 -0.020840129013732243 0.077849572018966404 -0.0075384591838206505 0.054335668847045673 -0.031568769099497171 0.048922428419013758 -0.025313020308023401 -0.022757740795197989 0.051084626424129587 0.059529031800085078 -0.041381615591575445 0.089824805656605972 0.077812379526200126 -0.024458927176605662 -0.020988319518456047 0.07545882526451532 -0.015047181180536551 0.027096081567270704 -0.009693129981403344
leaf_weight=13.608765896991825 2.3082769764587274 9.5905082089593616 413.62398289935663 1.771972884191199 2.6481208773329845 9.261635475791989 2.2360664540901771 73.07417186582461 0.45235218573361891 9.6005203007953295 3.0576942579355082 15.83227104321122 2.9480993582401451 24.307131379609928 1.0852088165702278 4.7291177224833509 1.8397395070642231 4.6754097365774214 0.75325669581070531 3.0022058738395563 1.0454953038133661 4.3857576822629198 1.0133949047885833 0.2996780453249811 2.9060743441805243 0.63819433283060778 1.1421382185071705 3.670403866097331 10.823892274405807 8.8813317357562482
leaf_count=32945 221 29868 64718 298 52 123 58 4160 83 2287 128 3164 328 2765 230 694 327 951 160 572 387 1199 190 84 1176 206 32 924 467 345
internal_value=0.000115149 -0.000975636 -0.00177336 -0.00198392 -0.00214439 -0.00231414 -0.00202302 -0.00216568 0.00116118 -0.00387106 -0.0161507 0.00143262 -0.00531229 0.004126 -0.0229976 -0.00796685 0.00734115 -0.0093508 0.0258594 0.0165655 0.00239599 -0.0126416 0.0640887 0.0157869 -0.00145891 0.0325609 0.0335594 0.0174875 -0.00339742 0.0108475
internal_weight=635.213 621.604 612.014 609.705 607.933 605.285 596.024 593.788 160.458 87.3841 25.7409 61.6432 43.0875 27.2552 22.6833 13.0827 8.35361 6.51388 1.83847 18.5557 10.7409 9.2752 1.46575 4.88944 4.58976 1.68369 7.81475 6.67261 433.329 19.7052
internal_count=149142 116197 86329 86108 85810 85758 85635 85577 20047 15887 4777 11110 6257 3093 4649 2362 1668 1341 390 4853 3325 3052 273 1853 1769 593 1528 1496 65530 812
is_linear=0
shrinkage=0.05


Tree=153
num_leaves=31
num_cat=0
split_feature=22 2 1 1 20 19 7 1 1 5 4 20 21 17 8 1 1 17 10 1 1 1 17 17 1 8 10 10 10 10
split_gain=11.6434 8.30909 2.43749 2.64132 2.15945 1.7201 1.515 3.08386 3.03142 3.2149 2.89945 2.72074 2.26321 2.79524 2.72644 2.42885 2.51983 2.95052 3.96391 2.29195 2.6962 3.86302 2.61253 3.14121 2.83338 2.29814 4.249 3.44586 2.92431 4.01657
threshold=1.0000000180025095e-35 1.0000000180025095e-35 12.500000000000002 10.500000000000002 3.5000000000000004 1.0000000180025095e-35 1.0000000180025095e-35 16.500000000000004 19.500000000000004 0.079077644606565925 1.0000000180025095e-35 2.5000000000000004 1.0000000180025095e-35 0.14371772805507746 3.5000000000000004 36.500000000000007 22.500000000000004 0.15655637254901963 3.8544000000000005 13.500000000000002 23.500000000000004 26.500000000000004 0.13536417773705914 0.063164893617021281 27.500000000000004 2.5000000000000004 4.0181500000000012 4.0575500000000009 3.7628000000000008 3.6296500000000003
decision_type=2 2 2 2 2 2 2 2 2 2 2 2 2 2 2 2 2 2 2 2 2 2 2 2 2 2 2 2 2 2
left_child=-1 2 3 -2 -5 6 11 -8 9 10 -9 12 13 19 15 16 17 18 -15 -4 25 -22 23 -23 -25 28 -27 -28 29 -21
right_child=1 -3 5 4 -6 -7 7 8 -10 -11 -12 -13 -14 14 -16 -17 -18 -19 -20 20 21 22 -24 24 -26 26 27 -29 -30 -31
leaf_value=0.046441221686168238 0.019130653909039282 0.045103841008925429 0.026897628368532257 -0.03845560117802737 0.032858129942246149 0.032783454710863386 -0.028724099516099073 0.019068630665216604 0.003084586643753719 -0.038265253871017813 0.076171480788865709 -0.0049147508764449434 0.036768940778161487 -0.0035535374086758543 -0.030664338896373461 0.04281475194714638 -0.00020209249203780399 0.012971421838903008 0.10330542863116615 -0.020743419424384325 0.024131393285553041 -0.042764476984506188 -0.04097404097791537 -0.036609904772277643 0.011505859984512021 -0.037150932629211479 0.05795609429975971 -0.019975861973719544 -0.016710537605807745 0.038830502229511767
leaf_weight=12.984354347892802 2.4670114216860375 9.1872802992002089 4.8462767801247528 9.4120631072437355 0.42467230232432562 2.9852021173574022 5.9578198390081516 10.623614860000083 144.33743701502681 0.90380727872252542 2.2688300479203471 263.59927254612558 3.8514224039390674 1.3211538288742333 3.1481062585953614 4.6928319579455993 38.053586311638355 28.821046072989702 1.2153303595259783 3.8291870714165288 13.985170557163654 2.8691705369856271 3.7121835718862704 2.528121578507128 22.772463227622211 16.050508252461444 1.6032323236577206 2.318536528153345 15.907568263355641 6.2504036193713546
leaf_count=32920 916 29935 1135 4575 43 54 918 1438 4608 11 24 53727 17 392 198 42 1148 3553 168 1001 1354 180 71 183 504 4926 245 315 3134 1546
internal_value=0.00131572 0.000313459 -0.000420921 -0.0215927 -0.0326288 4.19285e-05 -0.000173291 0.00391442 0.00531688 0.0268844 0.0338773 -0.0016984 0.00307148 0.00211934 0.00915087 0.0112281 0.0085148 0.0187724 0.0623804 -0.00353577 -0.0054144 0.00314573 -0.00651366 -0.00072351 0.00548879 -0.0138424 -0.0261707 0.0171854 -0.00374888 0.0163691
internal_weight=642.928 629.943 620.756 12.3037 9.83674 608.452 605.467 164.092 158.134 13.7963 12.8924 441.376 177.776 173.925 77.2521 74.1039 69.4111 31.3575 2.53648 96.6728 91.8265 45.8671 31.8819 28.1698 25.3006 45.9594 19.9723 3.92177 25.9872 10.0796
internal_count=149281 116361 86426 5534 4618 80892 80838 6999 6081 1473 1462 73839 20112 20095 5501 5303 5261 4113 560 14594 13459 2292 938 867 687 11167 5486 560 5681 2547
is_linear=0
shrinkage=0.05


Tree=154
num_leaves=31
num_cat=0
split_feature=22 2 12 10 1 10 10 17 10 17 0 0 0 10 10 10 10 17 0 0 10 12 5 10 10 10 17 17 17 0
split_gain=11.227 7.96559 1.89996 1.83818 4.79681 4.47317 4.24796 4.22445 2.33143 2.84511 3.55283 2.10102 2.13881 3.66105 3.47585 3.43813 2.42735 2.22677 2.04107 1.90565 3.56239 2.75392 1.93713 2.23929 3.89774 2.43137 2.08627 1.89093 2.60676 2.7784
threshold=1.0000000180025095e-35 1.0000000180025095e-35 1.0000000180025095e-35 4.1556500000000005 22.500000000000004 4.2046500000000009 4.3024500000000012 0.1283882783882784 4.1232500000000014 0.24357284113381678 40.500000000000007 32.500000000000007 41.500000000000007 4.1648000000000005 4.1949500000000013 4.3249500000000012 4.3066000000000004 0.12208672086720869 48.500000000000007 31.500000000000004 3.6757000000000004 2.5000000000000004 0.025696049301199519 3.7544500000000007 3.7722500000000005 3.7963000000000005 0.17274535809018571 0.22295321637426904 0.2965856481481482 42.500000000000007
decision_type=2 2 2 2 2 2 2 2 2 2 2 2 2 2 2 2 2 2 2 2 2 2 2 2 2 2 2 2 2 2
left_child=-1 2 -2 8 5 -5 -7 11 19 10 -10 -6 13 -13 -14 -16 17 -15 -9 21 -21 -4 23 -22 -25 -26 -24 -27 29 -29
right_child=1 -3 3 4 7 6 -8 18 9 -11 -12 12 14 16 15 -17 -18 -19 -20 20 22 -23 26 24 25 27 -28 28 -30 -31
leaf_value=0.046285291652931979 0.03733052545309519 0.0448810241651946 -0.0030058851153959157 0.065204854909405002 -0.024184559195703573 -0.016936229260739646 0.062869230021740066 -0.01327335397338218 -0.030245766157793098 0.030649501060757079 0.0086128200441743658 -0.028958442400178815 0.036723693994603367 0.040279940284289162 -0.026258241863499232 0.02891179785962146 -0.012280496025313822 -0.01379570516837185 0.022929610342014572 0.056956538771016599 -0.037179869258627561 -0.040531232469184109 0.00048687846169148788 0.058437043267685784 -0.040345836703689596 0.0029763396417060804 0.044265924874356793 -0.033369178994528237 0.032635886724874781 0.033466046608622117
leaf_weight=12.402905285009181 2.2707398515194646 8.7459866628341825 299.65986722079106 5.0491443099454028 2.8628217244986436 5.2937931609340012 1.2744009923189876 39.408238638192415 20.529394313227392 2.1963963836897156 7.5780715048313132 2.1789789698086706 3.9200929719954756 18.578986144391827 9.7048185383900982 2.9218867805320761 2.5416055796667925 1.6253734091296781 3.3987906153779468 1.9950571903027583 2.8346215717028818 3.979704860947094 5.4876729846000654 1.9491717228665937 2.5764323070179662 146.11758565204218 4.4425681140273809 10.09068838274106 1.4391713556833554 0.98766006249934513
leaf_count=32957 224 29810 67000 424 270 348 17 1545 1920 55 95 114 45 777 110 159 67 78 205 90 255 712 84 99 184 10314 53 761 79 10
internal_value=0.00100904 3.28063e-05 -0.000679244 -0.000881396 0.00533058 0.0341459 0.00480917 0.00114523 -0.00208799 -0.015312 -0.0198331 0.0118328 0.0148299 0.0237945 0.000739911 -0.0123068 0.0298547 0.0354843 -0.00994111 -0.00122582 0.00287307 -0.00362915 0.00194129 0.000595133 0.00147389 0.000429157 0.0223306 0.00133998 -0.0165684 -0.0251332
internal_weight=634.043 621.64 612.894 610.623 98.7589 11.6173 6.56819 87.1416 511.864 30.3039 28.1075 44.3346 41.4717 24.9249 16.5468 12.6267 22.746 20.2044 42.807 481.56 177.921 303.64 175.926 165.995 163.161 161.212 9.93024 158.635 12.5175 11.0783
internal_count=148861 115904 86094 85870 4159 789 365 3370 81711 2070 2015 1620 1350 1036 314 269 922 855 1750 79641 11929 67712 11839 11702 11447 11348 137 11164 850 771
is_linear=0
shrinkage=0.05


Tree=155
num_leaves=31
num_cat=0
split_feature=22 2 12 0 17 10 17 10 10 17 10 10 17 17 5 17 17 17 0 10 5 4 20 10 12 10 0 17 17 10
split_gain=10.9991 7.80462 1.80056 2.06192 2.34802 1.86088 1.9316 1.55737 2.37518 3.12316 1.66894 2.91608 1.55051 1.53366 2.88776 1.43323 1.35501 1.34607 1.32919 1.65575 3.11935 1.49461 1.89618 2.22465 1.95255 1.62523 1.34543 1.27076 2.24239 3.677
threshold=1.0000000180025095e-35 1.0000000180025095e-35 1.0000000180025095e-35 22.500000000000004 0.29217479674796754 3.4034000000000004 0.26138716356107666 3.7833500000000004 3.8490500000000005 0.30151515151515157 3.6370000000000005 3.6069500000000008 0.14194139194139196 0.19859154929577469 0.18956442831215972 0.31643132220795894 0.2965856481481482 0.3585714285714286 18.500000000000004 3.6962500000000005 0.14118503296515114 1.0000000180025095e-35 2.5000000000000004 3.8165000000000004 1.5000000000000002 3.7483500000000007 21.500000000000004 0.16784037558685447 0.15047169811320757 3.8693500000000003
decision_type=2 2 2 2 2 2 2 2 2 2 2 2 2 2 2 2 2 2 2 2 2 2 2 2 2 2 2 2 2 2
left_child=-1 2 -2 13 5 12 27 10 15 16 11 -6 -5 14 18 -9 -10 -11 -4 20 -20 22 23 24 25 -21 -24 28 -7 -30
right_child=1 -3 3 4 7 6 -8 8 9 17 -12 -13 -14 -15 -16 -17 -18 -19 19 21 -22 -23 26 -25 -26 -27 -28 -29 29 -31
leaf_value=0.04610889660904717 0.0365063873828489 0.044655625107954434 0.02073255493020576 -0.012785030753374666 -0.024098712447714565 -0.00093533613445145728 -0.020536502232347528 0.0039718009678364509 0.0035906176295461751 -0.035566915976737792 -0.025802687868434194 0.072809199391355037 0.079399748158825875 -0.03239226995581098 0.035984069031063361 0.078484325030243218 0.071684336784872543 0.020955782090453647 -0.028583002279048336 -0.012238008203826799 0.031957373922636846 -0.023069671148847871 -0.034487708909837538 -0.022271441735187077 -0.016645859147907852 0.076247891462385406 0.0071567602367536426 0.0033481157831685422 -0.03571456034821649 -0.0042542398589509962
leaf_weight=11.800256643618921 2.1175925368443123 8.3367824949382321 2.1535748938331372 0.33848618401680042 0.84067818825133078 359.16874000662938 11.888274667668155 0.96933371643535648 1.3712896702345463 2.5483286266680811 2.6028566223103553 0.53315197443589568 0.28223298164084554 6.5539002866717047 2.5565318316221228 1.9420066480524836 0.89387794816866506 0.73451227089390148 18.828008388285529 0.3225818090140814 1.5531780784949649 4.2925010165199629 1.8574865168193353 0.79442954040132452 0.49716440297197539 2.1519424414727837 5.2605568789876997 129.72038545517717 11.53210039983969 37.205683245672844
leaf_count=32812 225 29720 843 81 140 47541 1566 106 85 223 368 49 34 1857 15 93 49 15 8151 108 13 205 680 198 230 451 1443 14557 2656 4031
internal_value=0.000230834 -0.000715423 -0.00140587 -0.0015972 -0.000748547 -0.00125071 -0.00140597 0.0199054 0.0309899 0.00831104 -0.00516283 0.028338 0.0522585 -0.011565 -0.00747246 0.0610336 0.0441863 -0.0209802 -0.0112719 -0.0137244 -0.0226906 -0.00102506 0.00887856 0.0334144 0.0501604 0.0645105 -0.00662017 -0.000945602 -0.00231592 -0.0122666
internal_weight=631.648 619.848 611.511 609.394 562.572 550.136 549.515 12.436 8.45935 5.54801 3.97669 1.37383 0.620719 46.8219 40.268 2.91134 2.26517 3.28284 37.7114 35.5578 20.3812 15.1767 10.8842 3.76612 2.97169 2.47452 7.11804 537.627 407.907 48.7378
internal_count=148545 115733 86013 85788 71594 70466 70351 1128 571 372 557 189 115 14194 12337 199 134 238 12322 11479 8164 3315 3110 987 789 559 2123 68785 54228 6687
is_linear=0
shrinkage=0.05


Tree=156
num_leaves=31
num_cat=0
split_feature=22 2 8 10 10 0 10 10 0 0 20 10 0 0 10 20 10 7 10 0 0 20 21 10 5 0 8 20 10 10
split_gain=10.1958 7.26061 1.72492 1.52794 5.06033 3.66814 3.58503 3.4699 3.18016 2.76181 2.7142 2.44564 1.91712 1.90077 2.71094 4.70724 3.80218 3.01022 2.30938 1.97453 1.89273 4.10983 1.80857 1.54862 1.50434 1.4316 5.22757 1.45046 1.38245 2.31438
threshold=1.0000000180025095e-35 1.0000000180025095e-35 1.5000000000000002 4.0151500000000011 4.0214000000000008 27.500000000000004 4.0043500000000014 4.0837000000000012 40.500000000000007 25.500000000000004 4.5000000000000009 4.1025500000000008 54.500000000000007 35.500000000000007 3.9852500000000002 2.5000000000000004 3.9524000000000004 1.0000000180025095e-35 3.9690500000000006 37.500000000000007 30.500000000000004 2.5000000000000004 1.0000000180025095e-35 3.7084000000000006 0.037210107303565255 28.500000000000004 2.5000000000000004 3.5000000000000004 3.4034000000000004 3.4921500000000005
decision_type=2 2 2 2 2 2 2 2 2 2 2 2 2 2 2 2 2 2 2 2 2 2 2 2 2 2 2 2 2 2
left_child=-1 2 -2 6 20 7 13 9 -8 -6 12 -9 25 22 16 -16 -15 19 -18 -17 -5 -22 28 -24 -11 26 27 -7 -4 -30
right_child=1 -3 3 4 5 10 8 11 -10 24 -12 -13 -14 14 15 17 18 -19 -20 -21 21 -23 23 -25 -26 -27 -28 -29 29 -31
leaf_value=0.045943010201482587 0.036386825030468188 0.044467442459630642 0.02240370013572078 -0.0077975825810768203 -0.025588672148966093 -0.044142803631773857 -0.036688522428804458 0.094484683148044549 0.025392062429186013 0.029515353830437453 0.055564361756451568 0.025702903693090598 0.03723574840006643 0.012359570215688807 -0.0062852294534508947 0.13317350460994071 -0.046424514241376502 0.0065305110075631742 -0.0022711411098613288 0.012912571249317273 0.0034689844296128419 0.078604221534368801 0.029101718737102024 0.0010344581843606507 -0.015855145917421709 -0.0014249041544055702 0.040707123824005959 0.017910125318444641 -0.034765301095340928 -0.0043334909288091856
leaf_weight=11.281011681567177 2.1166695936117312 8.0206647412560397 3.6825899416580787 1.5490793562494198 4.7584292436949926 7.1037284978665394 11.696786770131437 0.90992020396515627 1.729035866446792 6.1587962608318776 1.0828584055416275 9.0018841857090575 2.1102970992214969 26.771195927169174 3.3131849463097742 0.85133339976891897 4.1849772431887668 1.3191570695489643 7.1615795395337045 0.7089267997071147 3.1749539189040661 3.5914832251146436 6.2810546029359129 15.361275814939289 1.7413911391049621 218.6821309234947 1.871366830775514 0.52437466848641623 5.4306906966958186 259.06763533852063
leaf_count=32851 226 29903 1267 359 642 1191 1506 30 19 1413 27 699 305 788 62 81 150 12 181 66 160 498 89 320 55 13483 136 10 2475 59843
internal_value=0.000829668 -6.38996e-05 -0.000719168 -0.000907322 0.0019696 0.000639356 -0.0030776 0.0194317 -0.0274875 0.00149932 -0.00126956 0.0400975 -0.00177588 -0.00201769 0.00751804 0.0356827 0.00214721 0.0731451 -0.0209974 0.104917 0.0381639 0.0483353 -0.00349643 0.0101057 0.0188568 -0.00229757 -0.0203376 -0.0382957 -0.00462759 -0.00508691
internal_weight=631.238 619.957 611.937 609.82 262.261 253.945 347.559 22.5704 13.4258 12.6586 231.375 9.9118 230.292 334.134 44.3104 6.1926 38.1178 2.87942 11.3466 1.56026 8.31552 6.76644 289.823 21.6423 7.90019 228.182 9.49947 7.6281 268.181 264.498
internal_count=148847 115996 86093 85867 19008 17991 66859 2839 1525 2110 15152 729 15125 65334 1340 221 1119 159 331 147 1017 658 63994 409 1468 14820 1337 1201 63585 62318
is_linear=0
shrinkage=0.05


Tree=157
num_leaves=31
num_cat=0
split_feature=22 2 21 20 20 17 17 20 8 17 10 17 10 8 17 8 17 10 17 10 10 10 0 7 0 17 4 0 0 10
split_gain=10.5268 7.47829 2.52963 4.73968 2.78256 3.07169 2.8145 2.21997 3.31177 5.29567 4.39722 3.99236 7.48641 3.65546 3.19323 4.84516 2.81111 2.60335 2.71805 2.42995 3.12788 2.3945 3.51832 2.18397 2.16173 2.15941 3.79124 4.43602 5.71949 3.41998
threshold=1.0000000180025095e-35 1.0000000180025095e-35 1.0000000180025095e-35 3.5000000000000004 3.5000000000000004 0.17274535809018571 0.14971264367816095 2.5000000000000004 2.5000000000000004 0.11451990632318503 3.7722500000000005 0.032795698924731186 3.7286000000000006 3.5000000000000004 0.14371772805507746 3.5000000000000004 0.045983086680761107 4.2874500000000006 0.091507177033492829 3.7483500000000007 4.1158500000000009 3.6573500000000005 23.500000000000004 1.0000000180025095e-35 21.500000000000004 0.18942218080149117 3.5000000000000004 25.500000000000004 31.500000000000004 3.8963500000000004
decision_type=2 2 2 2 2 2 2 2 2 2 2 2 2 2 2 2 2 2 2 2 2 2 2 2 2 2 2 2 2 2
left_child=-1 2 4 -4 7 6 -6 14 11 10 -10 12 -9 23 17 19 -12 24 -19 21 -21 22 -16 -11 -2 26 27 -13 29 -29
right_child=1 -3 3 -5 5 -7 -8 8 9 13 16 25 -14 -15 15 -17 -18 18 -20 20 -22 -23 -24 -25 -26 -27 -28 28 -30 -31
leaf_value=0.045775720037876402 0.014316309749425278 0.044237149498498891 0.02168809050937134 -0.016189157621907577 0.015876773060252744 -0.026942015504433887 0.081459611258857589 -0.023055077256322283 -0.032752821859647445 -0.04529819420280895 -0.0082800458867460687 -0.023032449906561791 0.081874922249346282 0.025561177880758252 -0.023961328051932268 -0.040719287090407966 0.055270976379313212 -0.024592324069726872 0.03914358230113852 0.016857189573845771 -0.0046461105216568125 -0.038474498049692829 0.047335229286509718 0.01128866792278704 -0.008348492573310785 -0.017962626498326566 0.023039669775939704 0.016793116897495738 -0.013597202366296919 -0.0033529977949804135
leaf_weight=10.79821557413379 10.528737684944643 7.6615672570333109 25.44207646837458 11.155211872188373 10.320537130581213 2.2842321065254501 1.1551569011062373 2.700266476138494 1.4546689523849661 5.6295366850681585 1.834359663305803 40.163803250528872 2.4268770378548652 3.2718213307671249 2.9754369970178214 4.2132362454431123 8.5896905276458693 1.523563090013339 5.1739789370913059 65.500054069329053 22.18366723426152 4.192244476871565 2.1024087984114885 1.8348862892016766 131.22074908483773 54.30540669336915 9.1964510641992074 32.822680218610913 89.541461588582024 55.166170587064698
leaf_count=32909 3603 29859 214 458 438 133 48 916 364 432 84 14815 312 72 908 215 353 87 154 3639 591 837 277 15 15467 11199 75 8640 9404 12470
internal_value=-0.0010111 -0.00190329 -0.00255543 0.0100192 -0.00337561 0.0180765 0.0284787 -0.00393544 -0.0067618 0.0113087 0.0330907 -0.00822347 0.0318689 -0.0135572 -0.000424339 0.00638991 0.0443418 -0.00507995 0.0233336 0.00883189 0.0114259 -0.0144276 0.00848927 -0.0316978 -0.00657652 -0.00906483 -0.0068657 -0.00822862 -0.0047692 0.00426641
internal_weight=627.369 616.571 608.909 36.5973 572.312 13.7599 11.4757 558.552 308.938 22.615 11.8787 286.323 5.12714 10.7362 249.614 101.167 10.4241 148.447 6.69754 96.9538 87.6837 9.27009 5.07785 7.46442 141.749 281.196 226.891 217.694 177.53 87.9889
internal_count=148988 116079 86220 672 85548 619 486 84929 59151 1320 801 57831 1228 519 25778 6467 437 19311 241 6252 4230 2022 1185 447 19070 56603 45404 45329 30514 21110
is_linear=0
shrinkage=0.05


Tree=158
num_leaves=31
num_cat=0
split_feature=22 2 5 7 10 17 10 10 5 0 10 17 0 4 0 5 5 10 5 10 17 5 17 5 17 17 10 7 17 20
split_gain=9.55169 6.78558 1.98838 1.91649 1.83527 3.03167 2.25229 1.91796 1.80419 2.46649 2.75851 2.37381 2.30225 2.14584 1.72997 1.64306 2.278 2.66007 4.6074 1.63116 2.96342 3.13264 2.83891 2.45616 1.56264 2.97915 1.86577 1.44467 2.08158 2.81335
threshold=1.0000000180025095e-35 1.0000000180025095e-35 0.022857889237199586 2.5000000000000004 3.4034000000000004 0.098746324098436783 3.4615500000000003 3.3507000000000002 0.028778467908902695 27.500000000000004 3.7833500000000004 0.098746324098436783 26.500000000000004 4.5000000000000009 17.500000000000004 0.10726270373921382 0.096269694161260452 3.9397000000000006 0.033520599250936332 3.8797500000000005 0.07634032634032635 0.15935616262665128 0.16552511415525115 0.079077644606565925 0.15655637254901963 0.08842144452717797 4.1716000000000006 1.0000000180025095e-35 0.052289815447710192 2.5000000000000004
decision_type=2 2 2 2 2 2 2 2 2 2 2 2 2 2 2 2 2 2 2 2 2 2 2 2 2 2 2 2 2 2
left_child=-1 2 3 4 5 14 -6 -7 -4 10 11 -10 19 15 -2 16 17 18 -11 20 -12 22 23 -22 25 -19 -26 -8 29 -29
right_child=1 -3 8 -5 6 7 27 -9 9 13 12 -13 -14 -15 -16 -17 -18 24 -20 -21 21 -23 -24 -25 26 -27 -28 28 -30 -31
leaf_value=0.045585528211827958 0.041089130769554394 0.044006556810031794 0.030183232545933227 -0.024696766110294248 -0.039394082655186041 0.0030838345926940611 -0.0038557224458506678 0.090570076297978183 0.01258598910037631 0.071684078176039598 -0.026608246927713509 -0.027881808970633717 0.045643288294618181 0.027239965318047683 -0.032077069039392191 -0.029508382525120093 0.019919289803567466 0.00046877417750558177 -0.026213260190819012 0.002321013666042343 -0.025315953647756309 -0.0064842445085492046 0.086195073244151821 0.04444119641487522 0.016923750861821785 -0.044873134298335261 -0.026242843636748843 -0.036536380358115648 0.0041917572372317585 0.0096516458823232374
leaf_weight=10.293155501436557 0.18885500985197667 7.3295209724456063 5.7293874509632579 8.6925654155202192 3.112811609869822 1.0398780750110743 362.4874859174015 0.91409623879007984 6.3205393361859006 1.489826165139678 1.4424922056496168 6.3285466313827783 5.5279343593865624 3.6039535048184907 1.7948381572496144 6.8133788756094864 6.8935846453532568 6.0545068625360745 1.56977894436568 17.804361537564546 1.3844921607524141 2.6189934248104692 2.6859767665155232 1.8757365290075538 5.4614935768768174 7.9441648782230914 3.0863649505190551 6.6064824247732741 122.00760005472694 5.221528131281957
leaf_count=32826 42 29854 47 110 1512 296 74226 152 255 37 63 428 144 352 789 83 132 79 86 474 99 29 142 55 113 148 42 759 5309 325
internal_value=1.84581e-05 -0.000818271 -0.00143132 -0.00266301 -0.00223431 0.0281204 -0.00252934 0.0608165 0.00519143 0.00326307 0.0111961 -0.0082201 0.0185875 -0.00529922 -0.0136747 -0.00888391 -0.00380832 -0.0107048 0.0273718 0.0118123 0.0269531 0.0378123 0.0554473 0.0158291 -0.0168148 -0.0265387 0.000221502 -0.00221939 0.00220826 -0.0169836
internal_weight=624.324 614.031 606.702 512.066 503.374 3.93767 499.436 1.95397 94.6355 88.9061 45.9891 12.6491 33.34 42.9171 1.98369 39.3131 32.4997 25.6061 3.05961 27.8121 10.0077 8.5652 5.94621 3.26023 22.5465 13.9987 8.54786 496.323 133.836 11.828
internal_count=149008 116182 86328 83520 83410 1279 82131 448 2808 2761 1689 683 1006 1072 831 720 637 505 123 862 388 325 296 154 382 227 155 80619 6393 1084
is_linear=0
shrinkage=0.05


Tree=159
num_leaves=31
num_cat=0
split_feature=22 2 17 5 17 17 7 17 5 5 4 17 17 8 1 21 7 7 8 17 17 1 17 17 1 5 20 1 5 8
split_gain=8.43654 5.95801 1.59155 2.82305 2.67679 3.35397 2.57477 2.30078 1.91723 2.33304 3.43521 3.43764 5.96358 1.90406 2.7599 2.12789 1.80566 2.23181 2.12046 4.23121 4.74026 2.3357 2.18048 2.16878 1.53559 1.95621 1.45462 1.77059 1.45133 1.39188
threshold=1.0000000180025095e-35 1.0000000180025095e-35 0.093933823529411778 0.084561213434452887 0.07185886402753873 0.06872933396315542 1.0000000180025095e-35 0.09699820788530468 0.26100803101633901 0.041522988505747128 1.0000000180025095e-35 0.17974358974358975 0.12208672086720869 4.5000000000000009 40.500000000000007 1.0000000180025095e-35 2.5000000000000004 1.0000000180025095e-35 2.5000000000000004 0.13667496886674971 0.11970149253731345 33.500000000000007 0.12933094384707292 0.17712418300653598 16.500000000000004 0.030418690724034237 3.5000000000000004 16.500000000000004 0.060075187969924816 2.5000000000000004
decision_type=2 2 2 2 2 2 2 2 2 2 2 2 2 2 2 2 2 2 2 2 2 2 2 2 2 2 2 2 2 2
left_child=-1 2 3 4 5 24 -7 -4 9 10 16 12 -12 14 15 -6 17 -9 21 20 -20 22 -19 -21 29 -26 27 -24 -11 -2
right_child=1 -3 7 -5 13 6 -8 8 -10 28 11 -13 -14 -15 -16 -17 -18 18 19 23 -22 -23 26 -25 25 -27 -28 -29 -30 -31
leaf_value=0.045407092823395001 0.013229831684479646 0.043770262160523599 0.021414376439567229 0.018995138510581669 -0.018816879872942911 0.029631639708358096 -0.012070380076846493 -0.0005824418458182896 0.036783349584630545 -0.031835526511362032 0.048600843726796412 0.052180535853632831 -0.022737903466296956 0.042506704556588441 0.034121324339093172 0.018857800738279088 -0.023123284783774751 -0.0043025792926457496 -0.018666276745716755 -0.045785903596905438 0.0535600577644385 0.033083382831469062 -0.029100794412715986 -0.0011038667528814698 -0.0048973488468517755 -0.035520287966577913 0.047595823956548947 0.014729340405990266 -0.005750540526765816 -0.028470754529128835
leaf_weight=9.8571591188228904 16.481804070645016 7.0146263653296037 13.877330101095138 12.140203777933491 56.841518164263107 13.086882851086559 4.3924793764017513 243.13540031004231 2.7903170177014536 5.2329817670397452 3.8220896506682056 5.7398786153644314 6.5014371331781149 0.55865786224603553 1.9023813297972072 3.2246181662194422 6.3797297012060872 21.325205038883723 3.5610149260610369 5.3001617251429689 3.8259084951132536 10.719833084382115 1.5520907181780774 4.8622688557952642 75.254188574617729 4.6591454325243822 2.3454403099603942 33.823689421638846 42.651184351416305 1.3137765359133471
leaf_count=32938 3802 29859 1345 279 9916 2428 199 48375 220 318 94 126 184 5 19 106 63 989 98 128 92 63 303 103 13598 178 32 1635 1105 639
internal_value=0.00171538 0.000941655 0.000375822 -0.00340868 -0.00503687 -0.000488202 0.019066 0.00210106 0.00138565 0.00104827 0.00246011 0.0243493 0.00563346 -0.0132769 -0.0144469 -0.0165186 0.00134724 0.00188801 0.00869581 -0.006555 0.0206677 0.0125705 0.00835745 -0.0264216 -0.00414402 -0.00709967 0.0154409 0.0120592 -0.00919415 0.00880028
internal_weight=624.173 614.316 607.302 189.856 177.715 115.188 17.4794 417.446 403.569 400.778 352.894 16.0634 10.3235 62.5272 61.9685 60.0661 336.831 330.451 87.3156 17.5494 7.38692 69.7663 59.0464 10.1624 97.7089 79.9133 37.7212 35.3758 47.8842 17.7956
internal_count=149239 116301 86442 31169 30890 20844 2627 55273 53928 53708 52285 404 278 10046 10041 10022 51881 51818 3443 421 190 3022 2959 231 18217 13776 1970 1938 1423 4441
is_linear=0
shrinkage=0.05


Tree=160
num_leaves=31
num_cat=0
split_feature=22 2 12 10 1 10 0 17 17 7 17 10 7 0 17 17 7 20 0 10 17 17 10 17 17 7 17 20 10 17
split_gain=8.28046 5.83767 1.62148 1.64758 3.8142 4.30679 2.72097 2.69348 2.21862 3.66352 1.94281 1.90816 3.67474 3.78055 4.20698 4.18595 1.84428 1.80689 1.77588 2.3933 2.44042 1.94199 1.7459 1.70676 1.65628 6.30419 1.60132 4.53626 3.82357 3.05703
threshold=1.0000000180025095e-35 1.0000000180025095e-35 1.0000000180025095e-35 4.1614500000000012 22.500000000000004 4.1648000000000005 28.500000000000004 0.087595907928388769 0.067117117117117139 1.5000000000000002 0.07185886402753873 4.0981500000000013 1.0000000180025095e-35 40.500000000000007 0.13182720953326715 0.24357284113381678 1.5000000000000002 3.5000000000000004 39.500000000000007 4.1025500000000008 0.07634032634032635 0.15954545454545457 4.1163500000000006 0.048003072196620589 0.12933094384707292 1.5000000000000002 0.23145604395604399 2.5000000000000004 3.8635500000000005 0.17595459236326114
decision_type=2 2 2 2 2 2 2 2 2 2 2 2 2 2 2 2 2 2 2 2 2 2 2 2 2 2 2 2 2 2
left_child=-1 2 -2 11 5 -5 -7 8 16 10 -10 26 13 15 -15 23 -6 -9 19 -14 -21 24 -23 -13 25 -22 29 -28 -29 -4
right_child=1 -3 3 4 7 6 -8 17 9 -11 -12 12 18 14 -16 -17 -18 -19 -20 20 21 22 -24 -25 -26 -27 27 28 -30 -31
leaf_value=0.045209625852315534 0.036045949404650508 0.043513069422535029 -0.0016418829186214002 0.093935589710259421 -0.019662405356286262 -0.014220396327145335 0.034307055793318386 -0.0044894220294297675 0.08729323719297416 -0.012202179725224443 0.026704690376916786 0.0109645291482223 -0.034189913919684622 -0.032578682118751069 0.03777552438291526 0.026103175353674287 0.026636467310343255 0.039886608202176023 -0.013978475892187753 -0.019171758102222498 -0.019986732189873901 0.031909048220406848 -0.018787773510951893 -0.038769462473693839 0.062324494120838458 0.070746352464522447 0.0084623583948727956 -0.0050081438900656779 -0.046588783022230018 0.0092967307878728863
leaf_weight=9.4120669441763294 2.0528843796346328 6.6978059480607035 330.68893822014797 1.2899991995654989 4.7910462482832399 4.0572542985901219 6.2828867924399674 65.443616045289673 1.6928579506929944 2.913329124217853 5.6605862895958126 1.4431693025399059 1.6035946849733651 2.5762791628949335 4.3658168273977935 2.3784353160299352 2.4298016026150435 1.3807536114472885 8.9962081885896605 2.9817519495263722 3.9799439026974124 1.7392743155360211 3.4692424982786179 22.620259811868891 3.418469054158777 2.198677146807313 17.907851345022209 11.998894241754899 9.704764155787414 78.108827784773894
leaf_count=32915 226 29785 59666 69 232 223 450 2535 37 62 322 176 32 67 67 99 45 21 71 153 186 59 89 3555 109 31 1081 2733 1891 12157
internal_value=0.000993267 0.000244124 -0.000303042 -0.000485322 0.00549189 0.0311201 0.015691 0.00163335 0.0185355 0.0324127 0.0494332 -0.00161791 -0.00978295 -0.0207824 0.0108518 -0.0291805 -0.00273793 -0.00299794 0.00341971 0.0117811 0.0175248 0.0256606 0.000554161 -0.0354683 0.0379482 0.0176583 -0.000473862 -0.00994342 -0.024834 0.00046574
internal_weight=624.285 614.873 608.175 606.123 95.9421 11.6301 10.3401 84.312 17.4876 10.2668 7.35344 510.18 61.7711 33.384 6.9421 26.4419 7.22085 66.8244 28.3872 19.391 17.7874 14.8056 5.20852 24.0634 9.59709 6.17862 448.409 39.6115 21.7037 408.798
internal_count=149144 116229 86444 86218 3996 742 673 3254 698 421 359 82222 4694 3964 134 3830 277 2556 730 659 627 474 148 3731 326 217 77528 5705 4624 71823
is_linear=0
shrinkage=0.05


Tree=161
num_leaves=31
num_cat=0
split_feature=22 2 0 10 10 10 10 17 0 10 0 17 20 17 10 10 0 17 4 17 20 17 5 10 17 17 5 17 0 0
split_gain=7.76282 5.49033 2.16404 1.9907 2.50327 1.55848 2.99211 4.30143 3.65764 2.78651 2.77407 3.19105 2.39983 2.16939 2.07703 3.51087 1.95048 2.60386 2.11016 1.96338 1.86646 1.86324 1.85375 1.77375 3.16068 3.35847 1.73723 1.95418 2.93105 2.45891
threshold=1.0000000180025095e-35 1.0000000180025095e-35 20.500000000000004 4.4326500000000006 4.3454500000000005 4.1614500000000012 4.197350000000001 0.20483682983682985 30.500000000000004 4.1158500000000009 38.500000000000007 0.16552511415525115 2.5000000000000004 0.14670014347202298 4.1716000000000006 4.1805500000000011 27.500000000000004 0.17274535809018571 1.0000000180025095e-35 0.16784037558685447 2.5000000000000004 0.19478319783197837 0.074154940967168056 4.2275500000000008 0.07185886402753873 0.10557275541795667 0.068263570961412709 0.1283882783882784 35.500000000000007 42.500000000000007
decision_type=2 2 2 2 2 2 2 2 2 2 2 2 2 2 2 2 2 2 2 2 2 2 2 2 2 2 2 2 2 2
left_child=-1 2 -2 4 5 9 7 8 20 -4 11 12 14 -12 -10 -16 18 19 -11 -18 -7 23 -23 -8 -25 -26 27 -27 -29 -30
right_child=1 -3 3 -5 -6 6 21 -9 10 16 13 -13 -14 -15 15 -17 17 -19 -20 -21 -22 22 -24 24 25 26 -28 28 29 -31
leaf_value=0.045006843759887588 -0.020385377338652307 0.043282213010401929 0.00065807463547050676 0.040756029239044589 -0.031250639741818229 -0.002039014261654017 -0.015606799579445808 -0.033336706977895834 -0.027676738044620258 -0.016225878834251164 0.046242460132188391 0.039863130845636086 -0.029801571445967175 -0.00012373033817089421 0.076610571847074566 -0.014816753824265711 -0.01139689326576377 -0.038922784247403308 0.047407476754690064 0.040325012483495452 0.075770802581724056 0.036777316556412434 -0.0086062176039108217 0.040978777979647385 -0.030383070774797211 0.021158234888255505 0.038075356244591851 0.024927046682328896 -0.046241232203787314 0.0065724051874801962
leaf_weight=8.991326605784705 11.68466524616815 6.4340458265069165 455.19224088371266 2.0531571253668508 5.2300008130259803 0.86941183032468572 18.791914789471775 2.7101970640942445 1.0735510962549617 1.7422365583479398 7.7192188142798823 2.7484735492616883 6.661307864356786 3.5423365570604801 1.2241101958788934 1.4803616248536853 28.702199356630448 8.52302632271312 1.7682073619216678 0.9848411618731906 3.4629516243003309 5.0786197939887625 3.0655673078726977 3.7821377292275455 7.0627235025167492 6.3010717500001254 2.8219852823531246 3.0428605792112631 4.8038040772080421 3.1948862811550498
leaf_count=32873 5530 29883 73590 280 131 74 756 127 70 327 125 202 580 52 62 69 2238 589 30 20 290 163 28 106 248 194 28 222 173 28
internal_value=0.00128946 0.000574519 4.99338e-05 0.000485774 0.000277469 0.000611414 0.00664884 0.0187941 0.0246575 -0.00048641 0.0157172 -0.000186273 -0.0132935 0.0328373 0.0159585 0.0360752 -0.0126964 -0.0160453 0.0192306 -0.00842291 0.062702 -0.000158675 0.0206214 -0.00389594 0.00346676 -0.00301116 0.00755853 0.000787772 -0.0116287 -0.02676
internal_weight=620.743 611.752 605.318 593.633 591.58 586.35 89.4375 31.4919 28.7817 496.913 24.4494 13.1878 10.4393 11.2616 3.77802 2.70447 41.7205 38.2101 3.51044 29.687 4.33236 57.9456 8.14419 49.8014 31.0095 27.2273 20.1646 17.3426 11.0416 7.99869
internal_count=149088 116215 86332 80802 80522 80391 3597 1651 1524 76794 1160 983 781 177 201 131 3204 2847 357 2258 364 1946 191 1755 999 893 645 617 423 201
is_linear=0
shrinkage=0.05


Tree=162
num_leaves=31
num_cat=0
split_feature=22 2 8 0 17 5 21 17 10 10 20 10 10 10 0 10 20 0 10 10 10 10 0 0 10 17 17 17 10 17
split_gain=7.63748 5.38438 1.56634 1.48226 1.70134 2.81554 2.11568 1.43899 2.03344 1.80219 1.79671 1.39012 1.67115 2.75887 4.14569 3.06037 1.38412 2.2393 1.80946 2.55072 2.71201 1.59806 1.53494 1.44659 1.26206 1.30748 1.39658 2.41561 2.26321 1.88825
threshold=1.0000000180025095e-35 1.0000000180025095e-35 1.5000000000000002 22.500000000000004 0.19859154929577469 0.14118503296515114 1.0000000180025095e-35 0.1082709215239336 3.7850500000000005 3.5588000000000002 3.5000000000000004 4.4326500000000006 4.3360500000000011 4.2928500000000005 35.500000000000007 4.2814000000000005 2.5000000000000004 21.500000000000004 3.7844500000000005 3.6069500000000008 3.4615500000000003 3.4034000000000004 17.500000000000004 21.500000000000004 3.4034000000000004 0.29217479674796754 0.21244358478401035 0.19859154929577469 3.7888500000000005 0.21913109756097562
decision_type=2 2 2 2 2 2 2 2 2 2 2 2 2 2 2 2 2 2 2 2 2 2 2 2 2 2 2 2 2 2
left_child=-1 2 -2 4 5 7 -6 16 9 -9 -11 12 13 15 -15 24 17 18 19 20 22 -18 -4 -23 -5 26 27 -26 -29 -28
right_child=1 -3 3 11 6 -7 -8 8 -10 10 -12 -13 -14 14 -16 -17 21 -19 -20 -21 -22 23 -24 -25 25 -27 29 28 -30 -31
leaf_value=0.044809595538149422 0.035545284005280696 0.043018586123012494 0.033952970817154447 0.041633222255295033 -0.043497034657458612 0.028698957079850547 0.019960016736518565 0.024997288156761124 0.040259346058043384 -0.03221519960821459 0.037773465129777924 0.035847823667736561 -0.024653845983280881 0.071123889557148934 0.0017592833459405663 -0.046689608450616905 0.031616256629142095 -0.029691556445814095 0.050730589613898883 -0.03543727391524825 0.048096572440558455 -0.046011824647056172 -0.033259741125241549 -0.01096957039960055 -0.00070040806530284399 0.015525108070538514 -0.026414178905541638 -0.022971575577559085 0.018180657293460349 -0.0033868544864718245
leaf_weight=8.6134492373676022 1.9807282630354155 6.1540458143717833 0.28668334614485713 0.80497165094129641 5.2223164461902334 4.4014649484306565 1.0339563866145907 1.9860013156430776 2.1180788523051888 4.6237850355682895 0.2300858343951403 1.6795089180814091 5.9293766778428099 2.3901286195032281 6.0525612680939957 2.5490481294691554 0.3237378632184108 4.1986002656631163 1.2188760275021193 2.3522459119558334 2.4666914234403521 6.3160338273737562 1.9724795012734828 6.3052343289600685 442.40303981036413 11.830930836265905 10.285954709164796 2.920626288396309 27.560672773979604 44.058929918683134
leaf_count=32950 227 29847 67 125 1876 38 9 931 561 1890 25 264 156 70 108 93 155 1505 151 665 1076 2807 1052 1497 59576 1129 1352 696 2654 5659
internal_value=0.000589561 -0.000105276 -0.000613772 -0.000791047 -0.00941249 -0.0051118 -0.0317042 -0.0101266 0.00657434 -0.00766145 -0.0230116 -7.99002e-05 -0.000252348 5.45065e-05 0.026849 -0.000411191 -0.0160334 -0.00363269 0.0113294 -0.000895713 0.0194833 -0.0268847 -0.0169299 -0.0305962 -0.000106761 -0.000246065 -0.000628688 0.000250326 0.0136331 -0.00814379
internal_weight=620.27 611.657 605.503 603.522 45.0563 38.8 6.25627 34.3985 8.95795 6.83987 4.85387 558.466 556.786 550.857 8.44269 542.414 25.4406 12.4956 8.29698 7.0781 4.72585 12.945 2.25916 12.6213 539.865 539.06 527.229 472.884 30.4813 54.3449
internal_count=149211 116261 86414 86187 14305 12420 1885 12382 3407 2846 1915 71882 71618 71462 178 71284 8975 4516 3011 2860 2195 4459 1119 4304 71191 71066 69937 62926 3350 7011
is_linear=0
shrinkage=0.05


Tree=163
num_leaves=31
num_cat=0
split_feature=22 9 8 5 7 1 10 20 10 8 17 17 5 7 10 10 10 20 5 17 17 8 5 8 5 5 10 10 10 5
split_gain=7.25964 5.13739 1.51116 1.42741 1.28164 1.89033 3.77607 2.20544 4.40015 3.59314 3.14614 1.72032 1.4191 4.45996 1.92425 2.95461 2.59076 1.71545 1.51005 2.15898 4.73117 4.61971 2.53309 1.73009 1.34163 1.47131 1.70776 3.20516 2.75599 1.22889
threshold=1.0000000180025095e-35 2.5000000000000004 1.5000000000000002 0.32272530015912054 1.5000000000000002 23.500000000000004 4.0005000000000015 2.5000000000000004 4.0603500000000006 2.5000000000000004 0.11378020713463753 0.13840996168582378 0.0930484244437733 1.0000000180025095e-35 4.2524500000000005 3.8731500000000003 3.8490500000000005 2.5000000000000004 0.023952954675846246 0.16784037558685447 0.20638945233265724 2.5000000000000004 0.039886363636363643 2.5000000000000004 0.02788888888888889 0.085867895545314918 3.7835500000000004 3.7339000000000007 4.1281500000000007 0.13647450110864748
decision_type=2 2 2 2 2 2 2 2 2 2 2 2 2 2 2 2 2 2 2 2 2 2 2 2 2 2 2 2 2 2
left_child=-1 2 -2 4 12 6 -6 9 -9 11 -10 -7 18 14 15 16 -14 -17 -4 24 21 22 -21 -22 -20 26 27 -26 -28 -19
right_child=1 -3 3 -5 5 7 -8 8 10 -11 -12 -13 13 -15 -16 17 -18 29 19 20 23 -23 -24 -25 25 -27 28 -29 -30 -31
leaf_value=0.044591005535163555 0.035214620406222918 0.042772035820332059 -0.0018019720679165749 0.037042624424743945 -0.0078409619602072943 0.0067768950120371714 0.065556491067529504 -0.045256215913603098 0.022810934765519725 -0.020829823306727554 -0.015883755820642394 0.033979084290092852 -0.0016620633039568903 -0.055386252417295126 0.030121228080120039 -0.0009288479401494739 0.049256388042765914 -0.045546777960266599 0.029127811481806782 0.01892318629251721 -0.026321847003807072 -0.010669867638519603 0.10317601083485091 0.017529648722206814 -0.016984749642639595 0.026691593006126054 -0.025787553099511026 0.059896723841145243 0.010305461853841224 -0.011901496130207898
leaf_weight=8.2265848030801845 1.9340884867124248 5.9106202074181047 458.96408941200934 1.4877940515289072 3.0105187357403329 12.391613460611557 2.6436109347268939 5.0747865028679398 9.4317197494674492 5.8285180686507365 9.6127219863701594 11.103786797728388 10.609085113508625 3.914946047589182 2.6825419077649704 7.6483666351996371 2.2433957532048217 5.9813897358253598 2.5776227153837707 1.9439300410449485 3.4573345694225281 1.8365958980284629 2.409681347431615 3.5806529866531491 2.2204510199371792 2.6146671590395263 13.617416488006713 1.5180562464520333 7.5957192815840235 6.0075834877789021
leaf_count=32904 220 29926 82532 224 109 173 56 107 116 98 132 86 298 51 40 73 42 225 18 54 191 39 100 37 264 107 625 87 91 93
internal_value=0.000571373 -9.4453e-05 -0.000583986 -0.000757205 -0.00091228 0.00601814 0.031171 0.00283338 -0.00818236 0.011865 0.00346168 0.0204948 -0.00167845 -0.0107328 -0.00436875 -0.00803082 0.0101399 -0.0198385 -0.000953996 0.00785767 0.0239111 0.0524658 0.0761179 -0.00460663 0.000271313 -0.00335215 -0.00740762 0.0202859 -0.0129817 -0.0309016
internal_weight=618.08 609.853 603.943 602.009 600.521 59.0973 5.65413 53.4431 24.1192 29.3239 19.0444 23.4954 541.424 39.0873 35.1724 32.4898 12.8525 19.6373 502.336 43.3721 13.2282 6.19021 4.35361 7.03799 30.1439 27.5663 24.9516 3.73851 21.2131 11.989
internal_count=149118 116214 86288 86068 85844 877 165 712 355 357 248 259 84967 822 771 731 340 391 84145 1613 421 193 154 228 1192 1174 1067 351 716 318
is_linear=0
shrinkage=0.05


Tree=164
num_leaves=31
num_cat=0
split_feature=22 2 10 0 19 5 10 0 10 10 10 10 10 7 0 12 0 10 10 8 10 10 0 0 0 10 7 0 7 0
split_gain=6.94965 4.88732 1.93861 6.65943 2.31761 1.7006 1.93132 1.57086 2.59452 2.14289 1.52073 2.55456 1.55469 1.49785 1.49778 3.82331 1.48104 1.47491 3.06495 7.6582 2.9857 3.75217 3.00563 2.09372 2.0997 1.47364 1.42072 1.4011 3.07315 1.92473
threshold=1.0000000180025095e-35 1.0000000180025095e-35 4.0695500000000004 26.500000000000004 1.0000000180025095e-35 0.037210107303565255 4.1313500000000012 36.500000000000007 3.8275000000000001 4.0603500000000006 3.4034000000000004 3.4615500000000003 3.3507000000000002 2.5000000000000004 46.500000000000007 2.5000000000000004 18.500000000000004 3.9703000000000004 3.9900500000000005 2.5000000000000004 3.9302500000000005 3.9233500000000006 42.500000000000007 45.500000000000007 38.500000000000007 4.0151500000000011 2.5000000000000004 31.500000000000004 1.5000000000000002 32.500000000000007
decision_type=2 2 2 2 2 2 2 2 2 2 2 2 2 2 2 2 2 2 2 2 2 2 2 2 2 2 2 2 2 2
left_child=-1 2 7 5 14 6 -4 9 -9 10 12 -12 16 17 27 26 -2 20 19 -19 21 22 -10 24 25 -20 -16 28 -5 -29
right_child=1 -3 3 4 -6 -7 -8 8 13 -11 11 -13 -14 -15 15 -17 -18 18 23 -21 -22 -23 -24 -25 -26 -27 -28 29 -30 -31
leaf_value=0.044372849000306545 0.027914368829110421 0.042471381858179717 0.12255595210784415 0.0040208138999360248 0.046970225044476628 0.022187577710673773 0.018631648481148743 0.033527891166924721 -0.021828406400013153 -0.033176474739550009 -0.041205074383333824 -0.0032110013459988778 0.050520429052245776 -0.033852687446956457 0.033655973678867274 -0.034292996301629602 -0.029289051982151038 0.079192281306771417 -0.03578487442796642 -0.022403221279163124 -0.029202749416013876 0.056684683818595719 0.038651219448926626 -0.031865261873458055 0.018666684510314932 0.0024799698521757603 -0.0073802559234781174 -0.02494864824465165 0.058811741296263403 -0.0010833049533268324
leaf_weight=7.870295056840404 1.1388662285171443 5.6352245495654634 0.63626576284877856 33.129612903809175 1.7954572769813228 3.4014527276158333 1.2124883115757255 5.9784992733038953 7.0051033697091061 5.1313348948024204 3.4916645127232178 342.09266596182715 1.6414374478626994 1.9077412467449892 10.487251116894184 2.2801751962397239 1.4127837525447828 3.4425523001700631 2.6970593654550665 2.5780642693862319 8.0723060723394138 2.0786791965365401 1.7845526244491337 3.0437042498961082 14.356895464938132 7.5146993324160576 2.1935863360995418 8.0949951088987273 1.7933710459619749 120.52606540243141
leaf_count=32918 377 29777 73 4024 15 48 187 105 230 781 1544 69969 353 16 149 34 546 100 140 36 240 37 24 27 327 306 269 1074 29 5146
internal_value=0.000435863 -0.000206335 -0.000676447 0.00356058 0.00179159 0.0543044 0.0848639 -0.00257319 0.00482081 -0.00384279 -0.0033191 -0.00371266 0.0235859 0.00112312 0.00107803 0.0156981 -0.00308675 0.00300049 0.00919013 0.038694 -0.00790018 0.00904943 -0.00685543 0.00162958 0.00686308 -0.00991661 0.0265368 -0.00034669 0.00839328 -0.0027662
internal_weight=614.425 606.555 600.919 185.551 180.301 5.25021 1.84875 415.369 60.4599 354.909 349.777 345.584 4.19309 54.4814 178.505 14.961 2.55165 52.5736 33.633 6.02062 18.9406 10.8683 8.78966 27.6124 24.5687 10.2118 12.6808 163.544 34.923 128.621
internal_count=148901 115983 86206 11048 10740 308 260 75158 1588 73570 72789 71513 1276 1483 10725 452 923 1467 936 136 531 291 254 800 773 446 418 10273 4053 6220
is_linear=0
shrinkage=0.05


Tree=165
num_leaves=31
num_cat=0
split_feature=22 2 5 17 21 20 20 1 10 20 10 1 17 10 17 10 10 5 1 17 1 5 4 10 17 17 1 1 10 17
split_gain=6.65441 4.68287 1.55881 2.86046 1.44949 2.93006 2.7325 2.01473 2.26733 2.22541 2.24945 3.0852 1.96228 2.52555 3.83263 1.68677 3.20613 2.94799 2.82466 2.78878 2.45016 1.90192 2.90738 2.3727 1.77661 2.60744 1.5543 1.86969 4.06488 6.70575
threshold=1.0000000180025095e-35 1.0000000180025095e-35 0.18738957597173148 0.26975051975051983 1.0000000180025095e-35 3.5000000000000004 3.5000000000000004 23.500000000000004 3.6069500000000008 5.5000000000000009 3.7286000000000006 17.500000000000004 0.093933823529411778 3.9543000000000004 0.14194139194139196 3.7819500000000006 3.7835500000000004 0.14118503296515114 15.500000000000002 0.13182720953326715 10.500000000000002 0.031373031496062999 1.0000000180025095e-35 3.7720000000000007 0.27842377260981915 0.12208672086720869 15.500000000000002 18.500000000000004 3.8138000000000001 0.19859154929577469
decision_type=2 2 2 2 2 2 2 2 2 2 2 2 2 2 2 2 2 2 2 2 2 2 2 2 2 2 2 2 2 2
left_child=-1 2 4 -4 5 15 -6 8 -7 10 -10 -12 -8 14 -14 17 19 18 20 -17 -2 22 23 24 25 -20 -18 28 29 -28
right_child=1 -3 3 -5 6 7 12 -9 9 -11 11 -13 13 -15 -16 16 26 -19 21 -21 -22 -23 -24 -25 -26 -27 27 -29 -30 -31
leaf_value=0.0441483163118725 0.021897279950556486 0.042202050194189426 0.035927221878647504 -0.022783528579192188 0.017470596527132141 0.045658155440069945 -0.039971716579069339 0.049951687726696108 -0.029963501786244663 -0.036650447848657258 0.063138803681800512 -0.0073770600289757285 0.078483326569874057 -0.021515417153674225 -0.013628229259776562 -0.0098982791710905699 0.011529850747576703 0.033759755013188446 -0.0076716397105996668 0.064176062310614831 -0.025747801223810249 -0.037860740816700766 0.064293775346955503 -0.033001176076442977 -0.034682336702908413 0.017270156251487149 -0.012288717396027438 -0.0010169117837486035 -0.016409283109076713 0.095643466857578824
leaf_weight=7.5311778743489404 2.2036981144919983 5.4065266725228858 6.0258776617702079 2.1521580801345408 24.548229755368084 1.9887478221207846 3.0959081880282593 3.1484506940469137 1.4756974400952438 2.5184048390947282 1.9917765329591928 2.8386221439577639 1.1485484973527493 3.7932714777998626 1.8644282734021542 1.6382524513173837 20.711878711124882 2.9600824164226642 21.397399396984838 2.4500029196497053 30.049058647011407 2.6516343341208986 0.67792264930903812 4.6840701128821811 2.1781569226877755 18.785215060226619 3.3962545569520435 385.51891713519581 42.747602791176178 1.2765469602309165
leaf_count=32937 914 29809 310 33 211 127 162 67 84 140 83 127 62 116 107 415 4581 50 5698 507 14374 168 5 1168 503 4952 1012 39638 10305 239
internal_value=0.000297018 -0.000320475 -0.000773285 0.0196777 -0.00108865 -0.00170945 0.0087187 0.0201268 0.00794942 -0.00433124 0.0118256 0.0275418 -0.0125903 0.00338945 0.0322923 -0.00230651 -0.00109339 -0.00870697 -0.0106138 0.0383812 -0.0219318 -0.00308153 -0.000411675 -0.00266289 0.00137551 0.00412477 -0.00153277 -0.00218282 -0.0114446 0.0288592
internal_weight=612.855 605.323 599.917 8.17804 591.739 557.288 34.4504 13.9617 10.8132 8.8245 6.3061 4.8304 9.90216 6.80625 3.01298 543.327 457.739 85.5872 82.6272 4.08826 32.2528 50.3744 47.7228 47.0448 42.3608 40.1826 453.651 432.939 47.4204 4.6728
internal_count=148904 115967 86158 343 85815 85157 658 628 561 434 294 210 447 285 169 84529 56697 27832 27782 922 15288 12494 12326 12321 11153 10650 55775 51194 11556 1251
is_linear=0
shrinkage=0.05


Tree=166
num_leaves=31
num_cat=0
split_feature=22 2 10 13 10 0 10 10 17 8 10 17 17 0 17 17 10 10 0 10 0 10 20 0 0 5 10 17 13 8
split_gain=6.24142 4.40049 1.56534 3.11948 4.19049 5.83204 3.88415 4.05255 4.75243 2.95583 2.76666 2.64443 2.57186 2.25723 2.21646 3.21562 3.4793 3.10462 2.34844 3.7699 3.00493 2.36148 3.84282 2.22553 2.37703 2.19297 2.12921 4.38898 3.28424 3.24915
threshold=1.0000000180025095e-35 1.0000000180025095e-35 3.9233500000000006 1.5000000000000002 3.8730000000000007 41.500000000000007 3.8441500000000004 3.8544000000000005 0.10501253132832082 2.5000000000000004 3.8589000000000007 0.15331196581196585 0.22996794871794876 30.500000000000004 0.07185886402753873 0.098746324098436783 3.8275000000000001 3.8313500000000005 24.500000000000004 3.5588000000000002 37.500000000000007 3.7037500000000008 3.5000000000000004 23.500000000000004 22.500000000000004 0.18956442831215972 3.9409000000000005 0.15331196581196585 1.0000000180025095e-35 2.5000000000000004
decision_type=2 2 2 2 2 2 2 2 2 2 2 2 2 2 2 2 2 2 2 2 2 2 2 2 2 2 2 2 2 2
left_child=-1 2 3 4 6 -6 14 11 -9 10 -10 -8 -13 -12 18 16 25 -17 19 -2 -20 -21 23 24 -23 -16 27 -4 29 -29
right_child=1 -3 26 -5 5 -7 7 8 9 -11 13 12 -14 -15 15 17 -18 -19 20 21 -22 22 -24 -25 -26 -27 -28 28 -30 -31
leaf_value=0.04391330734387458 -0.017653971713264032 0.041933229752923157 -0.0021099163741548892 0.029027038332678515 -0.021306905466335676 0.05429270045080542 0.059932305081351611 -0.029283867447015208 -0.027346848452075363 0.049841474407552419 0.034640983617297248 -0.03103643543314661 0.044729095267877349 -0.026847862838391769 -0.033749279897534991 -0.00071647245783628809 0.046533784578904773 -0.032268832196420301 -0.011124303768649929 0.043433511592273398 0.04367020424493738 -0.020308113887444041 0.071015310848040844 -0.037245868755983617 0.041711242602983374 0.030386042460154274 0.00067511600049718998 0.08189972745373561 -0.025014115505410158 0.013379936307926289
leaf_weight=7.2028774286882244 5.5295084048993912 5.1934466567181508 12.617569466587158 6.1404570634476832 46.464278693310916 1.75474487338215 5.5829096453962865 6.6459308690391508 3.6869047177024168 4.1591177608352146 5.3447183822281659 1.7083771501202138 0.90999252465553571 1.1432535576168446 19.180836142273627 78.244857893500011 0.712000478990375 7.6652356539852908 23.652669876581061 9.062283967155965 1.7978510721586634 2.1433311796281469 0.83744796831160773 2.8601947238203138 2.1835198868066072 0.67278788983821769 339.37876893323846 3.6770738984923792 0.9500183667987584 3.4842311956454068
leaf_count=32923 2411 29867 1951 126 8995 22 807 1434 850 336 977 340 107 186 6054 19704 129 1463 5671 1737 36 218 28 883 155 3 30626 798 64 177
internal_value=0.000592507 3.5647e-06 -0.000429841 -0.00356734 -0.00455115 -0.0175086 -0.00107406 0.0153477 0.0030623 0.0189912 0.00304911 0.0430269 0.000379692 0.0216675 -0.0042536 -0.00825291 -0.0255311 -0.0038706 0.00459316 0.0159819 -0.00574889 0.0272411 0.00616811 -0.00913918 0.0129445 -0.030223 0.00164864 0.0168228 0.0432727 0.0542866
internal_weight=610.587 603.384 598.191 238.083 231.943 48.219 183.724 29.1812 20.9799 14.334 10.1749 8.20128 2.61837 6.48797 154.543 106.476 20.5656 85.9101 48.0668 22.6163 25.4505 17.0868 8.02449 7.18705 4.32685 19.8536 360.108 20.7289 8.11132 7.16131
internal_count=149078 116155 86288 52672 52546 9017 43529 5037 3783 2349 2013 1254 447 1163 38492 27353 6186 21167 11139 5432 5707 3021 1284 1256 373 6057 33616 2990 1039 975
is_linear=0
shrinkage=0.05


Tree=167
num_leaves=31
num_cat=0
split_feature=22 2 17 5 5 8 0 21 20 20 17 17 5 20 8 5 0 0 4 17 5 17 17 5 0 0 0 0 17 0
split_gain=5.8433 4.11697 1.71552 1.40954 2.55741 1.24955 1.40285 1.44932 2.4301 1.66606 1.44903 1.41264 2.44177 1.68413 1.52204 1.96635 1.40982 3.74879 1.20605 1.17892 1.14981 0.906574 0.882114 0.919809 0.764425 1.57666 1.14918 0.67727 0.676698 1.11777
threshold=1.0000000180025095e-35 1.0000000180025095e-35 0.29217479674796754 0.13025804171085192 0.10268392044092979 1.5000000000000002 22.500000000000004 1.0000000180025095e-35 3.5000000000000004 3.5000000000000004 0.06472559698366151 0.17974358974358975 0.14118503296515114 2.5000000000000004 2.5000000000000004 0.046927432885906048 36.500000000000007 30.500000000000004 1.5000000000000002 0.17274535809018571 0.32272530015912054 0.045983086680761107 0.34698996655518399 0.039886363636363643 20.500000000000004 18.500000000000004 21.500000000000004 19.500000000000004 0.26726190476190481 39.500000000000007
decision_type=2 2 2 2 2 2 2 2 2 2 2 2 2 2 2 2 2 2 2 2 2 2 2 2 2 2 2 2 2 2
left_child=-1 2 5 4 22 -2 11 8 20 -9 21 12 13 14 15 24 17 -11 27 -12 28 -10 23 -4 25 -7 -26 -15 -8 -30
right_child=1 -3 3 -5 -6 6 7 9 10 16 19 -13 -14 18 -16 -17 -18 -19 -20 -21 -22 -23 -24 -25 26 -27 -28 -29 29 -31
leaf_value=0.043674694928904467 0.033485476668542735 0.041649008689239653 0.024993011365271822 -0.010526653683824093 0.075576757417024798 0.028664511213388789 -0.0010523781956372239 0.018175230300247775 0.014089627071349762 -0.022816318659210164 0.035898289487756495 -0.027073955517894838 0.025303962770534372 0.0099669888544124171 -0.031763066291389579 -0.031530701333482465 -0.035021106320622351 0.04013109583396085 0.014656165779167783 -0.0072073002861004201 0.034398316580909194 -0.029499585097840616 -0.013331328899474538 -0.019875878238427541 0.044212125047941891 -0.020841155990607364 0.003309496140375295 -0.027834283981877039 -0.023596080913310877 0.025676564820056893
leaf_weight=6.8943877476121989 1.7000359975500021 4.9830288100492899 7.0029539017705229 3.0468913465738288 1.1027895973529656 1.8472631345503012 492.50248366652522 20.868913340382278 1.5557899707928293 4.5237611220218259 8.1258199342992139 7.883889728866051 4.8351185163483015 0.80134422576520492 1.7291731257573708 1.5585024291649467 2.0537109561264515 3.1516068028286099 1.5073814904317249 1.5584806343540538 1.2696759487735096 1.3458724077790973 1.8769107327098025 0.57280517648905505 3.2213452785508707 2.6973127466626465 3.1895727035589516 13.477075734874232 5.7257845547283059 0.53358057606965292
leaf_count=32930 208 29884 1045 76 21 775 68633 165 66 273 275 2618 36 661 1062 113 26 79 81 85 228 63 285 27 819 1579 1022 5198 822 6
internal_value=0.000934888 0.00037772 -3.29045e-05 0.0168963 0.025038 -0.000452794 -0.000608138 8.53908e-05 -0.000554175 0.0104787 0.0203128 -0.00922159 -0.00454226 -0.0100086 0.0024733 0.00920437 -0.00618578 0.00467722 -0.0207471 0.0289361 -0.0011189 -0.00850718 0.0124757 0.0196784 0.0171519 0.000822269 0.0270547 -0.0251993 -0.00127796 -0.0164374
internal_weight=613.143 606.249 601.266 13.6024 10.5555 587.663 585.963 543.215 512.617 30.598 12.586 42.748 34.8641 30.029 14.2432 12.514 9.72908 7.67537 15.7858 9.6843 500.032 2.90166 9.45267 7.57576 10.9555 4.54458 6.41092 14.2784 498.762 6.25937
internal_count=149161 116231 86347 1454 1378 84893 84685 70721 70178 543 489 13964 11346 11310 5370 4308 378 352 5940 360 69689 129 1357 1072 4195 2354 1841 5859 69461 828
is_linear=0
shrinkage=0.05


Tree=168
num_leaves=31
num_cat=0
split_feature=22 2 8 4 10 10 17 1 10 10 10 5 1 17 17 17 1 5 10 1 17 10 17 10 1 1 17 17 17 10
split_gain=5.71007 4.0173 1.29172 1.19234 1.12772 2.88654 1.96005 1.57489 1.30605 1.26343 3.93989 3.1491 3.71268 2.73772 2.38566 2.3386 3.31566 3.63379 2.13191 4.86926 2.98305 2.65249 3.58281 3.52418 3.89347 3.07888 2.58446 3.33169 3.64809 4.39643
threshold=1.0000000180025095e-35 1.0000000180025095e-35 1.5000000000000002 8.5000000000000018 3.4034000000000004 3.4615500000000003 0.098746324098436783 9.5000000000000018 3.3507000000000002 3.8667500000000001 3.7819500000000006 0.14118503296515114 17.500000000000004 0.07634032634032635 0.052289815447710192 0.17595459236326114 20.500000000000004 0.1356978447373928 3.9227000000000003 33.500000000000007 0.070505385252692634 3.9409000000000005 0.15331196581196585 3.9379500000000003 25.500000000000004 25.500000000000004 0.20638945233265724 0.14194139194139196 0.079156223893066008 3.8936000000000006
decision_type=2 2 2 2 2 2 2 2 2 2 2 2 2 2 2 2 2 2 2 2 2 2 2 2 2 2 2 2 2 2
left_child=-1 2 -2 4 6 -6 7 -4 -8 10 11 12 13 -7 -14 -12 17 -17 19 20 -11 22 23 25 -25 -20 27 28 29 -22
right_child=1 -3 3 -5 5 9 8 -9 -10 18 15 -13 14 -15 -16 16 -18 -19 21 -21 26 -23 -24 24 -26 -27 -28 -29 -30 -31
leaf_value=0.043438371481074801 0.033696137480003739 0.041351134778701504 0.038151450050372321 0.033052301841188722 -0.041554317797853929 0.00023094016269627397 0.00082057398277769376 -0.031375268035205919 0.067760317580456142 -0.040541414065950056 0.0052199839709664323 0.030238377538005574 -0.022683323912526046 -0.023816752158757351 0.010831031278056501 0.044639380724661989 -0.0012781634718079097 -0.02960383906203376 -0.036414679898419754 0.055244464054947685 0.055795408876604585 -0.0020467393771137644 0.037737086647668713 0.051169366267670192 -0.030865981400515347 0.020217920168710497 -0.032809874263475501 0.015732011925641037 -0.026371471855187831 -0.040587304217162078
leaf_weight=6.6108859424712128 1.7422270034439851 4.7773013816768062 0.22546057356521387 1.6056417049840082 3.3667104482883579 18.354409142979421 1.1166357727488503 1.6655493605649097 1.2405271066818386 8.4522147709503752 57.557069675880484 5.2270876462571314 5.3910719929262987 32.225580902129877 31.306150810327381 13.701204172335567 8.4639601584058237 1.1634487789124239 6.4127862656023371 1.6160390330478538 2.4420825873967291 338.73915731383022 9.1437691742321459 3.8530748903285703 1.2850572410970924 2.7775943400338292 7.8628553019370875 13.75187882571481 14.869954898487775 0.94219780690036703
leaf_count=32989 216 29869 42 300 1564 4677 302 782 154 1816 11030 71 915 13891 5902 2609 839 33 1392 21 448 30364 1167 705 82 144 1258 2507 2882 87
internal_value=0.000401378 -0.000143139 -0.000544111 -0.000700803 -0.000847647 -0.00105154 0.0222318 -0.0127565 0.0457397 -0.000748208 0.00282216 -0.00420965 -0.00659193 -0.0152551 0.00543643 0.0108172 0.0238448 0.0373287 -0.00225345 -0.011832 -0.0151499 -0.000903942 0.014998 -0.00102821 0.0289662 -0.0189943 -0.00890658 -0.00221818 -0.0158557 0.025825
internal_weight=607.89 601.279 596.501 594.759 593.154 588.905 4.24817 1.89101 2.35716 585.539 173.39 92.5043 87.2772 50.58 36.6972 80.8857 23.3286 14.8647 412.149 49.9372 48.3212 362.211 23.4723 14.3285 5.13813 9.19038 39.869 32.0061 18.2542 3.38428
internal_count=149058 116069 86200 85984 85684 84404 1280 824 456 82840 39967 25456 25385 18568 6817 14511 3481 2642 42873 9019 8998 33854 3490 2323 787 1536 7182 5924 3417 535
is_linear=0
shrinkage=0.05


Tree=169
num_leaves=31
num_cat=0
split_feature=22 2 10 10 10 10 0 0 20 10 0 0 0 10 10 10 20 10 10 20 0 10 10 0 20 0 12 0 10 10
split_gain=5.34884 3.77742 1.34319 3.56169 2.51255 3.08039 2.72372 2.17893 2.0206 1.64253 1.55921 1.53864 1.1087 1.10506 1.98532 1.61243 4.67323 2.19885 2.42213 3.52543 2.26153 1.61399 3.08633 1.95648 3.64043 4.02247 3.03458 2.39511 4.42162 2.28085
threshold=1.0000000180025095e-35 1.0000000180025095e-35 3.6069500000000008 3.6213500000000005 3.5365000000000006 3.4921500000000005 21.500000000000004 26.500000000000004 2.5000000000000004 3.4034000000000004 21.500000000000004 26.500000000000004 32.500000000000007 3.7628000000000008 3.8036000000000008 3.8424500000000004 3.5000000000000004 3.8313500000000005 3.8275000000000001 2.5000000000000004 33.500000000000007 3.8544000000000005 3.8554500000000007 24.500000000000004 2.5000000000000004 22.500000000000004 1.5000000000000002 26.500000000000004 4.0542500000000006 4.1313500000000012
decision_type=2 2 2 2 2 2 2 2 2 2 2 2 2 2 2 2 2 2 2 2 2 2 2 2 2 2 2 2 2 2
left_child=-1 2 4 11 5 9 -7 -8 10 -2 -6 -4 -11 -5 -15 16 17 18 -16 -20 -21 -17 -23 24 25 -24 -27 28 -25 -30
right_child=1 -3 3 13 8 6 7 -9 -10 12 -12 -13 -14 14 15 21 -18 -19 19 20 -22 22 23 27 -26 26 -28 -29 29 -31
leaf_value=0.043157296727501675 0.010271145839163449 0.041044025566201618 0.074656520109458932 -0.006401285931725044 0.017770777143465494 0.077006849498545749 -0.021737828028479567 0.04838648257318854 -0.044209307934359947 -0.033849953827935077 -0.024475168442804549 -0.0017580561380235991 0.022820664709268405 0.011738127640864772 -0.015153131283721947 0.018109548694873617 0.050149527544120755 -0.038489911069553635 -0.026571101259549586 0.089480452586562967 -0.015032172824716498 -0.041618831386666118 -0.026027380726928995 -0.022980627273742268 0.00067630072811728805 0.073462439946032604 -0.019478427723332914 0.00079167585577643099 0.045313475081806887 -0.0093044844035686455
leaf_weight=6.2990341500262721 4.32180310029071 4.579485767913865 1.2922011488117271 60.2147487065522 3.1089467005804163 1.2329950293060381 2.2509549583774064 0.68313234369270492 6.2942945662653074 5.1962147562881 3.7303143271710724 0.86120171099901188 0.29477822827175248 36.773293717182241 14.520214334363127 11.714768682373686 1.8048165994696308 7.8564969712169832 0.99627608247101229 1.0182002144865689 0.35578341595828544 3.4020066196098915 1.0885102397296584 24.458902675774883 14.628528092638589 4.49408970028162 0.61410304042510677 375.1577476139646 3.2679507206194094 2.9460289673879743
leaf_count=32848 1282 29839 338 15486 1114 408 705 88 2853 2515 1171 112 2 7210 2627 1936 66 1556 120 207 26 822 164 5916 2714 430 110 35654 418 204
internal_value=0.00061335 9.49159e-05 -0.000288862 0.000239234 -0.0109569 0.00381814 0.0353639 0.00273816 -0.0258415 -0.0116097 -0.00545409 0.05323 -0.0277606 -5.6257e-05 0.000711313 -0.000177689 -0.0119135 -0.0182118 -0.00715543 0.0317975 0.0674853 0.000552983 3.38404e-05 0.000462506 0.0150459 0.0441606 0.0609295 -0.000320985 -0.0135252 0.0217189
internal_weight=605.458 599.159 594.579 567.466 27.1134 13.9799 4.16708 2.93409 13.1336 9.8128 6.83926 2.1534 5.49099 565.312 505.098 468.324 26.5518 24.747 16.8905 2.37026 1.37398 441.773 430.058 426.656 20.8252 6.1967 5.10819 405.831 30.6729 6.21398
internal_count=148941 116093 86254 76116 10138 5000 1201 793 5138 3799 2285 450 2517 75666 60180 52970 4602 4536 2980 353 233 48368 46432 45610 3418 704 540 42192 6538 622
is_linear=0
shrinkage=0.05


Tree=170
num_leaves=31
num_cat=0
split_feature=2 17 17 10 10 10 10 10 20 10 1 17 10 10 17 21 20 1 10 10 10 8 7 17 10 10 17 5 17 17
split_gain=4.563 1.67491 3.30693 5.47066 4.19379 2.49582 1.86395 4.17544 2.69863 2.8561 2.42982 2.92709 2.83808 3.47769 2.66513 2.63711 2.33526 3.30311 7.36369 12.8076 3.40697 2.99417 3.80874 2.80941 2.74164 2.97893 2.6277 2.87848 2.4922 4.1198
threshold=1.0000000180025095e-35 0.093933823529411778 0.09699820788530468 3.9524000000000004 4.1949500000000013 4.1556500000000005 3.9435500000000006 3.9583500000000007 4.5000000000000009 4.0467500000000012 16.500000000000004 0.24357284113381678 3.5223000000000004 3.7844500000000005 0.19859154929577469 1.0000000180025095e-35 2.5000000000000004 27.500000000000004 3.9900500000000005 3.9852500000000002 4.0081500000000014 2.5000000000000004 1.5000000000000002 0.15954545454545457 4.0181500000000012 4.0151500000000011 0.16784037558685447 0.065828868578632224 0.12034482758620692 0.10741758241758244
decision_type=2 2 2 2 2 2 2 2 2 2 2 2 2 2 2 2 2 2 2 2 2 2 2 2 2 2 2 2 2 2
left_child=1 5 3 -3 -5 -1 10 -8 16 -10 11 12 14 -14 -4 -13 21 20 19 23 -18 26 -23 -19 25 -22 -9 -28 29 -20
right_child=-2 2 6 4 -6 -7 7 8 9 -11 -12 15 13 -15 -16 -17 17 18 28 -21 24 22 -24 -25 -26 -27 27 -29 -30 -31
leaf_value=-0.0055698766975408927 0.042411887794737313 -0.026300352218575608 0.056990354357542086 0.05359558362585886 -0.023235617161470122 0.011574807092603225 -0.02918668307078643 0.004854943765120725 -0.011004007340319479 0.093146442204822863 0.0092491628971925859 -0.042711845965911058 -0.018858739753859446 0.01474687112196545 -0.022301887681414657 0.02768029236767949 -0.030513238682226086 -0.035191636199509393 -0.013943771587958185 0.16900270780832805 -0.0099419349701074886 0.0022324618901664811 -0.043529672798547969 0.047255420495017256 -0.008134513601812424 0.072106845886662121 0.043929582748011065 -0.0051093356377257121 -0.0085268717656380999 0.036157829803051725
leaf_weight=163.14026341847784 5.5846580728248219 3.2039447908900902 2.8400952282681824 9.2814389342674968 1.5538816156913515 23.430886249334435 11.704227268783141 20.978826547157951 0.80922962725162395 0.57456089553306811 118.44065802378464 6.3070802833099142 16.223534119912078 12.964347492190425 0.84857625517179247 0.90347745880717401 16.750286717535346 1.7338532798021331 6.3528940228716229 0.80973234375414893 1.7209661196684456 65.334635465856991 3.8818841063330174 0.66868050835910242 58.140651848705602 1.3075159818254178 11.133842625800751 3.7153812605101839 31.367224366287701 8.7605614140484231
leaf_count=39322 38538 634 1717 924 101 1533 2544 1172 78 73 25478 2087 8222 3522 450 77 4613 105 330 57 462 3049 274 74 10253 226 339 78 2157 552
internal_value=0.0010135 0.000561917 0.00231788 0.0253426 0.041545 -0.0033665 0.00145774 -0.00126962 0.000244729 0.0531741 0.00566706 -0.00488407 0.00173388 -0.00393813 0.0378832 -0.0315947 -0.000296309 -0.00482431 0.00518608 0.0684893 -0.0111932 0.00519811 -0.000917409 -0.00510048 -0.00549701 0.0345877 0.0167168 0.0321115 -0.000539115 0.0155394
internal_weight=610.468 604.883 418.312 14.0393 10.8353 186.571 404.273 245.745 234.041 1.38379 158.528 40.0871 32.8766 29.1879 3.68867 7.21056 232.657 127.612 49.6929 3.21227 77.9194 105.045 69.2165 2.40253 61.1691 3.02848 35.8281 14.8492 46.4807 15.1135
internal_count=149041 110503 69648 1659 1025 40855 67989 26436 23892 151 41553 16075 13911 11744 2167 2164 23741 18829 3275 236 15554 4912 3323 179 10941 688 1589 417 3039 882
is_linear=0
shrinkage=0.05


Tree=171
num_leaves=31
num_cat=0
split_feature=22 2 19 10 10 17 17 5 10 0 20 17 0 17 0 5 21 0 0 0 0 10 5 5 0 10 17 10 0 17
split_gain=5.03278 3.40009 1.37045 1.50215 4.02443 3.27454 5.80854 4.57652 2.90996 2.61718 1.98641 2.05959 4.5224 2.66104 2.43266 1.96431 1.87586 2.32544 4.13978 2.8351 1.72564 3.16872 3.61582 2.85117 3.12847 2.95529 3.88149 2.86212 2.40115 2.38325
threshold=1.0000000180025095e-35 1.0000000180025095e-35 1.0000000180025095e-35 3.8667500000000001 3.8441500000000004 0.057983193277310933 0.093933823529411778 0.13025804171085192 3.8796000000000004 32.500000000000007 3.5000000000000004 0.1283882783882784 27.500000000000004 0.14971264367816095 27.500000000000004 0.1356978447373928 1.0000000180025095e-35 26.500000000000004 23.500000000000004 22.500000000000004 23.500000000000004 3.7844500000000005 0.14118503296515114 0.031373031496062999 28.500000000000004 3.7722500000000005 0.052289815447710192 3.7339000000000007 18.500000000000004 0.30901856763925734
decision_type=2 2 2 2 2 2 2 2 2 2 2 2 2 2 2 2 2 2 2 2 2 2 2 2 2 2 2 2 2 2
left_child=-1 2 3 4 16 9 7 -7 -5 -6 11 12 -8 -13 15 -15 20 18 19 -18 21 22 28 24 -22 26 -26 -28 -2 -25
right_child=1 -3 -4 8 5 6 10 -9 -10 -11 -12 13 -14 14 -16 -17 17 -19 -20 -21 23 -23 -24 29 25 -27 27 -29 -30 -31
leaf_value=0.042860848685378011 0.021606396022926393 0.040412891501281079 0.029060364050145421 -0.029769627721087891 0.07940641133280664 -0.045258130100420346 -0.023492684645072679 0.045043675402892135 -0.0013869077539517636 -0.015664917347790241 -0.025717315938567038 -0.02037243298822787 0.080594847524194754 0.057703540242293641 0.0017784608896697558 -0.019196060748624309 -0.0017369572115503058 0.048451255899177072 -0.040372721250424452 0.053580805717699791 0.011878524093967882 0.017165361729239669 0.019822607586750671 -0.040751659786486844 -0.036714589894166663 -0.018888402195008425 -0.0015447281272412188 0.047087141405176162 -0.025501380219662709 0.025106449423972728
leaf_weight=5.9966271153680273 2.2110170202795407 4.212665716695482 2.9898884613066903 8.2443645470775646 2.5166560106445135 5.0494302010629353 0.8754729568027021 0.95662041753530491 399.43306778580882 0.54578575515188266 0.93635688535869022 2.6842857479350632 3.3424678838346153 5.1322181217838061 4.6790217866655439 0.47242959029972542 5.3157367052044702 3.2381210792809716 2.7439655205234876 3.0239478722214699 55.92547524056863 8.3228333409642783 5.3915589819662264 5.2133796210400751 2.5053216814994803 20.269461276941001 5.8027482233010215 5.1843569581396878 30.262476868520025 1.0323677044361828
leaf_count=32844 895 29838 53 1622 422 1218 204 7 41503 53 33 652 394 866 538 6 112 51 69 28 15741 1948 83 297 445 2634 831 681 14766 18
internal_value=0.00070025 0.000207046 -0.000145358 -0.000341846 0.0034018 0.0207915 0.0131763 -0.0264989 -0.00203232 0.0627776 0.0270235 0.0311532 0.0586286 0.018659 0.0297497 0.0492965 0.000266491 0.0168926 0.00442599 0.0219104 -0.00151527 -0.00934839 -0.0154679 0.00231359 0.00470235 -0.00718451 0.0104882 0.0234164 -0.0217443 -0.0279033
internal_weight=604.51 598.513 594.301 591.311 183.634 27.1907 24.1283 6.00605 407.677 3.06244 18.1223 17.1859 4.21794 12.968 10.2837 5.60465 156.443 14.3218 11.0837 8.33968 142.121 46.1879 37.8651 95.9331 89.6874 33.7619 13.4924 10.9871 32.4735 6.24575
internal_count=148852 116008 86170 86117 42992 4393 3918 1225 43125 475 2693 2660 598 2062 1410 872 38599 260 209 140 38339 17692 15744 20647 20332 4591 1957 1512 15661 315
is_linear=0
shrinkage=0.05


Tree=172
num_leaves=31
num_cat=0
split_feature=22 9 10 0 17 10 17 10 5 10 17 0 0 0 8 20 10 10 7 17 8 17 10 17 10 10 10 17 17 17
split_gain=4.90943 3.31369 1.41236 4.56509 4.42517 4.92031 3.86612 3.61643 3.12095 2.67875 3.39147 3.26621 2.32359 2.24666 2.5404 2.31354 2.1777 3.80557 3.4044 2.66981 3.78879 2.82632 2.76674 2.53347 2.30779 1.98703 5.02958 4.395 3.38681 3.09976
threshold=1.0000000180025095e-35 2.5000000000000004 4.0151500000000011 27.500000000000004 0.13182720953326715 4.0837000000000012 0.1856158484065461 4.0252000000000008 0.037210107303565255 3.9409000000000005 0.06472559698366151 27.500000000000004 41.500000000000007 28.500000000000004 2.5000000000000004 4.5000000000000009 3.9233500000000006 3.8868500000000004 1.0000000180025095e-35 0.15331196581196585 2.5000000000000004 0.093933823529411778 3.9355500000000005 0.052289815447710192 3.9277500000000005 3.8441500000000004 3.8544000000000005 0.14971264367816095 0.15331196581196585 0.20881782945736438
decision_type=2 2 2 2 2 2 2 2 2 2 2 2 2 2 2 2 2 2 2 2 2 2 2 2 2 2 2 2 2 2
left_child=-1 2 9 4 8 -6 -7 -5 -4 12 11 -11 16 14 -9 -15 17 25 19 21 24 23 -22 -18 -21 -2 28 -28 -27 -29
right_child=1 -3 3 7 5 6 -8 13 -10 10 -12 -13 -14 15 -16 -17 18 -19 -20 20 22 -23 -24 -25 -26 26 27 29 -30 -31
leaf_value=0.042592391616509996 -0.002815098704687595 0.040077849758150083 0.055682236992357172 0.027498445174515735 -0.032155669530351365 -0.028137238969346487 0.054936574119127127 -0.037154797452535693 -0.0045755332847237989 0.047727631534578312 -0.01458073545653093 -0.004508746525371087 0.034680432453509179 -0.00075864536710642692 0.020080226970562751 0.051025233184657862 -0.024957719744298772 -0.019919450225392113 -0.025794602184199086 -0.00090378307801491789 0.045567125307560595 -0.019233226535357202 -0.025726311213521976 0.046589601908686842 0.086931913147042142 0.059059600289816029 -0.012926975095978122 0.033543201412481183 -0.0013359500456569177 -0.0082269506932230105
leaf_weight=5.7436207261125665 153.29852452414343 4.0368541397619984 9.1189374021487328 10.442705183057113 5.1804274040041474 1.2918090913444755 3.5643261540681124 7.1117893047630769 2.5452391728758803 3.5176501637324682 71.642643351457082 8.4210744337178749 3.6854166281409553 214.4935046461178 1.8440254258457569 1.1787209745962162 0.96918478631414995 26.010733764618635 3.5165034893434486 0.88613534299656649 1.2806184643413874 5.1301200848538429 2.387195669580251 3.6732137075159699 3.1744353189133108 6.0975828616647032 24.292682927334681 11.47164609259926 3.384781539440155 6.3823704853421068
leaf_count=32830 38563 29772 1535 1133 953 159 136 1166 61 675 9738 1244 55 13780 129 25 175 4932 249 104 76 948 103 626 683 790 5073 1679 444 1096
internal_value=0.0001682 -0.000308083 -0.000648305 0.00214458 0.0235566 -0.00113011 0.0318065 7.65024e-05 0.0432104 -0.00276244 -0.0104756 0.0133815 -0.000209637 -0.00131454 -0.0245367 -0.00024144 -0.000855066 -0.00227834 0.014177 0.0231688 0.0433033 0.00470408 0.00359508 0.0298768 0.0713728 4.6636e-05 0.00843582 0.00071029 0.0394303 0.018967
internal_weight=605.774 600.031 595.994 256.771 21.7007 10.0366 4.85614 235.071 11.6642 339.223 83.5814 11.9387 255.641 224.628 8.95581 215.672 251.956 230.938 21.0174 17.5009 7.72838 9.77252 3.66781 4.6424 4.06057 204.928 51.6291 42.1467 9.48236 17.854
internal_count=148932 116102 86330 19077 2844 1248 295 16233 1596 67253 11657 1919 55596 15100 1295 13805 55541 52577 2964 2715 966 1749 179 801 787 47645 9082 7848 1234 2775
is_linear=0
shrinkage=0.05


Tree=173
num_leaves=31
num_cat=0
split_feature=22 2 21 20 17 17 1 17 17 20 10 1 10 4 8 10 10 1 17 8 1 17 10 10 17 17 20 17 10 10
split_gain=4.82475 3.26728 2.26136 3.16497 1.39431 1.7506 1.5953 2.46961 3.76695 1.22915 1.6939 3.23755 2.19839 1.123 1.03775 1.04023 3.3906 2.30435 3.20969 2.37111 2.26004 1.98356 2.34478 2.47122 2.93173 1.7169 3.27332 2.82434 2.33552 2.65729
threshold=1.0000000180025095e-35 1.0000000180025095e-35 1.0000000180025095e-35 3.5000000000000004 0.17274535809018571 0.14971264367816095 23.500000000000004 0.082272360999194202 0.06472559698366151 3.5000000000000004 3.9543000000000004 22.500000000000004 4.1163500000000006 8.5000000000000018 1.5000000000000002 3.6979500000000005 3.6740000000000004 15.500000000000002 0.24357284113381678 2.5000000000000004 27.500000000000004 0.29217479674796754 3.7833500000000004 3.8494000000000006 0.30151515151515157 0.21498599439775914 2.5000000000000004 0.23582887700534763 3.9852500000000002 3.9583500000000007
decision_type=2 2 2 2 2 2 2 2 2 2 2 2 2 2 2 2 2 2 2 2 2 2 2 2 2 2 2 2 2 2
left_child=-1 2 3 13 5 6 7 8 -5 -4 11 -11 -12 14 -2 16 20 18 19 -17 -16 25 -23 -24 -25 -19 27 28 29 -27
right_child=1 -3 9 4 -6 -7 -8 -9 -10 10 12 -13 -14 -15 15 17 -18 21 -20 -21 -22 22 23 24 -26 26 -28 -29 -30 -31
leaf_value=0.042330622345686957 0.030446861350418915 0.039776798816953216 0.016816089715003781 -0.010693183239957651 -0.013116694855846912 0.066289986399307443 0.045029454581509816 -0.024997588084958493 0.0656001884735187 -0.011977220078610303 -0.042403397168994938 0.061444506790518244 0.012823745943600778 0.031344886030002017 -0.005559055613178529 0.020028764621229388 -0.03445087342161024 -0.0026519525662003426 -0.037460754743358131 -0.03096558370081955 0.047199542663110397 -0.029576192403600477 0.05889717424112078 0.040204921815846714 -0.022213072731849342 -0.016952831955373032 -0.027756634064897034 0.01606123357902059 -0.040553604092143272 0.051923105765272419
leaf_weight=5.5139271916123098 1.341523766866884 3.8887019546236834 24.508146984735504 3.1168855009600502 2.0300134634599081 1.4125285372138012 2.4223866139072916 3.3830380100989714 1.9118014937266705 3.2894922625273448 3.2370195551775396 1.4204210424795745 2.498581862077117 1.4215758468490083 38.06104484887328 25.801735669607304 9.9421770533081126 411.58515531185549 2.1592339529888696 1.6062767187831912 1.1443889867514361 1.3299769230652589 2.8353286879137141 2.35028455266729 3.3291863556951284 3.2940580504946428 19.168140788911842 11.778706145705653 4.6958650227170438 1.0956081361509857
leaf_count=32892 173 29853 207 157 129 50 49 179 69 247 122 31 44 290 14834 5722 3809 53619 354 687 15 201 178 132 222 206 3923 419 128 33
internal_value=-0.000469181 -0.000935342 -0.0012693 -0.00205011 0.0204048 0.0265321 0.016185 0.00397661 0.0243821 0.0108888 -0.00327235 0.0170485 -0.0200129 -0.00267699 -0.00282392 -0.00296265 -0.0098289 -0.00225682 0.0110495 0.0160554 -0.0028834 -0.00313145 0.0180282 0.0277908 0.00576893 -0.00363152 -0.0133926 0.000469624 -0.019332 0.00668205
internal_weight=601.573 596.059 592.171 557.217 14.2767 12.2466 10.8341 8.41173 5.02869 34.9537 10.4455 4.70991 5.7356 542.94 541.519 540.177 49.1476 491.03 29.5672 27.408 39.2054 461.462 9.84478 8.5148 5.67947 451.618 40.0324 20.8642 9.08553 4.38967
internal_count=148974 116082 86229 85578 633 504 454 405 226 651 444 278 166 84945 84655 84482 18658 65824 6763 6409 14849 59061 733 532 354 58328 4709 786 367 239
is_linear=0
shrinkage=0.05


Tree=174
num_leaves=31
num_cat=0
split_feature=22 2 12 0 10 10 10 12 17 0 7 20 20 10 10 0 20 17 17 17 20 10 10 10 0 10 10 10 1 10
split_gain=4.35415 2.92184 1.15411 1.10852 3.46106 1.52102 2.99252 1.38173 1.38126 1.50476 1.54153 1.38332 1.29765 1.25914 3.25207 4.28443 1.2447 1.23175 1.19555 4.69813 2.66688 2.56858 5.16183 4.24384 2.85519 2.94233 2.90069 4.09314 2.64125 2.51606
threshold=1.0000000180025095e-35 1.0000000180025095e-35 1.0000000180025095e-35 29.500000000000004 4.3024500000000012 4.2090500000000004 4.1614500000000012 2.5000000000000004 0.040270270270270282 36.500000000000007 1.5000000000000002 2.5000000000000004 5.5000000000000009 4.1063000000000009 4.0837000000000012 26.500000000000004 5.5000000000000009 0.055175038051750384 0.15047169811320757 0.16035714285714289 2.5000000000000004 4.1891500000000006 4.0658000000000003 4.2046500000000009 34.500000000000007 3.9139500000000003 4.0061500000000008 4.0181500000000012 22.500000000000004 4.2143500000000005
decision_type=2 2 2 2 2 2 2 2 2 2 2 2 2 2 2 2 2 2 2 2 2 2 2 2 2 2 2 2 2 2
left_child=-1 2 -2 4 5 6 7 12 9 10 -5 -11 13 14 -4 -16 18 -15 -10 -20 29 22 24 -23 26 -26 -22 -28 -25 -21
right_child=1 -3 3 8 -6 -7 -8 -9 16 11 -12 -13 -14 17 15 -17 -18 -19 19 20 21 23 -24 28 25 -27 27 -29 -30 -31
leaf_value=0.042053885136242364 0.032773731671624111 0.039410844888003525 -0.0026615859345580396 -0.042326499864273476 0.07302974722878601 -0.037164838077870181 0.032830713271534404 -0.035453150252466863 0.0042137901312242262 -0.017071095904369383 0.015442680752079661 0.024229809136874628 -0.034937500128282332 0.02034976837844053 0.074050093254553181 -0.025770556686710074 0.035475128836172529 -0.025182290906985566 -0.027132551846795968 0.012436151091664072 -0.025118219698917421 0.067687456248645417 -0.037758093749766526 0.044191872853409635 -0.022784832322103807 0.037158301449169033 0.069949107670648006 -0.016059785440738751 -0.017417070472056349 -0.019947723464468881
leaf_weight=5.2874990931886705 1.6604353364091355 3.719919117713288 225.69963830447523 4.4789116850588453 0.49955249950289626 2.2582319485954931 4.7871790661010882 2.359858817420899 209.08266040019225 3.3413130990229547 0.90782519057393063 2.8157168484758586 2.1671507097780696 0.9764657411724319 2.0436864621005948 1.0355971220415083 1.7956405067816366 8.9610405107960087 15.155102323740719 52.197352627990767 10.826832654769534 1.798275594599543 12.562181025277821 1.2629579952917991 2.0306291230954212 6.6684410576708615 1.3343754322268058 2.6997373078484088 6.5812238368671387 5.8543970112223169
leaf_count=32907 225 29715 57052 624 6 158 299 545 17218 138 41 123 137 64 88 204 46 1266 969 1230 2393 117 1455 23 134 483 178 591 285 145
internal_value=0.000662435 0.000226539 -8.47595e-05 -0.000231988 -0.00275004 -0.0031913 -0.00273399 -0.00356548 0.00162041 -0.0146765 -0.0316971 0.00256295 -0.00310781 -0.00267431 -0.00187334 0.0423915 0.00223338 -0.0192568 0.00194417 -0.00204636 0.00183963 -0.00709974 -0.0131831 0.014787 0.000924078 0.0222592 -0.0121808 0.0206333 -0.00362253 0.00888781
internal_weight=602.85 597.562 593.842 592.182 250.788 250.289 248.031 243.243 341.394 11.5438 5.38674 6.15703 240.884 238.716 228.779 3.07928 329.85 9.93751 328.054 118.972 103.816 45.7647 36.1222 9.64246 23.56 8.69907 14.8609 4.03411 7.84418 58.0517
internal_count=148859 115952 86237 86012 59819 59813 59655 59356 26193 926 665 261 58811 58674 57344 292 25267 1330 25221 8003 7034 5659 5234 425 3779 617 3162 769 308 1375
is_linear=0
shrinkage=0.05


Tree=175
num_leaves=31
num_cat=0
split_feature=22 2 21 20 8 17 10 7 17 20 7 0 8 17 17 12 0 5 10 17 10 17 17 0 5 10 10 10 17 10
split_gain=4.36685 2.9571 1.49302 2.03765 2.5125 2.8636 3.40377 2.09494 1.30228 1.29884 4.57939 3.56246 3.67863 3.5558 3.50131 3.34451 3.11978 2.82808 2.81875 7.60101 6.74204 3.69371 2.72396 2.93417 2.53557 2.79644 4.72552 4.78102 3.68093 2.75816
threshold=1.0000000180025095e-35 1.0000000180025095e-35 1.0000000180025095e-35 2.5000000000000004 2.5000000000000004 0.18942218080149117 3.7084000000000006 1.0000000180025095e-35 0.070505385252692634 2.5000000000000004 1.0000000180025095e-35 27.500000000000004 2.5000000000000004 0.043961352657004842 0.23145604395604399 2.5000000000000004 49.500000000000007 0.18956442831215972 3.9737500000000003 0.15331196581196585 3.8844000000000003 0.17974358974358975 0.12208672086720869 21.500000000000004 0.029520697167755995 4.0603500000000006 3.9277500000000005 3.9139500000000003 0.07634032634032635 4.2524500000000005
decision_type=2 2 2 2 2 2 2 2 2 2 2 2 2 2 2 2 2 2 2 2 2 2 2 2 2 2 2 2 2 2
left_child=-1 2 9 -4 5 6 -5 8 -8 15 14 18 13 -13 17 16 22 -11 19 -12 21 -21 23 -2 25 26 27 -15 -27 -30
right_child=1 -3 3 4 -6 -7 7 -9 -10 10 11 12 -14 24 -16 -17 -18 -19 -20 20 -22 -23 -24 -25 -26 28 -28 -29 29 -31
leaf_value=0.041768587871378188 0.020447866342787099 0.039116855185679804 0.037813366991568842 0.023260994493285905 0.040319992245546631 0.030588694869139905 -0.0093633080043295045 0.0036163979900124253 -0.043762214242358127 -0.0063614577815748327 -0.022836385560073419 0.041006288493872702 0.039697929790417447 -0.0061382551251166961 -0.027596054807489109 -0.022856992224513071 0.036365660427081961 0.033058368564058797 0.063079850479138277 0.15600909739414229 -0.030112936625535859 0.022157822089445067 0.006210891694285646 -0.0075343260748123022 -0.033639092802715917 -0.039092912620301117 -0.031915971126439652 0.0845086238116321 0.018451087784846509 -0.023420422850725223
leaf_weight=5.0699552855294305 9.456316677562425 3.5925493703471139 4.1408509898465118 5.4804233210161426 3.1095490735024205 4.7119433358311644 5.3452104050666112 6.6568708424456409 6.6833449217956513 212.98249605973251 5.3923406328540278 3.5342494132928541 4.8631075330777085 4.9776824223808971 18.758566515462007 12.968357077566905 5.5458350493572643 3.6693112822249523 3.4675218535121521 0.65267286729067597 0.83408956928178657 1.3260097694583235 126.62194176443154 91.736189204908442 5.8143113125115624 2.8472103448584667 13.221866548992692 0.98914824984967697 27.078706470318142 3.6973927589133373
leaf_count=32896 3353 29850 25 86 73 88 80 62 257 51236 836 118 79 386 4585 1039 331 24 305 89 93 167 8866 12200 41 126 805 51 763 84
internal_value=-0.000429288 -0.000854651 -0.00116042 0.00855387 0.00373467 -0.00142246 -0.00863158 -0.0186921 -0.0303681 -0.00180077 -0.00392735 0.00645707 0.00183217 -0.00171187 -0.00741143 0.000915865 0.00232887 -0.00554501 0.0307729 0.0117504 0.0666553 0.103862 0.00134498 -0.00474492 -0.00493163 -0.00120471 -0.0159741 0.0188619 0.00744207 0.012842
internal_weight=605.226 600.156 596.564 36.1282 31.9873 28.8778 24.1658 18.6854 12.0286 560.435 314.107 78.6963 67.0237 62.1606 235.41 246.329 233.36 216.652 11.6726 8.20511 2.81277 1.97868 227.814 101.193 58.6263 52.812 19.1887 5.96683 33.6233 30.7761
internal_count=148994 116098 86248 671 646 573 485 399 337 85577 59788 3943 2453 2374 55845 25789 24750 51260 1490 1185 349 256 24419 15553 2256 2215 1242 437 973 847
is_linear=0
shrinkage=0.05


Tree=176
num_leaves=31
num_cat=0
split_feature=22 9 4 7 0 10 10 17 17 10 17 8 0 10 0 17 10 8 0 10 10 10 10 10 10 8 10 17 17 0
split_gain=4.00681 2.70725 2.11129 3.38611 1.58415 1.7625 5.00693 3.21522 6.43866 3.17174 4.03449 2.76057 2.61561 2.3582 3.33026 2.20285 3.3616 3.94087 7.51916 5.8592 3.41641 3.27153 3.16408 4.72915 2.68846 2.48445 2.36125 2.31837 2.22595 2.25776
threshold=1.0000000180025095e-35 2.5000000000000004 1.0000000180025095e-35 2.5000000000000004 38.500000000000007 4.1069500000000012 4.1556500000000005 0.12208672086720869 0.11451990632318503 4.0779000000000005 0.06472559698366151 2.5000000000000004 37.500000000000007 4.1648000000000005 31.500000000000004 0.060915275200989494 3.9379500000000003 2.5000000000000004 27.500000000000004 3.9654500000000001 3.8667500000000001 3.8490500000000005 3.8101500000000006 3.7949000000000006 3.4034000000000004 2.5000000000000004 4.0181500000000012 0.045983086680761107 0.057983193277310933 32.500000000000007
decision_type=2 2 2 2 2 2 2 2 2 2 2 2 2 2 2 2 2 2 2 2 2 2 2 2 2 2 2 2 2 2
left_child=-1 2 3 4 5 9 -7 8 13 15 -11 12 -12 14 -8 16 20 18 -18 -19 21 22 23 25 -17 -2 -21 -28 29 -23
right_child=1 -3 -4 -5 -6 6 7 -9 -10 10 11 -13 -14 -15 -16 24 17 19 -20 26 -22 28 -24 -25 -26 -27 27 -29 -30 -31
leaf_value=0.041472811984215485 0.0053397830928578636 0.03877131585807464 0.0065019032185444818 -0.032248148280408312 0.0047822497486712419 -0.02884654985571149 0.079252506638483239 -0.013149420574472617 0.06854277404117709 -0.034926070189498774 0.045457571277704882 -0.004412582634711365 -0.019296882227000621 -0.0093996063531048245 -0.022752813462864438 0.042579052258922973 0.060606598835989713 0.13244484743167279 -0.018733435976527664 -0.020158280616201237 -0.029253667610010199 0.080351502700086716 -0.037696984546658902 0.059908724703886057 -0.0047532432682308896 -0.037955260241487855 -0.016376804508420037 0.075524900552696075 -0.019301345000106225 -0.015243473851585566
leaf_weight=4.8597479758245745 20.932465178368158 3.4513498994710963 93.093051142757758 7.8900013794191173 91.756007845746353 21.708806737326086 0.93604162870906538 18.088311387924477 3.4448103513568631 2.2705859774723676 11.197098680073395 5.0654441101942203 1.2250967775471515 12.048925380688159 0.76557687483727932 2.0427147927694014 3.4978689043782634 0.90202601021155615 7.9774243300780654 1.7097882200032475 7.6096905006561419 2.0527980702463537 3.674914314877241 2.6372957583516827 262.69969685818069 2.9043682048795736 0.59339684806764104 0.97502244589850307 0.53183744940906752 0.42122764023952175
leaf_count=32864 5244 29821 2861 106 1695 3151 83 1630 200 378 1604 387 55 1053 61 540 518 114 1807 193 1667 363 789 358 60060 1036 48 125 127 45
internal_value=0.000329537 -7.61378e-05 -0.000368281 -0.00166415 -0.00110664 -0.00247316 -0.0105324 0.00122008 0.0162277 -0.00109901 0.0178493 0.0262202 0.0381095 -0.000636617 0.0419246 -0.00231651 0.00657574 0.0255038 0.00837035 0.0618423 -0.00113015 0.00599225 0.000340263 0.00680018 -0.00422918 -0.00125123 0.0159983 0.0479161 0.0484455 0.0643727
internal_weight=598.963 594.104 590.652 497.559 489.669 397.913 56.9925 35.2837 17.1954 340.921 19.7582 17.4876 12.4222 13.7505 1.70162 321.163 56.4201 15.6555 11.4753 4.18023 40.7646 33.1549 30.149 26.4741 264.742 23.8368 3.27821 1.56842 3.00586 2.47403
internal_count=148983 116119 86298 83437 83331 81636 6178 3027 1397 75458 2424 2046 1659 1197 144 73034 12434 2805 2325 480 9629 7962 7427 6638 60600 6280 366 173 535 408
is_linear=0
shrinkage=0.05


Tree=177
num_leaves=31
num_cat=0
split_feature=22 2 21 20 17 10 17 10 10 0 10 17 17 20 17 17 17 17 10 10 5 10 7 17 10 7 7 10 5 17
split_gain=3.80487 2.56396 2.09321 2.01865 2.30492 3.45571 4.47528 1.9878 3.91261 2.87396 4.8755 3.70081 3.98701 2.83474 2.17877 2.28981 2.36196 2.45053 2.10844 1.99587 1.89708 1.7653 1.95919 2.28 1.75934 1.84814 1.72938 2.80433 1.70696 1.60835
threshold=1.0000000180025095e-35 1.0000000180025095e-35 1.0000000180025095e-35 3.5000000000000004 0.093933823529411778 3.9543000000000004 0.14194139194139196 4.0151500000000011 4.0214000000000008 27.500000000000004 4.0314500000000004 0.13182720953326715 0.1856158484065461 3.5000000000000004 0.067117117117117139 0.07185886402753873 0.07634032634032635 0.080322580645161304 4.1753500000000008 4.0837000000000012 0.037210107303565255 4.1163500000000006 1.0000000180025095e-35 0.043961352657004842 4.0081500000000014 1.0000000180025095e-35 1.0000000180025095e-35 4.0474000000000006 0.058765972142281575 0.19859154929577469
decision_type=2 2 2 2 2 2 2 2 2 2 2 2 2 2 2 2 2 2 2 2 2 2 2 2 2 2 2 2 2 2
left_child=-1 2 7 -4 -5 6 -6 24 29 10 -10 20 -13 14 21 18 -17 26 -16 -14 -12 -11 28 -24 -2 -26 27 -18 -23 -9
right_child=1 -3 3 4 5 -7 -8 8 9 13 11 12 19 -15 15 16 17 -19 -20 -21 -22 22 23 -25 25 -27 -28 -29 -30 -31
leaf_value=0.041177920471561547 -0.0031022383094435986 0.038412807374536652 0.018620502146802435 -0.038611251743995004 0.085857948436063633 -0.020350578147356611 -0.01246663163309371 0.039499913651083247 -0.036821739168176611 -0.032756623240086644 0.058086801480581776 -0.037358737015262829 -0.01311105974029615 0.044202306445652477 0.00073451068197038973 -0.041718443263123552 0.048925749934536175 -0.0011797622393016269 0.061349116237883174 0.041434828547044715 -0.0010070985354921488 -0.042206061691948515 0.036910091786836283 -0.014929871086317699 -0.044054945701152551 0.0082809553286315365 0.043629967682315446 -0.032133312330857734 0.024808772671327833 -0.020301989294131646
leaf_weight=4.6641743411528287 303.80983456491958 3.313737726515682 25.458759860601276 2.8442251998931152 1.4244474442675712 4.0877083288505673 1.795229949057102 8.0867376839742029 2.5646528170909759 8.5153599246405083 7.4490317926974985 2.8525997772812826 1.8642544321482999 2.4621039523044592 2.8940518912859252 2.4552281503565601 0.65824726875871364 183.38705898227636 1.893707539187744 4.3953025642549619 1.57808833848685 2.9308713309001164 3.4343386322725564 3.2738428488373756 4.216038513230159 2.0842777390498668 4.3199821431189775 2.0096235957462341 0.52768187294714142 0.66383911576122123
leaf_count=32902 66095 29763 218 163 64 123 107 900 507 1245 1204 564 319 54 103 97 41 12594 54 140 41 384 96 118 679 86 74 252 9 107
internal_value=0.000390928 4.10755e-06 -0.000274391 0.0113088 -0.00705344 0.00839893 0.0410721 -0.00103207 0.00229752 0.00102898 0.0183836 0.0277049 0.00416051 -0.000689661 -0.00140172 0.000177423 -0.000748837 -5.22756e-06 0.0311669 0.0256214 0.048686 -0.0172661 -0.00252023 0.0129556 -0.00369594 -0.0279784 0.0271077 -0.0042472 -0.0287104 0.0333463
internal_weight=601.915 597.251 593.937 35.6104 10.1516 7.30739 3.21968 558.327 248.217 239.466 20.7039 18.1393 9.11216 218.762 216.3 197.618 192.83 190.375 4.78776 6.25956 9.02712 18.6821 10.1667 6.70818 310.11 6.30032 6.98785 2.66787 3.45855 8.75058
internal_count=149103 116201 86438 675 457 294 171 85763 18903 17896 2775 2268 1023 15121 15067 13215 13058 12961 157 459 1245 1852 607 214 66860 765 367 293 393 1007
is_linear=0
shrinkage=0.05


Tree=178
num_leaves=31
num_cat=0
split_feature=22 2 8 4 5 17 17 5 0 10 20 21 17 10 17 21 17 10 10 10 20 0 17 1 17 0 10 7 17 10
split_gain=3.63424 2.45519 1.10666 1.1144 1.32882 1.26992 1.88501 1.50602 1.27552 1.49988 1.14953 2.40576 2.2513 3.96105 3.56985 1.66614 1.20598 1.1249 5.26884 3.71846 2.3131 2.398 1.95777 2.82756 2.6604 2.08999 2.0657 2.04661 1.94974 1.94709
threshold=1.0000000180025095e-35 1.0000000180025095e-35 1.5000000000000002 8.5000000000000018 0.22732057416267945 0.29217479674796754 0.26726190476190481 0.18738957597173148 39.500000000000007 3.5112000000000001 3.5000000000000004 1.0000000180025095e-35 0.093933823529411778 3.9581500000000003 0.14194139194139196 1.0000000180025095e-35 0.15331196581196585 3.8441500000000004 3.8544000000000005 3.8313500000000005 2.5000000000000004 30.500000000000004 0.24037037037037037 26.500000000000004 0.20881782945736438 43.500000000000007 4.0389500000000007 1.5000000000000002 0.19399641577060936 3.8275000000000001
decision_type=2 2 2 2 2 2 2 2 2 2 2 2 2 2 2 2 2 2 2 2 2 2 2 2 2 2 2 2 2 2
left_child=-1 2 -2 4 5 6 7 10 9 -8 15 -12 -13 14 -14 17 -15 19 20 29 21 -19 24 -24 28 26 27 -26 -20 -4
right_child=1 -3 3 -5 -6 -7 8 -9 -10 -11 11 12 13 16 -16 -17 -18 18 22 -21 -22 -23 23 -25 25 -27 -28 -29 -30 -31
leaf_value=0.040902792806045932 0.032362817635357762 0.038114003324714964 -0.0042495087738269174 0.032565108578458853 -0.029487899886645443 0.014470241165706089 0.025262125290582721 0.030657888946050045 0.024366269971576964 -0.03736816603993974 0.022910928802034894 -0.039448126834584138 0.080513114275405515 -0.041486307771956159 -0.0098341344697571581 0.011838214683408651 0.0069007812708108615 -0.032292472516827646 -0.0017341937098495153 -0.034591619385905291 0.052358544540418751 0.037372836245784531 0.034136311043254979 -0.014054430391074577 -0.014142887200972294 0.030287301803857743 -0.03786146628704376 0.040519813323870869 0.013471864472701118 0.03509168061224225
leaf_weight=4.4931217471457776 1.593743446166626 3.2053864907211382 108.61220690637128 1.5576376450480882 2.9303090814501038 13.170821177831384 0.39563865878153492 2.8922536838799706 0.4598730532452463 6.2296261041192338 13.723477771505713 2.8172692423686385 1.5114148366265001 2.2682396289892499 1.5934544391930101 23.026741674169898 1.715749460738152 1.6951447201427057 326.79385384474881 9.3049207231961173 5.7104694691952318 1.2805516701191662 7.7780618158867565 3.9706381242722273 12.700274088303562 1.2749827201478172 9.6245682429289428 0.98142936453223306 21.532383604557253 2.2447015596553674
leaf_count=33015 213 29918 33743 310 22 1438 56 27 5 1023 575 157 63 73 105 177 47 338 38800 2156 770 66 1087 96 2077 19 892 10 1753 339
internal_value=0.000420652 4.53223e-05 -0.00022592 -0.000369095 -0.000511907 -0.000316126 -0.000682445 -0.000337629 -0.0246538 -0.0308056 -0.000552015 0.0100122 -0.00831946 0.0073992 0.0430458 -0.00103504 -0.0234444 -0.00163419 -0.000335745 -0.00584673 0.0360874 -0.000453305 -0.00124968 0.0180247 -0.00190351 -0.0174672 -0.0212182 -0.00772896 -0.000758331 -0.00314631
internal_weight=597.089 592.596 589.39 587.797 586.239 583.309 570.138 563.053 7.08514 6.62526 560.161 23.6296 9.90613 7.08886 3.10487 536.531 3.98399 513.504 393.342 120.162 8.68617 2.9757 384.656 11.7487 372.907 24.5813 23.3063 13.6817 348.326 110.857
internal_count=149370 116355 86437 86224 85914 85892 84454 83370 1084 1079 83343 1020 445 288 168 82323 120 82146 45908 36238 1174 404 44734 1183 43551 2998 2979 2087 40553 34082
is_linear=0
shrinkage=0.05


Tree=179
num_leaves=31
num_cat=0
split_feature=22 2 8 0 20 17 10 5 5 8 7 0 10 10 8 0 20 10 17 0 10 10 17 17 17 0 10 10 10 17
split_gain=3.41876 2.3088 1.10478 0.880436 1.19086 1.39626 1.43865 0.938739 1.99749 2.72652 1.80706 1.16552 3.34205 2.467 1.94439 4.00772 1.94494 2.19565 2.4875 3.12754 1.88929 5.08379 3.55062 3.16275 2.67525 2.62643 2.39506 2.10893 1.95275 2.06004
threshold=1.0000000180025095e-35 1.0000000180025095e-35 1.5000000000000002 20.500000000000004 3.5000000000000004 0.1082709215239336 3.6213500000000005 0.022857889237199586 0.031373031496062999 3.5000000000000004 2.5000000000000004 41.500000000000007 4.197350000000001 4.2326500000000005 3.5000000000000004 31.500000000000004 2.5000000000000004 4.1416500000000012 0.08842144452717797 36.500000000000007 4.1158500000000009 4.1556500000000005 0.12208672086720869 0.11451990632318503 0.10300618921308578 40.500000000000007 4.2391500000000013 4.2275500000000008 4.2456000000000005 0.07185886402753873
decision_type=2 2 2 2 2 2 2 2 2 2 2 2 2 2 2 2 2 2 2 2 2 2 2 2 2 2 2 2 2 2
left_child=-1 2 -2 4 5 6 -4 10 -9 -10 11 14 -13 -14 20 -16 17 18 19 -17 25 -22 23 24 28 -5 -24 -26 -23 -30
right_child=1 -3 3 7 -6 -7 -8 8 9 -11 -12 12 13 -15 15 16 -18 -19 -20 -21 21 22 26 -25 27 -27 -28 -29 29 -31
leaf_value=0.040577337831546337 0.032431500663917361 0.03774342259068951 0.012749012859700327 0.00035585616013675611 0.033751165485057022 -0.039508989649050669 -0.032413271415867043 0.02412057247680947 0.0039895788686890449 -0.037660907257911824 -0.022537202176074522 0.01495810395546583 -0.03709825792450399 0.0024705078600300232 -0.034121565220008337 0.065983053582566051 0.053272025726736866 0.050298336069118245 -0.037547507265778823 -0.026382423270314211 -0.029606230159987229 0.024809091701020445 -0.0026449342245181955 0.050651600893445239 -0.042240426042388562 -0.029175872991323223 -0.036408222105917813 0.019033062842237464 0.027083826495318021 -0.036969409463911335
leaf_weight=4.3036336061632019 1.6131136409239832 3.0783268291997947 4.3621972679975407 339.46266401663888 0.28764887712895948 3.5912874063942581 1.6330192539608104 10.630783718079327 77.13486253877636 3.139622126123867 8.3451595865190011 35.99951183795929 5.1947846389375618 10.506068776361642 2.1009343370096749 0.92771198321133652 4.260781716555357 1.1568879107944665 2.3980781806167215 0.97277904255315661 20.371349260793068 11.074120611185213 16.581441752146933 3.6392163569107643 3.4742394452914587 6.6992141664959481 6.8095259817782781 1.3558927187696097 1.1260279505513602 2.3359597786329687
leaf_count=32985 225 29847 2503 70050 31 2060 889 107 2349 144 112 443 66 96 632 96 84 26 166 34 2758 826 1351 204 230 140 412 84 62 137
internal_value=0.000612622 0.000253102 -7.27688e-06 -0.000151776 -0.0142466 -0.0187389 -0.00242767 0.000114258 0.00474798 0.00191725 -0.000762614 -0.000334819 0.00668027 -0.0120587 -0.00120238 0.0179831 0.0313823 0.00868229 -0.00989696 0.0259093 -0.00179355 -0.00942819 -0.000130863 0.0135232 0.00440172 -0.000298061 -0.0135637 -0.0247257 0.0150488 -0.014735
internal_weight=594.567 590.263 587.185 585.572 9.87415 9.5865 5.99522 575.698 90.9053 80.2745 484.792 476.447 51.7004 15.7009 424.747 11.8172 9.71624 5.45546 4.29857 1.90049 412.93 66.7678 46.3964 23.0055 19.3662 346.162 23.391 4.83013 14.5361 3.46199
internal_count=149149 116164 86317 86092 5483 5452 3392 80609 2600 2493 78009 77897 605 162 77292 1038 406 322 296 130 76254 6064 3306 1543 1339 70190 1763 314 1025 199
is_linear=0
shrinkage=0.05


Tree=180
num_leaves=31
num_cat=0
split_feature=22 2 10 10 0 0 4 10 10 5 10 7 5 7 4 5 0 17 17 10 10 0 10 8 20 17 10 17 10 7
split_gain=3.30443 2.24587 1.32881 2.10444 2.64478 1.93429 1.68411 1.55084 3.03035 2.53643 2.46931 1.56968 1.51162 1.45885 1.32288 2.33095 2.9179 2.1417 3.42761 4.17505 2.09256 2.27404 4.50009 3.97069 8.30913 3.62359 2.9885 3.02719 2.5158 2.43141
threshold=1.0000000180025095e-35 1.0000000180025095e-35 4.1614500000000012 4.2090500000000004 27.500000000000004 48.500000000000007 1.0000000180025095e-35 4.2928500000000005 4.3066000000000004 0.10708313425704731 4.2814000000000005 1.0000000180025095e-35 0.31929669030732866 1.0000000180025095e-35 1.0000000180025095e-35 0.065828868578632224 27.500000000000004 0.17974358974358975 0.12208672086720869 4.1069500000000012 4.0981500000000013 26.500000000000004 4.0837000000000012 2.5000000000000004 2.5000000000000004 0.19859154929577469 3.5729000000000002 0.037749287749287756 3.4034000000000004 1.0000000180025095e-35
decision_type=2 2 2 2 2 2 2 2 2 2 2 2 2 2 2 2 2 2 2 2 2 2 2 2 2 2 2 2 2 2
left_child=-1 2 12 4 -4 6 13 10 -9 11 -5 -10 14 -6 20 17 -17 18 19 -16 21 22 23 24 25 29 -23 -28 -26 -2
right_child=1 -3 3 7 5 -7 -8 8 9 -11 -12 -13 -14 -15 15 16 -18 -19 -20 -21 -22 26 -24 -25 28 -27 27 -29 -30 -31
leaf_value=0.040231679918955598 0.027562850968588889 0.037388061601607528 0.060790224258458897 -0.0027520049435726408 -0.01007083059077696 0.051459441670414975 0.03002575718593934 0.047286772585262947 0.0092505628170897556 0.038542860815068102 -0.046007279527584856 -0.025999466539231214 -0.048077344324354378 0.011186118033296628 0.0060978743876581101 0.0060288232925478705 -0.021836658345159646 0.037793793105232093 -0.019352419251151647 0.07243310926328371 -0.01214433832127287 0.049376704699179 0.090377463052510307 -0.033844403112577796 0.038385132091461723 -0.02603448076723618 -0.027242278625771933 0.0019274530779399878 -0.015426497885886653 -0.018709233242504356
leaf_weight=4.1161728298538938 25.096039864234633 2.9634929322564849 1.8135513733141113 35.5119232989382 13.588375869207086 1.6333918911404897 5.3955477485433212 3.3380210731411379 4.8545025524217618 2.2516358934808514 2.6568540094885966 6.3103304728865623 0.73011920694261689 17.101016480242833 10.417562672635546 31.312243044842035 12.256954647600649 7.2675976806785902 7.022261628881096 2.1587964780628672 46.930754042579792 2.2206354073714456 0.18275854224339028 12.056169684277846 1.311369340866803 3.514755818177945 8.2177814748138172 253.27865196042694 69.400762621080503 2.4860782916657618
leaf_count=32817 7777 29839 69 1298 1484 17 60 71 147 307 100 90 10 351 538 906 298 250 292 24 4499 257 12 5113 303 986 1112 35093 24414 554
internal_value=0.00022046 -0.000124369 -0.000375598 0.00502824 0.0136718 0.00989472 0.00667641 -0.00132631 0.0109579 -0.000733876 -0.00686064 -0.0111721 -0.00141301 0.00175336 -0.00124743 0.00505289 -0.0021244 0.0163509 0.00695067 0.0219812 -0.00230175 -0.00105014 -0.00691693 -0.00785855 -0.00448205 0.0167156 0.00150357 0.000910476 -0.0139072 0.0228835
internal_weight=597.396 593.28 590.316 94.4552 39.5319 37.7183 36.0849 54.9233 16.7545 13.4165 38.1688 11.1648 495.861 30.6894 495.131 70.4354 43.5692 26.8662 19.5986 12.5764 424.696 377.765 114.048 113.865 101.809 31.0969 263.717 261.496 70.7121 27.5821
internal_count=149088 116271 86432 3994 1981 1912 1895 2013 615 544 1398 237 82438 1835 82428 2308 1204 1104 854 562 80120 75621 39159 39147 34034 9317 36462 36205 24717 8331
is_linear=0
shrinkage=0.05


Tree=181
num_leaves=31
num_cat=0
split_feature=22 10 10 17 5 8 17 10 5 0 17 17 13 17 17 10 7 1 0 0 10 1 0 0 1 13 1 1 10 17
split_gain=3.11572 2.61674 2.17187 2.41482 2.16287 2.0048 1.87367 1.72668 2.20036 2.10262 1.6052 2.0433 2.93632 3.95668 2.58946 1.85285 3.18112 2.26048 3.2137 1.78769 1.68013 1.57162 2.94693 1.46474 1.52952 1.42314 1.59579 1.3716 1.35679 1.91783
threshold=1.0000000180025095e-35 4.1556500000000005 4.1158500000000009 0.24357284113381678 0.096845246553929246 2.5000000000000004 0.20881782945736438 4.2090500000000004 0.029520697167755995 42.500000000000007 0.18795289855072467 0.087595907928388769 1.0000000180025095e-35 0.06872933396315542 0.043961352657004842 4.2928500000000005 1.0000000180025095e-35 26.500000000000004 42.500000000000007 49.500000000000007 4.3360500000000011 29.500000000000004 34.500000000000007 48.500000000000007 36.500000000000007 2.5000000000000004 37.500000000000007 21.500000000000004 4.1891500000000006 0.10300618921308578
decision_type=2 2 2 2 2 2 2 2 2 2 2 2 2 2 2 2 2 2 2 2 2 2 2 2 2 2 2 2 2 2
left_child=-1 2 -2 -4 7 -5 -6 23 10 27 11 12 13 -9 -14 16 19 20 -19 -13 -17 22 -18 24 28 26 -20 -10 29 -3
right_child=1 4 3 5 6 -7 -8 8 9 -11 -12 15 14 -15 -16 17 21 18 25 -21 -22 -23 -24 -25 -26 -27 -28 -29 -30 -31
leaf_value=0.039921988449116791 -0.00041559471718662143 0.022416401844780984 -0.016545045520809386 0.057477351116334688 0.038589257486651922 -0.013336421330463089 -0.0091662177271786688 -0.021278272124869404 0.018005723048982885 0.025534920546266205 0.027901760974802431 -0.0426071087994917 0.039966737519115746 0.085346455850412561 -0.023790852581316881 0.078953445700602032 -0.016321209757790892 -0.035886593646951404 0.053647875197443975 0.020913314411456843 -0.012594744953306562 -0.0091968517907211993 0.064500725721013188 0.047441374175840934 -0.021534918954253801 -0.02393617647631532 -0.0040731505030985743 -0.04164794072157392 0.023586968975042418 -0.0067527154331350802
leaf_weight=3.9591330689218003 457.19884191546589 7.9367994656931868 34.223079259172664 1.2034167452147804 7.9634451919700933 1.2717190101684537 2.2315245414356468 0.78542289920733255 0.54672635886527032 1.0133378545287994 4.6508905852388116 8.0846312070571038 1.3902941064297918 1.7470408327717448 3.7884027110922034 0.73416822827857486 1.5126325467645059 2.9422347537401947 2.3217242520186123 0.6575249766683563 0.36546760459896177 7.2850709685444599 1.4181332501102586 1.8136816774931492 2.7686819775335598 0.60300118329905661 1.6657346150968804 5.9773215122841066 14.592042597461839 14.394545542192644
leaf_count=32851 88553 769 4260 174 7515 42 2722 298 75 4198 560 830 110 210 286 100 95 128 196 135 179 398 164 527 106 92 117 950 1066 1364
internal_value=0.000454602 0.000124384 -0.00136764 -0.0129029 0.0074931 0.0277255 0.0282512 0.00482764 -0.0016912 -0.0247536 0.00315793 -0.000780826 0.0204418 0.0556154 -0.00297602 -0.00721981 -0.015715 0.0111316 -0.00146467 -0.0361733 0.0570198 0.00345632 0.0292468 0.0121506 0.00941183 0.0230707 0.0335533 -0.0349202 0.012239 0.00413075
internal_weight=597.047 593.088 493.897 36.6982 99.1905 2.47514 10.195 88.9955 47.4898 7.53739 39.9524 35.3015 7.71116 2.53246 5.1787 27.5903 18.958 8.63233 7.53269 8.74216 1.09964 10.2158 2.93077 41.5058 39.6921 4.59046 3.98746 6.52405 36.9234 22.3313
internal_count=149070 116219 93029 4476 23190 216 10237 12953 9121 5223 3898 3338 904 508 396 2434 1622 812 533 965 279 657 259 3832 3305 405 313 1025 3199 2133
is_linear=0
shrinkage=0.05


Tree=182
num_leaves=31
num_cat=0
split_feature=22 10 12 10 10 17 10 0 17 13 17 19 10 4 0 0 0 20 17 10 10 10 5 5 17 0 10 17 17 1
split_gain=3.1818 2.45692 1.52022 1.44775 2.04699 2.67806 2.52173 2.25743 1.82282 1.57474 1.61834 1.16502 1.35825 0.954582 0.943154 0.918932 0.886865 1.1547 0.98423 2.08252 2.39405 2.43197 2.0954 5.79541 3.54066 2.08479 5.27318 4.00308 3.38007 3.16705
threshold=1.0000000180025095e-35 4.4326500000000006 1.0000000180025095e-35 4.3360500000000011 4.2928500000000005 0.12034482758620692 4.2814000000000005 34.500000000000007 0.13536417773705914 1.0000000180025095e-35 0.093933823529411778 1.0000000180025095e-35 4.0181500000000012 2.5000000000000004 40.500000000000007 43.500000000000007 20.500000000000004 3.5000000000000004 0.17445652173913045 3.6370000000000005 3.6069500000000008 3.5588000000000002 0.11029946968909225 0.026432231020027949 0.20722186076772939 39.500000000000007 4.0252000000000008 0.23861283643892342 0.23368794326241138 32.500000000000007
decision_type=2 2 2 2 2 2 2 2 2 2 2 2 2 2 2 2 2 2 2 2 2 2 2 2 2 2 2 2 2 2
left_child=-1 2 -2 4 6 9 11 8 -7 10 -6 16 -13 15 -9 -5 17 -4 -18 20 21 -20 23 25 -25 26 28 -28 -21 -27
right_child=1 -3 3 13 5 7 -8 14 -10 -11 -12 12 -14 -15 -16 -17 18 -19 19 22 -22 -23 -24 24 -26 29 27 -29 -30 -31
leaf_value=0.039641620995558242 0.034409702312961442 0.040222823509016001 -0.019813925225760941 -0.049132482604258454 0.046783092971956153 -0.0098012441681678136 -0.043441800026904481 -0.013195562102831047 0.10478129600598013 -0.037826584116557878 -0.018508001699761578 -0.012317879573038008 0.044179933545805669 0.0057887092811977877 0.029873050958430614 -0.0050845499083719053 -0.0025263371680611709 0.031530445358135033 0.027660639342515305 0.010793027855751621 0.067326139241784891 -0.032214559872247105 -0.016235194785962036 0.051936548158604413 0.0066514508653744342 0.053795597417244136 -0.031805727121910078 0.017825301547810004 -0.013833080559405334 0.0025590448110219344
leaf_weight=3.8250568235307574 1.9547540377097892 2.5717240955927982 9.859200949511429 2.5670455879007923 0.89147500416583936 0.23353215526731197 2.5871072191584963 1.2863128881945161 0.79456056964409072 1.4942992589058119 1.1080032193713121 1.1191236553058836 1.9092380752044844 1.768135775993869 2.4636050424232963 2.1555545725932461 412.26808953742147 0.32237202953547317 3.7179049056285285 44.573566859864513 1.5447345816864979 1.6759785764224941 14.967714284342945 7.8204633432033033 9.1186160874931357 2.9609537394353564 21.342485426153875 4.2827963125309898 19.107210331116221 13.108995251532177
leaf_count=33039 4187 9037 5464 183 321 12 705 297 211 382 86 91 276 2496 411 438 70528 35 861 8671 294 551 1094 406 591 453 2980 485 4145 458
internal_value=-0.000799743 -0.00112769 -0.0013761 -0.00155357 -0.00126952 0.022042 -0.00164432 0.0431369 0.0867545 -0.00998641 0.0164942 -0.00137872 0.0254264 -0.0233994 0.0154317 -0.0334293 -0.00156651 -0.0155138 -0.00128396 0.0022604 0.0271611 0.00692768 0.00081454 0.00301566 0.0292885 -0.0014433 -0.0044595 -0.0231529 0.00330441 0.014598
internal_weight=595.401 591.576 589.004 587.049 580.558 8.27179 572.287 4.77801 1.02809 3.49378 1.99948 569.699 3.02836 6.49074 3.74992 4.7226 566.671 10.1816 556.49 144.221 6.93862 5.39388 137.283 122.315 16.9391 105.376 89.3061 25.6253 63.6808 16.0699
internal_count=149188 116149 107112 102925 99808 1720 98088 931 223 789 407 97383 367 3117 708 621 97016 5499 91517 20989 1706 1412 19283 18189 997 17192 16281 3465 12816 911
is_linear=0
shrinkage=0.05


Tree=183
num_leaves=31
num_cat=0
split_feature=22 9 0 0 0 7 12 4 17 17 17 10 10 10 17 10 20 17 17 10 17 10 10 10 17 0 10 10 10 0
split_gain=2.79267 2.02323 1.43553 2.06276 1.23424 2.17153 1.87948 1.35689 1.23417 2.90119 2.01709 1.40592 1.17316 3.36888 1.82042 1.1188 2.78359 2.64625 1.56553 1.46464 1.05561 2.25422 3.20904 1.85541 1.02242 0.870294 0.856841 0.902561 0.777394 2.62019
threshold=1.0000000180025095e-35 2.5000000000000004 20.500000000000004 18.500000000000004 38.500000000000007 2.5000000000000004 2.5000000000000004 1.0000000180025095e-35 0.1283882783882784 0.14670014347202298 0.12208672086720869 4.0081500000000014 4.1949500000000013 4.1648000000000005 0.085236118318630011 4.0837000000000012 2.5000000000000004 0.17883795309168446 0.17595459236326114 3.9397000000000006 0.10501253132832082 4.1206500000000004 4.0603500000000006 3.9209500000000004 0.10741758241758244 40.500000000000007 3.3251500000000003 3.4921500000000005 4.1069500000000012 30.500000000000004
decision_type=2 2 2 2 2 2 2 2 2 2 2 2 2 2 2 2 2 2 2 2 2 2 2 2 2 2 2 2 2 2
left_child=-1 2 3 26 28 6 8 -7 10 11 12 -10 13 20 -14 19 18 -18 -17 -11 21 22 23 -6 -16 -21 -2 -28 -4 -30
right_child=1 -3 4 -5 5 7 -8 -9 9 15 -12 -13 14 -15 24 16 17 -19 -20 25 -22 -23 -24 -25 -26 -27 27 -29 29 -31
leaf_value=0.039231197944898474 0.040956935149846788 0.03676753396075521 0.00024058814505537271 -0.029598414274399562 0.022392864859611245 -0.027572046403416123 -0.014346826183767697 0.017353658347029895 -0.043904814583178409 -0.0030907049745078734 0.051966088669636812 -0.006000521136402882 0.021289770818403057 0.05302890899497751 -0.030923293168626617 0.035234995697284638 -0.05002315934566387 0.0088873005136005847 0.001826117056934739 0.051026544149718946 0.029369960863451363 -0.032227628104511664 0.035435491040144255 -0.018760114215143901 0.0046330279588329953 0.016700097230827032 -0.025853371502605735 0.023979051335182616 0.0091766245485043248 -0.010608423591345627
leaf_weight=3.6413243285933268 0.82657722290605162 2.7777426230604751 390.8534009354189 7.7308113249018788 3.0164576247334605 6.4891797713935366 8.175370547687633 1.4256493332795797 2.3560881204903117 3.9170751771889618 2.6011622019577763 10.605331738479434 4.2696235664188844 4.4226832357235244 3.8769252677448094 5.1299644003156599 2.9106157519854596 3.2229545428417623 8.4666154291480762 3.1628652764484269 4.0436722529120734 2.7067598237190387 6.6387102403677991 7.8348118662834167 3.061481952201575 6.2313637416809797 1.0958207145449703 0.63223767437739287 22.36657443002332 58.779714143835008
leaf_count=32743 230 29858 72147 4592 72 66 99 276 65 60 46 254 86 61 83 58 122 99 82 96 64 83 123 192 31 90 524 178 2287 4208
internal_value=0.00059814 0.000293538 5.86431e-05 -0.0176025 0.000403634 0.00529143 0.00740385 -0.018441 0.00955156 0.00374835 0.0156064 -0.0155419 0.0120209 0.0172305 -0.00162226 0.0115497 0.00362688 -0.0221615 0.0159816 0.0222191 0.0088569 0.00355806 0.0105397 -0.00639612 -0.0166272 0.0320544 0.0168137 -0.00551474 -0.000688091 -0.00510969
internal_weight=593.27 589.628 586.85 10.2854 576.565 104.565 96.6505 7.91483 88.4752 46.0029 42.4723 12.9614 39.8711 28.6631 11.208 33.0415 19.7302 6.13357 13.5966 13.3113 24.2404 20.1967 17.49 10.8513 6.93841 9.39423 2.55464 1.72806 472 81.1463
internal_count=148975 116232 86374 5524 80850 2208 1866 342 1767 926 841 319 795 595 200 607 361 221 140 246 534 470 387 264 114 186 932 702 78642 6495
is_linear=0
shrinkage=0.05


Tree=184
num_leaves=31
num_cat=0
split_feature=22 10 10 1 10 0 0 10 17 1 10 10 17 17 10 10 17 10 10 10 5 0 8 5 17 17 17 0 13 10
split_gain=2.70774 2.05431 2.161 1.97524 3.1913 1.74218 1.47368 1.534 1.96821 2.52124 4.0926 3.36429 2.68249 3.42529 3.73616 2.43796 1.98295 3.06198 2.67788 1.96281 2.29832 1.75301 1.56537 1.42302 3.66193 3.34345 3.42459 1.84492 1.40028 1.29799
threshold=1.0000000180025095e-35 4.1556500000000005 4.1232500000000014 22.500000000000004 4.1648000000000005 50.500000000000007 32.500000000000007 4.1716000000000006 0.12933094384707292 31.500000000000004 4.1949500000000013 4.1891500000000006 0.12034482758620692 0.057983193277310933 4.3249500000000012 4.3066000000000004 0.16172624237140368 4.2275500000000008 4.2723500000000012 4.1753500000000008 0.058765972142281575 42.500000000000007 3.5000000000000004 0.027149877149877152 0.13069358178053833 0.12208672086720869 0.23582887700534763 35.500000000000007 1.5000000000000002 3.8667500000000001
decision_type=2 2 2 2 2 2 2 2 2 2 2 2 2 2 2 2 2 2 2 2 2 2 2 2 2 2 2 2 2 2
left_child=-1 2 29 4 -3 6 -5 21 9 15 11 -11 13 22 -15 -9 18 19 -10 -18 28 -8 -12 24 -4 -25 -27 -26 -21 -2
right_child=1 3 23 5 -6 -7 7 8 16 10 12 -13 -14 14 -16 -17 17 -19 -20 20 -22 -23 -24 25 27 26 -28 -29 -30 -31
leaf_value=0.038939854752983234 0.0029132383538256652 0.072538815281049926 -0.040742920684583628 -0.018373554250550733 0.011225557418559542 0.032546890514894372 -0.028166717639705664 0.032564148694567752 -0.029268222601870869 -0.011974348062673758 0.055138538726533272 0.072473091411193138 0.025306272415522271 -0.049597188677391137 0.019404784201637618 -0.016614564864605035 -0.025241938337799821 -0.014946790859042111 0.014429155194259899 0.055557219902190716 -0.019213357456652119 0.023823484578801502 -0.018900899843682203 0.047445596663503349 -0.026510926111111152 -0.048291298635937493 0.027875388926995794 0.012890466819997544 0.0050249994614674394 -0.0025098652275958797
leaf_weight=3.5191821251792126 179.0669236057729 1.7632426761265367 10.172352367080753 7.0942442161031058 11.527178129734237 3.941052671390934 5.6961317201057673 16.927673458128996 9.9858156021728082 1.5284281725471403 0.97656643577647517 2.0259682365285698 2.7575613172302829 7.4738374463631754 1.9596926691883707 2.3033237045383421 0.89531188886030832 7.0001156162761609 4.4186590990211689 5.2548272302665264 1.1572389283683149 1.3024553508075767 0.49759170413017273 1.9812724504590722 3.472270862774165 2.5962899785372429 1.6564110208419149 7.8508121403938276 2.0292793462795089 283.95702084484219
leaf_count=32911 45794 198 1444 793 6209 5836 551 1984 739 108 236 49 210 472 837 469 105 3158 653 325 205 120 4 202 767 214 92 493 50 43788
internal_value=0.000384464 8.86279e-05 -0.00123734 0.00663993 0.0238668 0.00370786 0.00193107 0.00409118 0.00647251 0.014175 0.000106901 0.0415039 -0.0127565 -0.0236962 -0.0347769 0.0261438 -0.00281939 0.00887465 -0.0157973 0.0264528 0.0340285 -0.0167224 0.0326087 -0.014544 -0.0204338 0.00578205 -0.0189657 -0.000362973 0.0437854 -0.00041081
internal_weight=592.789 589.27 490.753 98.5162 13.2904 85.2258 81.2847 74.1905 67.1919 36.4506 17.2196 3.5544 13.6652 10.9077 9.43353 19.231 30.7412 16.3368 14.4045 9.33666 8.44135 6.99859 1.47416 27.7294 21.4954 6.23397 4.2527 11.3231 7.28411 463.024
internal_count=149016 116105 92794 23311 6407 16904 11068 10275 9604 4369 1916 157 1759 1549 1309 2453 5235 3843 1392 685 580 671 240 3212 2704 508 306 1260 375 89582
is_linear=0
shrinkage=0.05


Tree=185
num_leaves=31
num_cat=0
split_feature=22 10 1 10 17 10 0 21 10 17 10 0 1 17 0 17 5 17 10 17 17 4 0 17 10 10 10 12 10 17
split_gain=2.50495 2.13239 1.83059 2.08196 1.69862 1.46238 1.83399 1.46159 1.5311 2.93241 1.85814 2.51175 2.42907 2.22988 3.69308 3.13318 2.86865 3.47171 2.99127 2.74972 2.0259 1.84828 2.36959 1.81926 1.63885 1.49732 1.40209 1.24457 1.23383 1.82302
threshold=1.0000000180025095e-35 4.1556500000000005 19.500000000000004 4.1753500000000008 0.29217479674796754 3.7833500000000004 24.500000000000004 1.0000000180025095e-35 4.197350000000001 0.20638945233265724 4.2275500000000008 32.500000000000007 26.500000000000004 0.07185886402753873 42.500000000000007 0.067117117117117139 0.096845246553929246 0.1283882783882784 4.2814000000000005 0.1082709215239336 0.11796331435800128 1.0000000180025095e-35 42.500000000000007 0.18245838668373884 4.2391500000000013 4.1891500000000006 4.1716000000000006 1.0000000180025095e-35 3.8494000000000006 0.30151515151515157
decision_type=2 2 2 2 2 2 2 2 2 2 2 2 2 2 2 2 2 2 2 2 2 2 2 2 2 2 2 2 2 2
left_child=-1 4 3 -3 27 -6 -7 8 9 21 11 -10 -12 15 16 -14 17 18 19 -15 -16 22 -4 -13 -17 26 -24 -2 -8 -30
right_child=1 2 7 -5 5 6 28 -9 10 -11 12 23 13 14 20 24 -18 -19 -20 -21 -22 -23 25 -25 -26 -27 -28 -29 29 -31
leaf_value=0.038607714702523881 0.032791846109253141 0.089067563686193604 0.0033269252092914276 0.0094202165504910021 -0.0058603930152446217 -0.023985340076341052 0.056834594941669286 0.033247735334299248 -0.045178052035280476 -0.031863982079176831 0.026418073101160303 -0.011147582934938347 -0.0035278273055169528 -0.011747550241571526 -0.010615507617962996 -0.010073203955402392 0.024225718876519278 -0.053135316788785684 -0.036891887219574447 0.05909402477709285 0.030652446880231662 0.045824404107514122 0.032759422342139556 0.028483044648893636 0.097931400371392405 0.062550386756012322 -0.020513950745557463 -0.0013649352032076665 0.039845152566083591 -0.012494503696756743
leaf_weight=3.3875378404045469 1.6831558206904436 0.44967446253576726 20.79885174360971 2.5465149883821141 4.5488832269256809 0.82935057463327932 2.9033484855171992 3.6805926667293525 3.627762470321616 2.4145062400930319 9.5333972988810256 12.751222363564009 2.5582448707718899 2.3734620056566222 4.2493913877915457 0.22713691875105713 2.1140695095891706 6.7315984776432742 2.70411166093254 1.5568229611453714 6.5328994326700922 3.9813185566672464 1.7045884390827262 2.6767454920918672 0.68317049849429168 2.2480324300850043 1.3674963594967264 473.46139107082126 2.3222694973228499 2.6144537685977411
leaf_count=32928 2945 117 1813 4448 946 115 206 933 334 326 3745 1007 1304 159 1763 12 1331 440 293 124 3517 730 126 238 225 79 143 88097 179 443
internal_value=0.000967248 0.000684196 0.00739503 0.0406707 -0.000668132 0.0163637 0.0274249 0.00592541 0.00446834 0.012985 -0.000418749 -0.0128463 0.00578182 -0.00147965 -0.0068003 0.0313124 -0.0218791 -0.0303501 -0.00329936 0.0226078 0.0148678 0.0174914 0.0116421 -0.00295642 0.0798165 0.0384803 0.00983134 -0.00117532 0.0349613 0.0146909
internal_weight=589.262 585.874 97.5116 2.99619 488.363 13.2183 8.66942 94.5154 90.8348 32.5148 58.32 19.0557 39.2643 29.7309 26.2624 3.46855 15.4801 13.366 6.6344 3.93028 10.7823 30.1003 26.119 15.428 0.910307 5.32012 3.07208 475.145 7.84007 4.93672
internal_count=149066 116138 23207 4565 92931 1889 943 18642 17709 3217 14492 1579 12913 9168 7627 1541 2347 1016 576 283 5280 2891 2161 1245 237 348 269 91042 828 622
is_linear=0
shrinkage=0.05


Tree=186
num_leaves=31
num_cat=0
split_feature=22 0 2 20 20 12 8 0 17 0 10 0 17 21 17 0 10 10 10 17 10 17 17 10 8 0 0 10 7 10
split_gain=2.33385 2.4987 1.71769 1.47058 1.37431 3.8144 3.06823 3.06764 2.69427 5.83528 2.57462 2.45592 2.17884 2.16014 2.09397 3.99056 2.15528 2.78789 3.14053 4.50562 3.72874 2.56676 4.01511 4.36395 4.42991 2.4922 2.26037 3.20045 2.2582 2.46655
threshold=1.0000000180025095e-35 20.500000000000004 1.0000000180025095e-35 3.5000000000000004 2.5000000000000004 2.5000000000000004 3.5000000000000004 49.500000000000007 0.052289815447710192 32.500000000000007 4.2566500000000014 31.500000000000004 0.093933823529411778 1.0000000180025095e-35 0.063164893617021281 25.500000000000004 4.0981500000000013 4.0695500000000004 4.0424500000000014 0.1283882783882784 4.0271000000000008 0.07634032634032635 0.11970149253731345 3.9793500000000006 2.5000000000000004 38.500000000000007 21.500000000000004 3.7207500000000002 1.5000000000000002 3.6819500000000005
decision_type=2 2 2 2 2 2 2 2 2 2 2 2 2 2 2 2 2 2 2 2 2 2 2 2 2 2 2 2 2 2
left_child=-1 3 4 -2 5 7 -6 13 9 11 -10 -7 -8 14 15 -3 17 18 20 -20 21 -16 23 26 -25 -18 27 -23 29 -24
right_child=1 2 -4 -5 6 8 12 -9 10 -11 -12 -13 -14 -15 16 -17 25 -19 19 -21 -22 22 28 24 -26 -27 -28 -29 -30 -31
leaf_value=0.038248984755468056 -0.026976504837478169 0.018768245435460146 0.036046682029277848 0.031339428188574589 -0.0015351425037488928 -0.010474668608292582 -0.0028000266970242072 0.040991103854379755 -0.039865378562251155 -0.033781563602832812 0.021578697411678435 0.1242846560399879 0.047278774553174585 0.037612233860279731 0.032132889464149453 -0.019548535648595294 -0.013628538286082681 0.031033531671244709 0.01896255223448385 -0.045057197266909266 0.039632647827115411 -0.027923505012580438 0.034389678163310664 0.068206154761126916 -0.018177331441053598 0.0076783874707229806 -0.028979916707203787 0.060017946064853202 0.038151057928130089 0.0035753993972504044
leaf_weight=3.2536996467242707 9.8718508065867319 8.8631392724346387 2.5826725368533507 0.36799910449917739 327.84974068694282 0.26404406887013365 3.3779412257717913 5.0259651122614732 9.4199294490972516 1.2322738859802482 1.3797473276499648 0.28583884378895164 4.591248894110322 3.9057158759096628 7.9257857810007399 21.292693886789493 25.205337072024122 12.442329400684683 3.9525522957555932 5.6109104310162365 8.3278219099156541 1.2484311182051961 6.3596964159514746 2.0536135828588149 2.2464959297794849 27.874283341225237 17.671509733248968 1.0295835877768693 5.5480223638005546 58.233100726618432
leaf_count=32872 5868 2158 29347 67 57604 114 83 330 806 69 10 30 107 23 1482 3710 1224 431 221 232 377 495 1417 115 230 300 3785 136 43 5242
internal_value=0.00134308 0.00107337 0.00152657 -0.022279 0.00130853 0.00421195 -0.00075038 0.00574362 -0.0215643 0.0255772 -0.0308519 0.0945682 0.0281061 0.00475561 0.0039905 -0.00804587 0.0059774 0.00936469 0.00688428 -0.0193077 0.00930083 0.00647232 0.00400339 -0.0131807 0.0281622 -0.00250432 -0.0230111 0.018007 0.0100462 0.00708736
internal_weight=589.294 586.04 575.8 10.2398 573.218 237.399 335.819 224.817 12.5818 1.78216 10.7997 0.549883 7.96919 219.791 215.885 30.1558 185.729 132.65 120.208 9.56346 110.644 102.316 94.3905 24.2496 4.30011 53.0796 19.9495 2.27801 70.1408 64.5928
internal_count=148928 116056 110121 5935 80774 22980 57794 21951 1029 213 816 144 190 21621 21598 5868 15730 14206 13775 453 13322 12945 11463 4761 345 1524 4416 631 6702 6659
is_linear=0
shrinkage=0.05


Tree=187
num_leaves=31
num_cat=0
split_feature=22 2 8 10 10 10 17 0 4 8 10 0 17 10 10 17 0 17 0 10 10 17 17 4 17 10 10 10 4 21
split_gain=2.37183 1.84379 1.0931 1.0274 2.10528 2.71992 1.56548 1.48723 0.912281 0.865967 0.805849 4.62688 2.8264 1.73629 0.996136 2.1007 3.5174 3.14992 2.78698 1.77253 2.31194 2.2278 6.03898 5.01917 2.56997 2.02567 1.76169 1.63468 1.61038 1.37152
threshold=1.0000000180025095e-35 1.0000000180025095e-35 1.5000000000000002 3.4921500000000005 3.4034000000000004 3.3507000000000002 0.098746324098436783 17.500000000000004 8.5000000000000018 4.5000000000000009 3.5365000000000006 21.500000000000004 0.098746324098436783 3.5580500000000002 3.6428000000000007 0.07634032634032635 25.500000000000004 0.070505385252692634 27.500000000000004 3.6962500000000005 3.6819500000000005 0.1856158484065461 0.10501253132832082 1.0000000180025095e-35 0.13536417773705914 3.6539000000000006 3.7084000000000006 3.6370000000000005 3.5000000000000004 1.0000000180025095e-35
decision_type=2 2 2 2 2 2 2 2 2 2 2 2 2 2 2 2 2 2 2 2 2 2 2 2 2 2 2 2 2 2
left_child=-1 2 -2 4 5 7 -7 -4 9 10 11 12 -5 -12 15 17 28 -15 27 20 21 22 23 -16 25 -24 -21 -18 29 -17
right_child=1 -3 3 8 -6 6 -8 -9 -10 -11 13 -13 -14 14 19 16 18 -19 -20 26 -22 -23 24 -25 -26 -27 -28 -29 -30 -31
leaf_value=0.037929836017297186 0.032150520940081494 0.035902364380425315 0.029793973048042263 -0.014649558717989154 -0.035162837868334816 -0.015069596376743053 0.063584834043477978 -0.035197645650942667 0.03089849259942062 0.026058932038507635 -0.036022650458198295 -0.01959522579317776 0.10226160231963316 0.0095596196911817491 -0.036502827588943125 -0.035494165149516262 0.075343055738638559 0.084498195369300644 -0.014683371911519595 0.02424354833977355 -0.035238891873237532 -0.037679948388313268 -0.010924694602749986 0.044281181522595109 0.006137754474562644 0.09989098070838065 -0.00048361515595332356 -0.012663398196410935 0.025469923916227467 0.024891189372085388
leaf_weight=3.1413125414328524 1.5899839935591433 2.5460306814857168 0.35309901344589745 0.41219680162612282 5.0725140732247382 0.42800979083403934 1.2780238264240322 2.3147685826406814 1.3606186506804068 2.1113073313608757 2.4313319617067455 2.5111321008298546 0.80777512368513271 5.3822654291288954 6.3810953783104214 6.3623851225711388 1.7019189416896559 1.0630996410036457 1.4637010088190434 6.3046922691864884 7.402298090979456 2.4235008147079489 0.27624584850855116 1.6709015767555682 1.9502149253385139 1.4620943923946468 517.18043379671872 0.33653072221204627 0.81450465880334366 0.36376066040247668
leaf_count=32948 231 29979 58 185 2494 204 146 875 297 54 1163 804 211 1435 2102 3708 257 213 217 1500 2334 742 81 58 745 382 65679 81 9 12
internal_value=0.000223587 -4.29241e-05 -0.000261031 -0.000404665 -0.0159439 0.00874046 0.0455753 -0.0208181 -0.000120748 -0.000248594 -0.000391831 0.0201595 0.073955 -0.000562932 -0.000346023 0.0110692 -0.00254845 0.031609 0.0334219 -0.000731886 -0.0144525 -0.00198175 0.00776622 -0.0166991 0.053344 0.0847223 -0.000140153 0.061428 -0.0212116 -0.0294294
internal_weight=588.898 585.756 583.21 581.62 9.44642 4.3739 1.70603 2.66787 572.174 570.813 568.702 3.7311 1.21997 564.971 562.54 17.4882 11.0428 6.44537 3.50215 545.051 21.5664 14.1641 11.7406 8.052 3.68856 1.73834 523.485 2.03845 7.54065 6.72615
internal_count=149204 116256 86277 86046 3777 1283 350 933 82269 81972 81918 1200 396 80718 79555 5932 4284 1648 555 73623 6444 4110 3368 2160 1208 463 67179 338 3729 3720
is_linear=0
shrinkage=0.05


Tree=188
num_leaves=31
num_cat=0
split_feature=2 22 8 0 5 0 8 17 17 17 8 17 4 0 7 4 8 0 5 0 5 0 17 5 17 0 8 0 17 20
split_gain=2.09072 1.61466 0.916231 0.85307 0.801471 0.799699 0.777 0.754013 3.27652 2.49569 3.52574 1.99063 1.96354 1.81376 2.48419 1.67553 1.65021 1.59626 1.33172 1.61077 1.33155 1.33068 1.38309 1.38615 1.21213 1.13833 1.24484 1.07398 1.02123 1.64828
threshold=1.0000000180025095e-35 1.0000000180025095e-35 1.5000000000000002 53.500000000000007 0.31929669030732866 51.500000000000007 4.5000000000000009 0.07185886402753873 0.093933823529411778 0.09699820788530468 2.5000000000000004 0.087595907928388769 1.5000000000000002 24.500000000000004 1.0000000180025095e-35 3.5000000000000004 2.5000000000000004 20.500000000000004 0.14118503296515114 22.500000000000004 0.037210107303565255 24.500000000000004 0.2965856481481482 0.13259159085320879 0.26726190476190481 23.500000000000004 2.5000000000000004 39.500000000000007 0.056470900876959877 2.5000000000000004
decision_type=2 2 2 2 2 2 2 2 2 2 2 2 2 2 2 2 2 2 2 2 2 2 2 2 2 2 2 2 2 2
left_child=1 -1 -3 4 5 6 7 13 11 10 -10 12 -9 14 16 -13 17 -4 19 -19 28 25 24 -24 -23 26 -11 -26 29 -15
right_child=-2 2 3 -5 -6 -7 -8 8 9 21 -12 15 -14 20 -16 -17 -18 18 -20 -21 -22 22 23 -25 27 -27 -28 -29 -30 -31
leaf_value=0.035493582673811773 0.037559775366764137 0.031390106188482494 -0.0061402371186102134 0.026453182343038978 -0.030560472962340008 -0.02409670863130732 0.026212576370973101 -0.0085624990996829142 0.033881244112306939 0.0016446160926368164 -0.02279843820652893 -0.028021722538449867 0.021651696596815283 -0.013850420222646223 -0.032298422586634817 0.027911618127813342 -0.026190875472720448 0.00086232162816173063 0.065016463568483701 0.030383153268848984 -0.021840268299569528 0.0019719780779524363 0.030138023977572016 -0.017152014931623726 -0.023320307730097158 -0.01910375033265654 -0.033213756476286348 0.024664206444933889 0.0087929140358644353 0.0053478523049999456
leaf_weight=2.4459912008751408 3.0183929473569142 1.4968825950054441 3.9741916579078049 2.2818985282210624 1.0205069314688433 2.161171667976304 2.0718557580839834 40.656458993151318 11.165698221884666 26.918251505238008 2.77770428569056 16.517639442405201 5.2060429197736076 17.826741211581975 1.6687491196207691 0.66432682797312637 1.0921025191782963 6.6770984890172302 1.348123513162135 14.452849231194705 5.0219982182607046 328.5502816864755 6.6056205253116778 1.2491151196882126 6.8297982079675412 12.892930990667081 1.8223703553085204 0.53347798250615586 35.091368680354208 26.626290798187256
leaf_count=24239 38546 223 1862 338 20 28 53 6803 1150 9041 207 3329 81 3115 303 5 616 995 8 2631 167 38719 638 22 724 3473 735 7 6635 4462
internal_value=0.0016106 0.00136246 0.00115949 0.00102841 0.000883383 0.000991138 0.00112634 0.000990875 9.02765e-05 0.00176989 0.0218199 -0.0104105 -0.00474392 0.00461815 0.0151345 -0.0244429 0.019039 0.0217924 0.0267821 0.021515 0.00085091 0.000989908 0.00201798 0.0215299 0.00149918 -0.00734712 -0.00160813 -0.0173104 0.00253688 -0.00248646
internal_weight=590.666 587.648 585.202 583.705 581.423 580.402 578.241 576.169 462.39 399.345 13.9434 63.0445 45.8625 113.78 29.2131 17.182 27.5444 26.4523 22.4781 21.1299 84.5664 385.402 343.768 7.85474 335.914 41.6336 28.7406 7.36328 79.5444 44.453
internal_count=149175 110629 86390 86167 85829 85809 85781 85728 64934 54716 1357 10218 6884 20794 6415 3334 6112 5496 3634 3626 14379 53359 40110 660 39450 13249 9776 731 14212 7577
is_linear=0
shrinkage=0.05


Tree=189
num_leaves=31
num_cat=0
split_feature=2 10 10 10 20 10 17 17 17 20 17 1 1 17 7 17 20 10 17 10 1 17 17 17 10 10 10 10 1 17
split_gain=2.0804 1.10715 2.72864 2.30249 2.2994 1.8344 3.80279 3.71868 2.90681 2.61655 2.50657 2.46334 3.8861 2.34529 2.60315 1.89559 1.65478 2.81693 5.23104 2.08479 2.02618 2.22087 5.28889 3.01911 2.50446 3.17611 2.32985 2.21443 3.04378 2.15117
threshold=1.0000000180025095e-35 3.8730000000000007 3.8797500000000005 3.8441500000000004 3.5000000000000004 3.8544000000000005 0.10501253132832082 0.055175038051750384 0.15331196581196585 2.5000000000000004 0.22996794871794876 27.500000000000004 19.500000000000004 0.11451990632318503 1.0000000180025095e-35 0.11970149253731345 3.5000000000000004 3.8313500000000005 0.29217479674796754 3.8313500000000005 12.500000000000002 0.17595459236326114 0.18490028490028493 0.15331196581196585 3.6370000000000005 3.6069500000000008 3.7819500000000006 3.8275000000000001 20.500000000000004 0.26598639455782319
decision_type=2 2 2 2 2 2 2 2 2 2 2 2 2 2 2 2 2 2 2 2 2 2 2 2 2 2 2 2 2 2
left_child=1 3 -3 16 5 8 7 -7 11 15 -10 12 -5 -11 -15 -8 17 20 -19 -18 -1 23 -23 27 25 29 -26 -22 -29 -24
right_child=-2 2 -4 4 -6 6 9 -9 10 13 -12 -13 -14 14 -16 -17 19 18 -20 -21 21 22 24 -25 26 -27 -28 28 -30 -31
leaf_value=-0.019595609349485506 0.037181093304062246 -0.030350267042063447 -0.00036275843528716387 0.012038256968065358 -0.031807263737030182 0.029927711100403917 -0.017702113851929418 -0.042098509258015858 -0.033063288422822704 0.050513135319001971 0.0400141329471344 -0.019610790734270165 0.095278046220194063 -0.022223478779455685 0.039306220633925013 0.055956144173270717 0.0090916053164788527 -0.034669294653844017 0.071336638646770353 0.068558303998872167 0.0015017467684948203 0.052291793445066882 -0.030983251022389247 -0.023374402499426458 -0.017723641837614431 0.075152888085600014 0.013243803010143712 0.0905261853240895 -0.01869640303672589 0.029929669811966708
leaf_weight=9.3237340715786541 2.8997461231192565 6.7359311907275687 392.69314718637179 2.6921713416013571 1.4833003265812283 1.813492333676552 0.54173479228483934 4.4949569102245732 1.8890475051302931 1.1914476365273001 0.98334824626363104 0.56984009376174061 2.9311678247395321 5.9719972177117597 1.3065846581812364 5.1662748018425191 9.6220924720473668 9.6229682567791279 0.36961209362925806 0.84546737673372341 76.965190739421814 6.2190429345864677 1.6773694481962622 11.651558245415798 12.206439655521537 1.541212750264094 10.290282197223858 0.59784667158237315 0.58914175505924504 2.1666281186626293
leaf_count=6820 38454 1848 51827 561 161 422 135 1324 401 221 118 27 450 1833 117 562 1344 2676 55 74 26066 1846 792 4196 3731 308 1899 187 103 571
internal_value=0.000781842 0.000537923 -0.000942996 0.00372796 0.0159233 0.0192817 0.0101012 -0.0201312 0.0369632 0.023993 -0.00417299 0.0539699 0.0632613 0.00490157 -0.00776448 0.0473686 0.00117826 -0.000283116 -0.0246154 0.0194544 0.00171168 0.00345908 0.0141238 -0.000701545 0.00409467 0.0317612 -0.00359795 0.00293131 0.0525543 0.00244065
internal_weight=587.053 584.153 399.429 184.724 31.0354 29.5521 20.4865 6.30845 9.06558 14.178 2.8724 6.19318 5.62334 8.47003 7.27858 5.70801 153.689 143.221 9.99258 10.4676 133.228 123.905 34.101 89.8037 27.8819 5.38521 22.4967 78.1522 1.18699 3.844
internal_count=149129 110675 53675 57000 6332 6171 4614 1746 1557 2868 519 1038 1011 2171 1950 697 50668 49250 2731 1418 46519 39699 9147 30552 7301 1671 5630 26356 290 1363
is_linear=0
shrinkage=0.05


Tree=190
num_leaves=31
num_cat=0
split_feature=22 2 17 21 0 10 17 20 4 7 0 10 0 8 10 7 0 10 17 10 10 17 10 5 5 4 7 0 0 0
split_gain=2.06154 1.52247 1.23889 1.8152 1.81317 1.68165 1.91664 1.26767 1.62432 1.64539 1.31288 1.45678 1.35222 1.36501 1.17852 1.59043 1.36802 1.19824 3.64083 2.89824 2.75365 3.89594 2.40812 2.38226 3.77283 2.22991 2.16294 2.24401 2.1141 2.60288
threshold=1.0000000180025095e-35 1.0000000180025095e-35 0.21498599439775914 1.0000000180025095e-35 22.500000000000004 3.5112000000000001 0.28436657681940708 2.5000000000000004 1.0000000180025095e-35 1.0000000180025095e-35 23.500000000000004 3.7286000000000006 39.500000000000007 3.5000000000000004 3.4615500000000003 1.0000000180025095e-35 17.500000000000004 3.8544000000000005 0.20881782945736438 3.6844000000000006 3.8441500000000004 0.15331196581196585 3.8036000000000008 0.11946244871261226 0.1924501424501425 1.0000000180025095e-35 1.0000000180025095e-35 25.500000000000004 35.500000000000007 27.500000000000004
decision_type=2 2 2 2 2 2 2 2 2 2 2 2 2 2 2 2 2 2 2 2 2 2 2 2 2 2 2 2 2 2
left_child=-1 2 14 4 -4 6 -6 8 9 -7 11 -9 13 -12 15 16 -2 18 20 -20 -16 28 25 -19 -25 -21 -26 -28 29 -22
right_child=1 -3 3 -5 5 7 -8 10 -10 -11 12 -13 -14 -15 17 -17 -18 23 19 22 21 -23 -24 24 26 -27 27 -29 -30 -31
leaf_value=0.037171129569051074 0.024202720557411943 0.034707051701126639 -0.038783104466247553 0.025400475352088961 0.075933950490037233 -0.014332179933099626 -0.016595127996667926 0.049423097046547154 0.017787966382627134 0.017671403695033682 -0.02398465818222683 -0.0088838623898247308 0.018725023742804731 0.033182130986395858 0.0020751632577644965 0.037821034217794119 -0.0342720332939302 0.00089718749721301146 -0.019502123796331174 0.10646051655397276 0.012400768734022065 -0.023102170177741334 -0.013813119274259321 -0.036102333087593606 0.0441922426143255 -0.01030196012472611 -0.061385507425870317 0.023710392821049465 -0.018961796029552374 0.078605299214860924
leaf_weight=2.8965458954917258 0.45658480364363541 2.2689928723375479 3.5201177233248009 3.3391557326540342 0.31759202515240659 16.537659191293649 0.46754778095055372 0.66617061896249952 8.2308927052654308 4.2914687851443878 21.825963602052077 2.3422490895027295 1.4916859213262785 0.25013501662760873 120.70083634386538 0.22035991877783079 5.2580850629601628 368.76194396533538 0.64089866681024377 1.5483344271779063 2.8963908795267326 2.0635738805867732 0.38606952130794514 9.1925604605348763 2.1532872692914675 0.29083773819729675 0.50178023427724816 0.80195668956730515 0.63951930962502945 3.4276852267794311
leaf_count=32887 92 29845 1262 60 62 1051 65 300 86 83 4937 373 52 3 31036 26 2449 41934 225 467 406 308 100 183 27 11 3 267 22 374
internal_value=0.000921406 0.000678998 0.000487433 -0.00606274 -0.0082035 -0.00565346 0.0424033 -0.00706836 0.000211364 -0.00723094 -0.0147474 0.0131362 -0.0186966 -0.0219271 0.00129475 -0.0191879 -0.0266914 0.00156805 0.00564318 0.0535035 0.00418459 0.0293696 0.0740574 0.000140317 -0.0203733 0.0908712 0.0201678 -0.0214705 0.0458674 0.0541171
internal_weight=588.387 585.49 583.221 63.2806 59.9415 56.4214 0.78514 55.6362 29.06 20.8291 26.5762 3.00842 23.5678 22.0761 519.941 5.93503 5.71467 514.006 132.594 2.86614 129.728 9.02717 2.22524 381.412 12.6496 1.83917 3.45702 1.30374 6.9636 6.32408
internal_count=148996 116109 86264 8334 8274 7012 127 6885 1220 1134 5665 673 4992 4940 77930 2567 2541 75363 32949 803 32146 1110 578 42414 480 478 297 270 802 780
is_linear=0
shrinkage=0.05


Tree=191
num_leaves=31
num_cat=0
split_feature=22 2 21 20 0 0 17 5 10 17 4 5 4 10 10 10 10 0 7 10 17 10 17 10 0 20 10 0 17 7
split_gain=1.98643 1.46957 0.941493 1.417 1.19749 1.92083 1.02318 0.915896 1.85201 1.65759 1.83671 1.63398 2.00584 2.15872 2.37345 3.38758 1.47939 2.09216 2.99256 1.22569 1.87077 1.44423 1.20077 1.79023 1.19203 2.44204 2.43054 1.78932 2.46086 2.83698
threshold=1.0000000180025095e-35 1.0000000180025095e-35 1.0000000180025095e-35 3.5000000000000004 36.500000000000007 30.500000000000004 0.035929432013769365 0.062678571428571445 4.3454500000000005 0.1082709215239336 3.5000000000000004 0.26100803101633901 3.5000000000000004 4.1069500000000012 3.9304500000000004 3.7833500000000004 4.2928500000000005 35.500000000000007 1.0000000180025095e-35 4.2456000000000005 0.082272360999194202 4.2201500000000012 0.17974358974358975 3.8796000000000004 31.500000000000004 5.5000000000000009 3.6757000000000004 30.500000000000004 0.14971264367816095 1.0000000180025095e-35
decision_type=2 2 2 2 2 2 2 2 2 2 2 2 2 2 2 2 2 2 2 2 2 2 2 2 2 2 2 2 2 2
left_child=-1 2 7 6 5 -5 -4 8 16 10 -9 12 13 14 15 -11 19 -18 -19 21 -21 24 23 -17 27 26 -26 28 -2 -30
right_child=1 -3 3 4 -6 -7 -8 9 -10 11 -12 -13 -14 -15 -16 22 17 18 -20 20 -22 -23 -24 -25 25 -27 -28 -29 29 -31
leaf_value=0.036806809058348759 -0.0060826485977477649 0.034329263663042418 -0.0014222038286117737 -0.015784135119878456 -0.035835359620184255 0.028758064868960806 0.020011415728157518 0.0054311329062520959 -0.032434392683256388 -0.031036890458444724 0.040448615694316341 0.034042028121218738 -0.013190780229554055 0.029013596812399373 -0.022676839186060099 0.0034462547706785619 0.051705201165133913 0.031678782548073429 -0.029761317704835602 0.017821550634133466 -0.025956344318223652 0.017330241444639082 0.0060821391749529977 0.089381706645812992 0.048939054637770082 0.052858837686638661 0.00052031189997939404 -0.016090937775719103 0.0011659147982189804 0.028232759616808524
leaf_weight=2.7890094734866571 134.24800635321299 2.1902166408508483 7.6035604204516885 5.1612898274324817 1.7884407271631051 2.9909165347926319 18.582798955496401 10.171306272502987 3.6183491712436071 1.5605948995798842 5.2958214360987759 2.3263816042453973 19.957924016169272 7.0476931706070891 6.6389679135754704 1.0003021326847377 2.2259001303464157 3.0015238882042468 2.9285572580993176 2.4158144728280595 9.356218222063033 9.9959301562048477 1.8326952713541684 0.95056192344054569 1.6236539483070362 1.3040359441656608 216.65555217117071 24.075674428953789 69.914682639529929 10.255609039333647
leaf_count=32857 41765 29823 47 350 25 73 170 287 78 160 127 209 304 90 247 62 78 73 35 82 468 402 122 41 91 25 14580 4452 20871 1101
internal_value=0.000719387 0.000485509 0.000300284 0.00800601 -0.00753195 0.00191434 0.0139645 -0.000220994 -0.000919145 0.00573488 0.0191491 0.000379163 -0.0024305 0.00894916 -0.00417724 0.0187565 -0.000619621 0.0192923 0.00142053 -0.000997484 -0.0162805 -0.00057923 0.0414894 0.0614187 -0.00100694 0.00164762 0.00110201 -0.00344769 -0.00195995 0.00493355
internal_weight=589.508 586.719 584.529 36.127 9.94065 8.15221 26.1864 548.402 491.62 56.7822 15.4671 41.3151 38.9887 19.0308 11.9831 5.34415 488.001 8.15598 5.93008 479.845 11.772 468.073 3.78356 1.95086 458.077 219.583 218.279 238.494 214.418 80.1703
internal_count=149095 116238 86415 665 448 423 217 85750 84101 1649 414 1235 1026 722 632 385 84023 186 108 83837 550 83287 225 103 82885 14696 14671 68189 63737 21972
is_linear=0
shrinkage=0.05


end of trees

feature_importances:
entropy=1161
url_length=897
homoglyph_char_ratio=885
tld_length=440
dot_count=437
hyphen_count=401
digit_ratio=330
digit_count=274
is_suspicious_tld=237
uses_https=181
hostname_length=174
path_length=167
subdomain_count=60
brand_token_in_subdomain_or_path=27
slash_count=20
hostname_hyphen_count=14
hostname_digit_count=8

parameters:
[boosting: gbdt]
[objective: binary]
[metric: binary_logloss]
[tree_learner: serial]
[device_type: cpu]
[data_sample_strategy: bagging]
[data: ]
[valid: ]
[num_iterations: 1500]
[learning_rate: 0.05]
[num_leaves: 31]
[num_threads: 2]
[seed: 42]
[deterministic: 1]
[force_col_wise: 1]
[force_row_wise: 0]
[histogram_pool_size: -1]
[max_depth: -1]
[min_data_in_leaf: 50]
[min_sum_hessian_in_leaf: 0.001]
[bagging_fraction: 0.9]
[pos_bagging_fraction: 1]
[neg_bagging_fraction: 1]
[bagging_freq: 1]
[bagging_seed: 400]
[bagging_by_query: 0]
[feature_fraction: 0.9]
[feature_fraction_bynode: 1]
[feature_fraction_seed: 30056]
[extra_trees: 0]
[extra_seed: 12879]
[early_stopping_round: 0]
[early_stopping_min_delta: 0]
[first_metric_only: 0]
[max_delta_step: 0]
[lambda_l1: 0]
[lambda_l2: 1]
[linear_lambda: 0]
[min_gain_to_split: 0]
[drop_rate: 0.1]
[max_drop: 50]
[skip_drop: 0.5]
[xgboost_dart_mode: 0]
[uniform_drop: 0]
[drop_seed: 17869]
[top_rate: 0.2]
[other_rate: 0.1]
[min_data_per_group: 100]
[max_cat_threshold: 32]
[cat_l2: 10]
[cat_smooth: 10]
[max_cat_to_onehot: 4]
[top_k: 20]
[monotone_constraints: ]
[monotone_constraints_method: basic]
[monotone_penalty: 0]
[feature_contri: ]
[forcedsplits_filename: ]
[refit_decay_rate: 0.9]
[cegb_tradeoff: 1]
[cegb_penalty_split: 0]
[cegb_penalty_feature_lazy: ]
[cegb_penalty_feature_coupled: ]
[path_smooth: 0]
[interaction_constraints: ]
[verbosity: -1]
[saved_feature_importance_type: 0]
[use_quantized_grad: 0]
[num_grad_quant_bins: 4]
[quant_train_renew_leaf: 0]
[stochastic_rounding: 1]
[linear_tree: 0]
[max_bin: 255]
[max_bin_by_feature: ]
[min_data_in_bin: 3]
[bin_construct_sample_cnt: 200000]
[data_random_seed: 175]
[is_enable_sparse: 1]
[enable_bundle: 1]
[use_missing: 1]
[zero_as_missing: 0]
[feature_pre_filter: 1]
[pre_partition: 0]
[two_round: 0]
[header: 0]
[label_column: ]
[weight_column: ]
[group_column: ]
[ignore_column: ]
[categorical_feature: ]
[forcedbins_filename: ]
[precise_float_parser: 0]
[parser_config_file: ]
[objective_seed: 16083]
[num_class: 1]
[is_unbalance: 0]
[scale_pos_weight: 1]
[sigmoid: 1]
[boost_from_average: 1]
[reg_sqrt: 0]
[alpha: 0.9]
[fair_c: 1]
[poisson_max_delta_step: 0.7]
[tweedie_variance_power: 1.5]
[lambdarank_truncation_level: 30]
[lambdarank_norm: 1]
[label_gain: ]
[lambdarank_position_bias_regularization: 0]
[eval_at: ]
[multi_error_top_k: 1]
[auc_mu_weights: ]
[num_machines: 1]
[local_listen_port: 12400]
[time_out: 120]
[machine_list_filename: ]
[machines: ]
[gpu_platform_id: -1]
[gpu_device_id: -1]
[gpu_device_id_list: ]
[gpu_use_dp: 0]
[num_gpu: 1]

end of parameters

pandas_categorical:[]
